urban_system_id,city,country_code,measure_type,indicator,display_name,dimension,geo_level,raw_value,unit,percentile_score,observation_year,data_age_years,staleness_status,direction,source,source_geo_code
AT001,Wien,AT,indicator,pm25,Mean PM2.5 population exposure,Environment,fua,28.741935554418838,MCG_M3 (ug/m3),50.66,2025,,,higher=worse,OECD,
AT001,Wien,AT,indicator,green_area,Green area per inhabitant (urban centre),Environment,fua,83,M2_PS (m2/person),15.33,2021,,,higher=better,OECD,
AT001,Wien,AT,indicator,public_transport_access,Population with access to public transport (15-minute walk),Mobility,fua,66.4,PT_POP (% population),3.71,2023,,,higher=better,OECD,
AT001,Wien,AT,indicator,employment_rate,Employment rate (15-64),Economic Opportunity,fua,68.2,PT_POP_SUB (% of working-age population),36.16,2024,,,higher=better,OECD,
AT001,Wien,AT,indicator,unemployment_rate,Unemployment rate (15-64),Economic Opportunity,fua,,PT_LF_SUB (% of labour force),,,,,higher=worse,OECD,
AT001,Wien,AT,composite,environment_score,Environment composite score,Environment,fua (composite),,score (0-100),32.99,,,,,derived (V1 approved composites),
AT001,Wien,AT,composite,mobility_score,Mobility composite score,Mobility,fua (composite),,score (0-100),3.71,,,,,derived (V1 approved composites),
AT001,Wien,AT,composite,economic_opportunity_score,Economic Opportunity composite score,Economic Opportunity,fua (composite),,score (0-100),,,,,,derived (V1 approved composites),
AT001,Wien,AT,perception_dimension,perceived_safety,Perceived safety (safe walking at night after dark),Safety,city_core,76.8,"PC (sum of response-category shares, % of respondents)",70.0,2023,,,higher=better,Eurostat,AT001C
AT001,Wien,AT,perception_dimension,community,Trust / community (generalised trust),Community,city_core,66.3,"PC (sum of response-category shares, % of respondents)",58.75,2023,,,higher=better,Eurostat,AT001C
AT001,Wien,AT,perception_dimension,life_satisfaction,Life satisfaction (the life you lead),Life Balance,city_core,86.4,"PC (sum of response-category shares, % of respondents)",69.38,2023,,,higher=better,Eurostat,AT001C
AT001,Wien,AT,perception_dimension,housing_satisfaction,Housing satisfaction (easy to find good housing at a reasonable price),Housing,city_core,22.0,"PC (sum of response-category shares, % of respondents)",30.0,2023,,,higher=better,Eurostat,AT001C
AT001,Wien,AT,context,population,Population (total),Context,fua,3231239,PS (persons),,2025,,,neutral (context),OECD,
AT001,Wien,AT,context,commuting_public_transport,Commuting mode share - public transport,Mobility (context),fua,,PT_WR (% of workers),,,,,higher=better,OECD,
AT001,Wien,AT,context,commuting_bike,Commuting mode share - bicycle,Mobility (context),fua,,PT_WR (% of workers),,,,,higher=better,OECD,
AT001,Wien,AT,context,commuting_walk,Commuting mode share - walking,Mobility (context),fua,,PT_WR (% of workers),,,,,higher=better,OECD,
AT001,Wien,AT,context,commuting_car,Commuting mode share - car,Mobility (context),fua,,PT_WR (% of workers),,,,,higher=worse,OECD,
BE001,Bruxelles,BE,indicator,pm25,Mean PM2.5 population exposure,Environment,fua,23.695006059515492,MCG_M3 (ug/m3),80.06,2025,,,higher=worse,OECD,
BE001,Bruxelles,BE,indicator,green_area,Green area per inhabitant (urban centre),Environment,fua,87,M2_PS (m2/person),17.66,2021,,,higher=better,OECD,
BE001,Bruxelles,BE,indicator,public_transport_access,Population with access to public transport (15-minute walk),Mobility,fua,96.6,PT_POP (% population),66.84,2023,,,higher=better,OECD,
BE001,Bruxelles,BE,indicator,employment_rate,Employment rate (15-64),Economic Opportunity,fua,,PT_POP_SUB (% of working-age population),,,,,higher=better,OECD,
BE001,Bruxelles,BE,indicator,unemployment_rate,Unemployment rate (15-64),Economic Opportunity,fua,,PT_LF_SUB (% of labour force),,,,,higher=worse,OECD,
BE001,Bruxelles,BE,composite,environment_score,Environment composite score,Environment,fua (composite),,score (0-100),48.86,,,,,derived (V1 approved composites),
BE001,Bruxelles,BE,composite,mobility_score,Mobility composite score,Mobility,fua (composite),,score (0-100),66.84,,,,,derived (V1 approved composites),
BE001,Bruxelles,BE,composite,economic_opportunity_score,Economic Opportunity composite score,Economic Opportunity,fua (composite),,score (0-100),,,,,,derived (V1 approved composites),
BE001,Bruxelles,BE,perception_dimension,perceived_safety,Perceived safety (safe walking at night after dark),Safety,city_core,58.6,"PC (sum of response-category shares, % of respondents)",21.25,2023,,,higher=better,Eurostat,BE001C
BE001,Bruxelles,BE,perception_dimension,community,Trust / community (generalised trust),Community,city_core,52.8,"PC (sum of response-category shares, % of respondents)",26.25,2023,,,higher=better,Eurostat,BE001C
BE001,Bruxelles,BE,perception_dimension,life_satisfaction,Life satisfaction (the life you lead),Life Balance,city_core,85.8,"PC (sum of response-category shares, % of respondents)",58.13,2023,,,higher=better,Eurostat,BE001C
BE001,Bruxelles,BE,perception_dimension,housing_satisfaction,Housing satisfaction (easy to find good housing at a reasonable price),Housing,city_core,17.1,"PC (sum of response-category shares, % of respondents)",18.75,2023,,,higher=better,Eurostat,BE001C
BE001,Bruxelles,BE,context,population,Population (total),Context,fua,3654721,PS (persons),,2025,,,neutral (context),OECD,
BE001,Bruxelles,BE,context,commuting_public_transport,Commuting mode share - public transport,Mobility (context),fua,13,PT_WR (% of workers),,2011,,stale_commuting_context,higher=better,OECD,
BE001,Bruxelles,BE,context,commuting_bike,Commuting mode share - bicycle,Mobility (context),fua,4.1,PT_WR (% of workers),,2011,,stale_commuting_context,higher=better,OECD,
BE001,Bruxelles,BE,context,commuting_walk,Commuting mode share - walking,Mobility (context),fua,3.5,PT_WR (% of workers),,2011,,stale_commuting_context,higher=better,OECD,
BE001,Bruxelles,BE,context,commuting_car,Commuting mode share - car,Mobility (context),fua,74.1,PT_WR (% of workers),,2011,,stale_commuting_context,higher=worse,OECD,
BE002,Antwerpen,BE,indicator,pm25,Mean PM2.5 population exposure,Environment,fua,23.506325325814366,MCG_M3 (ug/m3),81.09,2025,,,higher=worse,OECD,
BE002,Antwerpen,BE,indicator,green_area,Green area per inhabitant (urban centre),Environment,fua,194,M2_PS (m2/person),78.09,2021,,,higher=better,OECD,
BE002,Antwerpen,BE,indicator,public_transport_access,Population with access to public transport (15-minute walk),Mobility,fua,89,PT_POP (% population),27.45,2023,,,higher=better,OECD,
BE002,Antwerpen,BE,indicator,employment_rate,Employment rate (15-64),Economic Opportunity,fua,,PT_POP_SUB (% of working-age population),,,,,higher=better,OECD,
BE002,Antwerpen,BE,indicator,unemployment_rate,Unemployment rate (15-64),Economic Opportunity,fua,,PT_LF_SUB (% of labour force),,,,,higher=worse,OECD,
BE002,Antwerpen,BE,composite,environment_score,Environment composite score,Environment,fua (composite),,score (0-100),79.59,,,,,derived (V1 approved composites),
BE002,Antwerpen,BE,composite,mobility_score,Mobility composite score,Mobility,fua (composite),,score (0-100),27.45,,,,,derived (V1 approved composites),
BE002,Antwerpen,BE,composite,economic_opportunity_score,Economic Opportunity composite score,Economic Opportunity,fua (composite),,score (0-100),,,,,,derived (V1 approved composites),
BE002,Antwerpen,BE,perception_dimension,perceived_safety,Perceived safety (safe walking at night after dark),Safety,city_core,71.5,"PC (sum of response-category shares, % of respondents)",55.0,2023,,,higher=better,Eurostat,BE002C
BE002,Antwerpen,BE,perception_dimension,community,Trust / community (generalised trust),Community,city_core,64.5,"PC (sum of response-category shares, % of respondents)",45.0,2023,,,higher=better,Eurostat,BE002C
BE002,Antwerpen,BE,perception_dimension,life_satisfaction,Life satisfaction (the life you lead),Life Balance,city_core,90.9,"PC (sum of response-category shares, % of respondents)",95.62,2023,,,higher=better,Eurostat,BE002C
BE002,Antwerpen,BE,perception_dimension,housing_satisfaction,Housing satisfaction (easy to find good housing at a reasonable price),Housing,city_core,28.1,"PC (sum of response-category shares, % of respondents)",45.0,2023,,,higher=better,Eurostat,BE002C
BE002,Antwerpen,BE,context,population,Population (total),Context,fua,1268760,PS (persons),,2025,,,neutral (context),OECD,
BE002,Antwerpen,BE,context,commuting_public_transport,Commuting mode share - public transport,Mobility (context),fua,4.7,PT_WR (% of workers),,2011,,stale_commuting_context,higher=better,OECD,
BE002,Antwerpen,BE,context,commuting_bike,Commuting mode share - bicycle,Mobility (context),fua,18.7,PT_WR (% of workers),,2011,,stale_commuting_context,higher=better,OECD,
BE002,Antwerpen,BE,context,commuting_walk,Commuting mode share - walking,Mobility (context),fua,2.8,PT_WR (% of workers),,2011,,stale_commuting_context,higher=better,OECD,
BE002,Antwerpen,BE,context,commuting_car,Commuting mode share - car,Mobility (context),fua,67.3,PT_WR (% of workers),,2011,,stale_commuting_context,higher=worse,OECD,
BE003,Gent,BE,indicator,pm25,Mean PM2.5 population exposure,Environment,fua,25.66354079758271,MCG_M3 (ug/m3),68.69,2025,,,higher=worse,OECD,
BE003,Gent,BE,indicator,green_area,Green area per inhabitant (urban centre),Environment,fua,221,M2_PS (m2/person),87.48,2021,,,higher=better,OECD,
BE003,Gent,BE,indicator,public_transport_access,Population with access to public transport (15-minute walk),Mobility,fua,93.3,PT_POP (% population),40.98,2023,,,higher=better,OECD,
BE003,Gent,BE,indicator,employment_rate,Employment rate (15-64),Economic Opportunity,fua,,PT_POP_SUB (% of working-age population),,,,,higher=better,OECD,
BE003,Gent,BE,indicator,unemployment_rate,Unemployment rate (15-64),Economic Opportunity,fua,,PT_LF_SUB (% of labour force),,,,,higher=worse,OECD,
BE003,Gent,BE,composite,environment_score,Environment composite score,Environment,fua (composite),,score (0-100),78.09,,,,,derived (V1 approved composites),
BE003,Gent,BE,composite,mobility_score,Mobility composite score,Mobility,fua (composite),,score (0-100),40.98,,,,,derived (V1 approved composites),
BE003,Gent,BE,composite,economic_opportunity_score,Economic Opportunity composite score,Economic Opportunity,fua (composite),,score (0-100),,,,,,derived (V1 approved composites),
BE003,Gent,BE,context,population,Population (total),Context,fua,703869,PS (persons),,2025,,,neutral (context),OECD,
BE003,Gent,BE,context,commuting_public_transport,Commuting mode share - public transport,Mobility (context),fua,3.2,PT_WR (% of workers),,2011,,stale_commuting_context,higher=better,OECD,
BE003,Gent,BE,context,commuting_bike,Commuting mode share - bicycle,Mobility (context),fua,14.9,PT_WR (% of workers),,2011,,stale_commuting_context,higher=better,OECD,
BE003,Gent,BE,context,commuting_walk,Commuting mode share - walking,Mobility (context),fua,1.4,PT_WR (% of workers),,2011,,stale_commuting_context,higher=better,OECD,
BE003,Gent,BE,context,commuting_car,Commuting mode share - car,Mobility (context),fua,75.5,PT_WR (% of workers),,2011,,stale_commuting_context,higher=worse,OECD,
BE004,Charleroi,BE,indicator,pm25,Mean PM2.5 population exposure,Environment,fua,21.33867850385429,MCG_M3 (ug/m3),90.55,2025,,,higher=worse,OECD,
BE004,Charleroi,BE,indicator,green_area,Green area per inhabitant (urban centre),Environment,fua,257,M2_PS (m2/person),95.43,2021,,,higher=better,OECD,
BE004,Charleroi,BE,indicator,public_transport_access,Population with access to public transport (15-minute walk),Mobility,fua,95.4,PT_POP (% population),55.17,2023,,,higher=better,OECD,
BE004,Charleroi,BE,indicator,employment_rate,Employment rate (15-64),Economic Opportunity,fua,,PT_POP_SUB (% of working-age population),,,,,higher=better,OECD,
BE004,Charleroi,BE,indicator,unemployment_rate,Unemployment rate (15-64),Economic Opportunity,fua,,PT_LF_SUB (% of labour force),,,,,higher=worse,OECD,
BE004,Charleroi,BE,composite,environment_score,Environment composite score,Environment,fua (composite),,score (0-100),92.99,,,,,derived (V1 approved composites),
BE004,Charleroi,BE,composite,mobility_score,Mobility composite score,Mobility,fua (composite),,score (0-100),55.17,,,,,derived (V1 approved composites),
BE004,Charleroi,BE,composite,economic_opportunity_score,Economic Opportunity composite score,Economic Opportunity,fua (composite),,score (0-100),,,,,,derived (V1 approved composites),
BE004,Charleroi,BE,context,population,Population (total),Context,fua,458734,PS (persons),,2025,,,neutral (context),OECD,
BE004,Charleroi,BE,context,commuting_public_transport,Commuting mode share - public transport,Mobility (context),fua,3.3,PT_WR (% of workers),,2011,,stale_commuting_context,higher=better,OECD,
BE004,Charleroi,BE,context,commuting_bike,Commuting mode share - bicycle,Mobility (context),fua,0.8,PT_WR (% of workers),,2011,,stale_commuting_context,higher=better,OECD,
BE004,Charleroi,BE,context,commuting_walk,Commuting mode share - walking,Mobility (context),fua,4.7,PT_WR (% of workers),,2011,,stale_commuting_context,higher=better,OECD,
BE004,Charleroi,BE,context,commuting_car,Commuting mode share - car,Mobility (context),fua,87,PT_WR (% of workers),,2011,,stale_commuting_context,higher=worse,OECD,
BE005,Liège,BE,indicator,pm25,Mean PM2.5 population exposure,Environment,fua,23.117345305350856,MCG_M3 (ug/m3),83.46,2025,,,higher=worse,OECD,
BE005,Liège,BE,indicator,green_area,Green area per inhabitant (urban centre),Environment,fua,198,M2_PS (m2/person),80.42,2021,,,higher=better,OECD,
BE005,Liège,BE,indicator,public_transport_access,Population with access to public transport (15-minute walk),Mobility,fua,95.6,PT_POP (% population),56.5,2023,,,higher=better,OECD,
BE005,Liège,BE,indicator,employment_rate,Employment rate (15-64),Economic Opportunity,fua,,PT_POP_SUB (% of working-age population),,,,,higher=better,OECD,
BE005,Liège,BE,indicator,unemployment_rate,Unemployment rate (15-64),Economic Opportunity,fua,,PT_LF_SUB (% of labour force),,,,,higher=worse,OECD,
BE005,Liège,BE,composite,environment_score,Environment composite score,Environment,fua (composite),,score (0-100),81.94,,,,,derived (V1 approved composites),
BE005,Liège,BE,composite,mobility_score,Mobility composite score,Mobility,fua (composite),,score (0-100),56.5,,,,,derived (V1 approved composites),
BE005,Liège,BE,composite,economic_opportunity_score,Economic Opportunity composite score,Economic Opportunity,fua (composite),,score (0-100),,,,,,derived (V1 approved composites),
BE005,Liège,BE,perception_dimension,perceived_safety,Perceived safety (safe walking at night after dark),Safety,city_core,42.9,"PC (sum of response-category shares, % of respondents)",6.25,2023,,,higher=better,Eurostat,BE005C
BE005,Liège,BE,perception_dimension,community,Trust / community (generalised trust),Community,city_core,53.4,"PC (sum of response-category shares, % of respondents)",27.5,2023,,,higher=better,Eurostat,BE005C
BE005,Liège,BE,perception_dimension,life_satisfaction,Life satisfaction (the life you lead),Life Balance,city_core,83.4,"PC (sum of response-category shares, % of respondents)",41.25,2023,,,higher=better,Eurostat,BE005C
BE005,Liège,BE,perception_dimension,housing_satisfaction,Housing satisfaction (easy to find good housing at a reasonable price),Housing,city_core,33.3,"PC (sum of response-category shares, % of respondents)",58.75,2023,,,higher=better,Eurostat,BE005C
BE005,Liège,BE,context,population,Population (total),Context,fua,818256,PS (persons),,2025,,,neutral (context),OECD,
BE005,Liège,BE,context,commuting_public_transport,Commuting mode share - public transport,Mobility (context),fua,4.4,PT_WR (% of workers),,2011,,stale_commuting_context,higher=better,OECD,
BE005,Liège,BE,context,commuting_bike,Commuting mode share - bicycle,Mobility (context),fua,1.8,PT_WR (% of workers),,2011,,stale_commuting_context,higher=better,OECD,
BE005,Liège,BE,context,commuting_walk,Commuting mode share - walking,Mobility (context),fua,3.8,PT_WR (% of workers),,2011,,stale_commuting_context,higher=better,OECD,
BE005,Liège,BE,context,commuting_car,Commuting mode share - car,Mobility (context),fua,84.7,PT_WR (% of workers),,2011,,stale_commuting_context,higher=worse,OECD,
BE006,Brugge,BE,indicator,pm25,Mean PM2.5 population exposure,Environment,fua,28.26937173743607,MCG_M3 (ug/m3),53.62,2025,,,higher=worse,OECD,
BE006,Brugge,BE,indicator,green_area,Green area per inhabitant (urban centre),Environment,fua,208,M2_PS (m2/person),84.59,2021,,,higher=better,OECD,
BE006,Brugge,BE,indicator,public_transport_access,Population with access to public transport (15-minute walk),Mobility,fua,87.4,PT_POP (% population),22.94,2023,,,higher=better,OECD,
BE006,Brugge,BE,indicator,employment_rate,Employment rate (15-64),Economic Opportunity,fua,,PT_POP_SUB (% of working-age population),,,,,higher=better,OECD,
BE006,Brugge,BE,indicator,unemployment_rate,Unemployment rate (15-64),Economic Opportunity,fua,,PT_LF_SUB (% of labour force),,,,,higher=worse,OECD,
BE006,Brugge,BE,composite,environment_score,Environment composite score,Environment,fua (composite),,score (0-100),69.11,,,,,derived (V1 approved composites),
BE006,Brugge,BE,composite,mobility_score,Mobility composite score,Mobility,fua (composite),,score (0-100),22.94,,,,,derived (V1 approved composites),
BE006,Brugge,BE,composite,economic_opportunity_score,Economic Opportunity composite score,Economic Opportunity,fua (composite),,score (0-100),,,,,,derived (V1 approved composites),
BE006,Brugge,BE,context,population,Population (total),Context,fua,246526,PS (persons),,2025,,,neutral (context),OECD,
BE006,Brugge,BE,context,commuting_public_transport,Commuting mode share - public transport,Mobility (context),fua,3.8,PT_WR (% of workers),,2011,,stale_commuting_context,higher=better,OECD,
BE006,Brugge,BE,context,commuting_bike,Commuting mode share - bicycle,Mobility (context),fua,16.1,PT_WR (% of workers),,2011,,stale_commuting_context,higher=better,OECD,
BE006,Brugge,BE,context,commuting_walk,Commuting mode share - walking,Mobility (context),fua,2.4,PT_WR (% of workers),,2011,,stale_commuting_context,higher=better,OECD,
BE006,Brugge,BE,context,commuting_car,Commuting mode share - car,Mobility (context),fua,73.8,PT_WR (% of workers),,2011,,stale_commuting_context,higher=worse,OECD,
BE007,Namur,BE,indicator,pm25,Mean PM2.5 population exposure,Environment,fua,23.750619046643646,MCG_M3 (ug/m3),79.76,2025,,,higher=worse,OECD,
BE007,Namur,BE,indicator,green_area,Green area per inhabitant (urban centre),Environment,fua,,M2_PS (m2/person),,,,,higher=better,OECD,
BE007,Namur,BE,indicator,public_transport_access,Population with access to public transport (15-minute walk),Mobility,fua,91.9,PT_POP (% population),36.07,2023,,,higher=better,OECD,
BE007,Namur,BE,indicator,employment_rate,Employment rate (15-64),Economic Opportunity,fua,,PT_POP_SUB (% of working-age population),,,,,higher=better,OECD,
BE007,Namur,BE,indicator,unemployment_rate,Unemployment rate (15-64),Economic Opportunity,fua,,PT_LF_SUB (% of labour force),,,,,higher=worse,OECD,
BE007,Namur,BE,composite,environment_score,Environment composite score,Environment,fua (composite),,score (0-100),,,,,,derived (V1 approved composites),
BE007,Namur,BE,composite,mobility_score,Mobility composite score,Mobility,fua (composite),,score (0-100),36.07,,,,,derived (V1 approved composites),
BE007,Namur,BE,composite,economic_opportunity_score,Economic Opportunity composite score,Economic Opportunity,fua (composite),,score (0-100),,,,,,derived (V1 approved composites),
BE007,Namur,BE,context,population,Population (total),Context,fua,288933,PS (persons),,2025,,,neutral (context),OECD,
BE007,Namur,BE,context,commuting_public_transport,Commuting mode share - public transport,Mobility (context),fua,2.9,PT_WR (% of workers),,2011,,stale_commuting_context,higher=better,OECD,
BE007,Namur,BE,context,commuting_bike,Commuting mode share - bicycle,Mobility (context),fua,1.6,PT_WR (% of workers),,2011,,stale_commuting_context,higher=better,OECD,
BE007,Namur,BE,context,commuting_walk,Commuting mode share - walking,Mobility (context),fua,3.3,PT_WR (% of workers),,2011,,stale_commuting_context,higher=better,OECD,
BE007,Namur,BE,context,commuting_car,Commuting mode share - car,Mobility (context),fua,86.3,PT_WR (% of workers),,2011,,stale_commuting_context,higher=worse,OECD,
BE009,Mons,BE,indicator,pm25,Mean PM2.5 population exposure,Environment,fua,27.261576320635474,MCG_M3 (ug/m3),60.86,2025,,,higher=worse,OECD,
BE009,Mons,BE,indicator,green_area,Green area per inhabitant (urban centre),Environment,fua,339,M2_PS (m2/person),99.52,2021,,,higher=better,OECD,
BE009,Mons,BE,indicator,public_transport_access,Population with access to public transport (15-minute walk),Mobility,fua,93.8,PT_POP (% population),44.3,2023,,,higher=better,OECD,
BE009,Mons,BE,indicator,employment_rate,Employment rate (15-64),Economic Opportunity,fua,,PT_POP_SUB (% of working-age population),,,,,higher=better,OECD,
BE009,Mons,BE,indicator,unemployment_rate,Unemployment rate (15-64),Economic Opportunity,fua,,PT_LF_SUB (% of labour force),,,,,higher=worse,OECD,
BE009,Mons,BE,composite,environment_score,Environment composite score,Environment,fua (composite),,score (0-100),80.19,,,,,derived (V1 approved composites),
BE009,Mons,BE,composite,mobility_score,Mobility composite score,Mobility,fua (composite),,score (0-100),44.3,,,,,derived (V1 approved composites),
BE009,Mons,BE,composite,economic_opportunity_score,Economic Opportunity composite score,Economic Opportunity,fua (composite),,score (0-100),,,,,,derived (V1 approved composites),
BE009,Mons,BE,context,population,Population (total),Context,fua,257148,PS (persons),,2025,,,neutral (context),OECD,
BE009,Mons,BE,context,commuting_public_transport,Commuting mode share - public transport,Mobility (context),fua,4.3,PT_WR (% of workers),,2011,,stale_commuting_context,higher=better,OECD,
BE009,Mons,BE,context,commuting_bike,Commuting mode share - bicycle,Mobility (context),fua,1.3,PT_WR (% of workers),,2011,,stale_commuting_context,higher=better,OECD,
BE009,Mons,BE,context,commuting_walk,Commuting mode share - walking,Mobility (context),fua,5,PT_WR (% of workers),,2011,,stale_commuting_context,higher=better,OECD,
BE009,Mons,BE,context,commuting_car,Commuting mode share - car,Mobility (context),fua,85.1,PT_WR (% of workers),,2011,,stale_commuting_context,higher=worse,OECD,
BE010,Kortrijk,BE,indicator,pm25,Mean PM2.5 population exposure,Environment,fua,26.53492333790812,MCG_M3 (ug/m3),64.4,2025,,,higher=worse,OECD,
BE010,Kortrijk,BE,indicator,green_area,Green area per inhabitant (urban centre),Environment,fua,245,M2_PS (m2/person),94.22,2021,,,higher=better,OECD,
BE010,Kortrijk,BE,indicator,public_transport_access,Population with access to public transport (15-minute walk),Mobility,fua,95.2,PT_POP (% population),53.18,2023,,,higher=better,OECD,
BE010,Kortrijk,BE,indicator,employment_rate,Employment rate (15-64),Economic Opportunity,fua,,PT_POP_SUB (% of working-age population),,,,,higher=better,OECD,
BE010,Kortrijk,BE,indicator,unemployment_rate,Unemployment rate (15-64),Economic Opportunity,fua,,PT_LF_SUB (% of labour force),,,,,higher=worse,OECD,
BE010,Kortrijk,BE,composite,environment_score,Environment composite score,Environment,fua (composite),,score (0-100),79.31,,,,,derived (V1 approved composites),
BE010,Kortrijk,BE,composite,mobility_score,Mobility composite score,Mobility,fua (composite),,score (0-100),53.18,,,,,derived (V1 approved composites),
BE010,Kortrijk,BE,composite,economic_opportunity_score,Economic Opportunity composite score,Economic Opportunity,fua (composite),,score (0-100),,,,,,derived (V1 approved composites),
BE010,Kortrijk,BE,context,population,Population (total),Context,fua,238318,PS (persons),,2025,,,neutral (context),OECD,
BE010,Kortrijk,BE,context,commuting_public_transport,Commuting mode share - public transport,Mobility (context),fua,2.5,PT_WR (% of workers),,2011,,stale_commuting_context,higher=better,OECD,
BE010,Kortrijk,BE,context,commuting_bike,Commuting mode share - bicycle,Mobility (context),fua,,PT_WR (% of workers),,,,,higher=better,OECD,
BE010,Kortrijk,BE,context,commuting_walk,Commuting mode share - walking,Mobility (context),fua,,PT_WR (% of workers),,,,,higher=better,OECD,
BE010,Kortrijk,BE,context,commuting_car,Commuting mode share - car,Mobility (context),fua,,PT_WR (% of workers),,,,,higher=worse,OECD,
BE011,Oostende,BE,indicator,pm25,Mean PM2.5 population exposure,Environment,fua,27.805342561876447,MCG_M3 (ug/m3),56.87,2025,,,higher=worse,OECD,
BE011,Oostende,BE,indicator,green_area,Green area per inhabitant (urban centre),Environment,fua,125,M2_PS (m2/person),39.17,2021,,,higher=better,OECD,
BE011,Oostende,BE,indicator,public_transport_access,Population with access to public transport (15-minute walk),Mobility,fua,95.1,PT_POP (% population),52.39,2023,,,higher=better,OECD,
BE011,Oostende,BE,indicator,employment_rate,Employment rate (15-64),Economic Opportunity,fua,,PT_POP_SUB (% of working-age population),,,,,higher=better,OECD,
BE011,Oostende,BE,indicator,unemployment_rate,Unemployment rate (15-64),Economic Opportunity,fua,,PT_LF_SUB (% of labour force),,,,,higher=worse,OECD,
BE011,Oostende,BE,composite,environment_score,Environment composite score,Environment,fua (composite),,score (0-100),48.02,,,,,derived (V1 approved composites),
BE011,Oostende,BE,composite,mobility_score,Mobility composite score,Mobility,fua (composite),,score (0-100),52.39,,,,,derived (V1 approved composites),
BE011,Oostende,BE,composite,economic_opportunity_score,Economic Opportunity composite score,Economic Opportunity,fua (composite),,score (0-100),,,,,,derived (V1 approved composites),
BE011,Oostende,BE,context,population,Population (total),Context,fua,133384,PS (persons),,2025,,,neutral (context),OECD,
BE011,Oostende,BE,context,commuting_public_transport,Commuting mode share - public transport,Mobility (context),fua,3.6,PT_WR (% of workers),,2011,,stale_commuting_context,higher=better,OECD,
BE011,Oostende,BE,context,commuting_bike,Commuting mode share - bicycle,Mobility (context),fua,16.2,PT_WR (% of workers),,2011,,stale_commuting_context,higher=better,OECD,
BE011,Oostende,BE,context,commuting_walk,Commuting mode share - walking,Mobility (context),fua,2.1,PT_WR (% of workers),,2011,,stale_commuting_context,higher=better,OECD,
BE011,Oostende,BE,context,commuting_car,Commuting mode share - car,Mobility (context),fua,69.2,PT_WR (% of workers),,2011,,stale_commuting_context,higher=worse,OECD,
BG001,Sofia,BG,indicator,pm25,Mean PM2.5 population exposure,Environment,fua,36.58647886263146,MCG_M3 (ug/m3),22.3,2025,,,higher=worse,OECD,
BG001,Sofia,BG,indicator,green_area,Green area per inhabitant (urban centre),Environment,fua,99,M2_PS (m2/person),25.04,2021,,,higher=better,OECD,
BG001,Sofia,BG,indicator,public_transport_access,Population with access to public transport (15-minute walk),Mobility,fua,,PT_POP (% population),,,,,higher=better,OECD,
BG001,Sofia,BG,indicator,employment_rate,Employment rate (15-64),Economic Opportunity,fua,73.6,PT_POP_SUB (% of working-age population),67.9,2024,,,higher=better,OECD,
BG001,Sofia,BG,indicator,unemployment_rate,Unemployment rate (15-64),Economic Opportunity,fua,2.8,PT_LF_SUB (% of labour force),91.89,2024,,,higher=worse,OECD,
BG001,Sofia,BG,composite,environment_score,Environment composite score,Environment,fua (composite),,score (0-100),23.67,,,,,derived (V1 approved composites),
BG001,Sofia,BG,composite,mobility_score,Mobility composite score,Mobility,fua (composite),,score (0-100),,,,,,derived (V1 approved composites),
BG001,Sofia,BG,composite,economic_opportunity_score,Economic Opportunity composite score,Economic Opportunity,fua (composite),,score (0-100),79.9,,,,,derived (V1 approved composites),
BG001,Sofia,BG,perception_dimension,perceived_safety,Perceived safety (safe walking at night after dark),Safety,city_core,47.7,"PC (sum of response-category shares, % of respondents)",11.25,2023,,,higher=better,Eurostat,BG001C
BG001,Sofia,BG,perception_dimension,community,Trust / community (generalised trust),Community,city_core,34.4,"PC (sum of response-category shares, % of respondents)",3.75,2023,,,higher=better,Eurostat,BG001C
BG001,Sofia,BG,perception_dimension,life_satisfaction,Life satisfaction (the life you lead),Life Balance,city_core,76.1,"PC (sum of response-category shares, % of respondents)",16.88,2023,,,higher=better,Eurostat,BG001C
BG001,Sofia,BG,perception_dimension,housing_satisfaction,Housing satisfaction (easy to find good housing at a reasonable price),Housing,city_core,42.0,"PC (sum of response-category shares, % of respondents)",77.5,2023,,,higher=better,Eurostat,BG001C
BG001,Sofia,BG,context,population,Population (total),Context,fua,1534725,PS (persons),,2025,,,neutral (context),OECD,
BG001,Sofia,BG,context,commuting_public_transport,Commuting mode share - public transport,Mobility (context),fua,24,PT_WR (% of workers),,2011,,stale_commuting_context,higher=better,OECD,
BG001,Sofia,BG,context,commuting_bike,Commuting mode share - bicycle,Mobility (context),fua,18.3,PT_WR (% of workers),,2011,,stale_commuting_context,higher=better,OECD,
BG001,Sofia,BG,context,commuting_walk,Commuting mode share - walking,Mobility (context),fua,24,PT_WR (% of workers),,2011,,stale_commuting_context,higher=better,OECD,
BG001,Sofia,BG,context,commuting_car,Commuting mode share - car,Mobility (context),fua,25.7,PT_WR (% of workers),,2011,,stale_commuting_context,higher=worse,OECD,
BG002,Plovdiv,BG,indicator,pm25,Mean PM2.5 population exposure,Environment,fua,41.42869148789353,MCG_M3 (ug/m3),13.59,2025,,,higher=worse,OECD,
BG002,Plovdiv,BG,indicator,green_area,Green area per inhabitant (urban centre),Environment,fua,50,M2_PS (m2/person),4.82,2021,,,higher=better,OECD,
BG002,Plovdiv,BG,indicator,public_transport_access,Population with access to public transport (15-minute walk),Mobility,fua,,PT_POP (% population),,,,,higher=better,OECD,
BG002,Plovdiv,BG,indicator,employment_rate,Employment rate (15-64),Economic Opportunity,fua,68.9,PT_POP_SUB (% of working-age population),38.93,2024,,,higher=better,OECD,
BG002,Plovdiv,BG,indicator,unemployment_rate,Unemployment rate (15-64),Economic Opportunity,fua,3,PT_LF_SUB (% of labour force),88.87,2024,,,higher=worse,OECD,
BG002,Plovdiv,BG,composite,environment_score,Environment composite score,Environment,fua (composite),,score (0-100),9.21,,,,,derived (V1 approved composites),
BG002,Plovdiv,BG,composite,mobility_score,Mobility composite score,Mobility,fua (composite),,score (0-100),,,,,,derived (V1 approved composites),
BG002,Plovdiv,BG,composite,economic_opportunity_score,Economic Opportunity composite score,Economic Opportunity,fua (composite),,score (0-100),63.9,,,,,derived (V1 approved composites),
BG002,Plovdiv,BG,context,population,Population (total),Context,fua,543968,PS (persons),,2025,,,neutral (context),OECD,
BG002,Plovdiv,BG,context,commuting_public_transport,Commuting mode share - public transport,Mobility (context),fua,28.2,PT_WR (% of workers),,2011,,stale_commuting_context,higher=better,OECD,
BG002,Plovdiv,BG,context,commuting_bike,Commuting mode share - bicycle,Mobility (context),fua,12.6,PT_WR (% of workers),,2011,,stale_commuting_context,higher=better,OECD,
BG002,Plovdiv,BG,context,commuting_walk,Commuting mode share - walking,Mobility (context),fua,18,PT_WR (% of workers),,2011,,stale_commuting_context,higher=better,OECD,
BG002,Plovdiv,BG,context,commuting_car,Commuting mode share - car,Mobility (context),fua,29.9,PT_WR (% of workers),,2011,,stale_commuting_context,higher=worse,OECD,
BG003,Varna,BG,indicator,pm25,Mean PM2.5 population exposure,Environment,fua,30.56281517283096,MCG_M3 (ug/m3),42.39,2025,,,higher=worse,OECD,
BG003,Varna,BG,indicator,green_area,Green area per inhabitant (urban centre),Environment,fua,122,M2_PS (m2/person),36.84,2021,,,higher=better,OECD,
BG003,Varna,BG,indicator,public_transport_access,Population with access to public transport (15-minute walk),Mobility,fua,,PT_POP (% population),,,,,higher=better,OECD,
BG003,Varna,BG,indicator,employment_rate,Employment rate (15-64),Economic Opportunity,fua,73.9,PT_POP_SUB (% of working-age population),70.3,2024,,,higher=better,OECD,
BG003,Varna,BG,indicator,unemployment_rate,Unemployment rate (15-64),Economic Opportunity,fua,4,PT_LF_SUB (% of labour force),76.42,2024,,,higher=worse,OECD,
BG003,Varna,BG,composite,environment_score,Environment composite score,Environment,fua (composite),,score (0-100),39.62,,,,,derived (V1 approved composites),
BG003,Varna,BG,composite,mobility_score,Mobility composite score,Mobility,fua (composite),,score (0-100),,,,,,derived (V1 approved composites),
BG003,Varna,BG,composite,economic_opportunity_score,Economic Opportunity composite score,Economic Opportunity,fua (composite),,score (0-100),73.36,,,,,derived (V1 approved composites),
BG003,Varna,BG,context,population,Population (total),Context,fua,426850,PS (persons),,2025,,,neutral (context),OECD,
BG003,Varna,BG,context,commuting_public_transport,Commuting mode share - public transport,Mobility (context),fua,31,PT_WR (% of workers),,2011,,stale_commuting_context,higher=better,OECD,
BG003,Varna,BG,context,commuting_bike,Commuting mode share - bicycle,Mobility (context),fua,8.3,PT_WR (% of workers),,2011,,stale_commuting_context,higher=better,OECD,
BG003,Varna,BG,context,commuting_walk,Commuting mode share - walking,Mobility (context),fua,18.5,PT_WR (% of workers),,2011,,stale_commuting_context,higher=better,OECD,
BG003,Varna,BG,context,commuting_car,Commuting mode share - car,Mobility (context),fua,30,PT_WR (% of workers),,2011,,stale_commuting_context,higher=worse,OECD,
BG004,Burgas,BG,indicator,pm25,Mean PM2.5 population exposure,Environment,fua,35.80414783536726,MCG_M3 (ug/m3),24.22,2025,,,higher=worse,OECD,
BG004,Burgas,BG,indicator,green_area,Green area per inhabitant (urban centre),Environment,fua,96,M2_PS (m2/person),22.79,2021,,,higher=better,OECD,
BG004,Burgas,BG,indicator,public_transport_access,Population with access to public transport (15-minute walk),Mobility,fua,,PT_POP (% population),,,,,higher=better,OECD,
BG004,Burgas,BG,indicator,employment_rate,Employment rate (15-64),Economic Opportunity,fua,70.3,PT_POP_SUB (% of working-age population),50.92,2024,,,higher=better,OECD,
BG004,Burgas,BG,indicator,unemployment_rate,Unemployment rate (15-64),Economic Opportunity,fua,4.9,PT_LF_SUB (% of labour force),64.91,2024,,,higher=worse,OECD,
BG004,Burgas,BG,composite,environment_score,Environment composite score,Environment,fua (composite),,score (0-100),23.5,,,,,derived (V1 approved composites),
BG004,Burgas,BG,composite,mobility_score,Mobility composite score,Mobility,fua (composite),,score (0-100),,,,,,derived (V1 approved composites),
BG004,Burgas,BG,composite,economic_opportunity_score,Economic Opportunity composite score,Economic Opportunity,fua (composite),,score (0-100),57.91,,,,,derived (V1 approved composites),
BG004,Burgas,BG,perception_dimension,perceived_safety,Perceived safety (safe walking at night after dark),Safety,city_core,65.2,"PC (sum of response-category shares, % of respondents)",35.0,2023,,,higher=better,Eurostat,BG004C
BG004,Burgas,BG,perception_dimension,community,Trust / community (generalised trust),Community,city_core,58.3,"PC (sum of response-category shares, % of respondents)",33.75,2023,,,higher=better,Eurostat,BG004C
BG004,Burgas,BG,perception_dimension,life_satisfaction,Life satisfaction (the life you lead),Life Balance,city_core,80.9,"PC (sum of response-category shares, % of respondents)",28.75,2023,,,higher=better,Eurostat,BG004C
BG004,Burgas,BG,perception_dimension,housing_satisfaction,Housing satisfaction (easy to find good housing at a reasonable price),Housing,city_core,42.2,"PC (sum of response-category shares, % of respondents)",79.38,2023,,,higher=better,Eurostat,BG004C
BG004,Burgas,BG,context,population,Population (total),Context,fua,255381,PS (persons),,2025,,,neutral (context),OECD,
BG004,Burgas,BG,context,commuting_public_transport,Commuting mode share - public transport,Mobility (context),fua,21.6,PT_WR (% of workers),,2011,,stale_commuting_context,higher=better,OECD,
BG004,Burgas,BG,context,commuting_bike,Commuting mode share - bicycle,Mobility (context),fua,18.4,PT_WR (% of workers),,2011,,stale_commuting_context,higher=better,OECD,
BG004,Burgas,BG,context,commuting_walk,Commuting mode share - walking,Mobility (context),fua,24.4,PT_WR (% of workers),,2011,,stale_commuting_context,higher=better,OECD,
BG004,Burgas,BG,context,commuting_car,Commuting mode share - car,Mobility (context),fua,19.8,PT_WR (% of workers),,2011,,stale_commuting_context,higher=worse,OECD,
CH001,Bern,CH,indicator,pm25,Mean PM2.5 population exposure,Environment,fua,35.09933145629835,MCG_M3 (ug/m3),26.74,2025,,,higher=worse,OECD,
CH001,Bern,CH,indicator,green_area,Green area per inhabitant (urban centre),Environment,fua,212,M2_PS (m2/person),85.71,2021,,,higher=better,OECD,
CH001,Bern,CH,indicator,public_transport_access,Population with access to public transport (15-minute walk),Mobility,fua,93.8,PT_POP (% population),44.3,2023,,,higher=better,OECD,
CH001,Bern,CH,indicator,employment_rate,Employment rate (15-64),Economic Opportunity,fua,79.8,PT_POP_SUB (% of working-age population),93.36,2022,,,higher=better,OECD,
CH001,Bern,CH,indicator,unemployment_rate,Unemployment rate (15-64),Economic Opportunity,fua,2.9,PT_LF_SUB (% of labour force),90.19,2022,,,higher=worse,OECD,
CH001,Bern,CH,composite,environment_score,Environment composite score,Environment,fua (composite),,score (0-100),56.22,,,,,derived (V1 approved composites),
CH001,Bern,CH,composite,mobility_score,Mobility composite score,Mobility,fua (composite),,score (0-100),44.3,,,,,derived (V1 approved composites),
CH001,Bern,CH,composite,economic_opportunity_score,Economic Opportunity composite score,Economic Opportunity,fua (composite),,score (0-100),91.78,,,,,derived (V1 approved composites),
CH001,Bern,CH,context,population,Population (total),Context,fua,758054,PS (persons),,2023,,,neutral (context),OECD,
CH001,Bern,CH,context,commuting_public_transport,Commuting mode share - public transport,Mobility (context),fua,36,PT_WR (% of workers),,2024,,current,higher=better,OECD,
CH001,Bern,CH,context,commuting_bike,Commuting mode share - bicycle,Mobility (context),fua,11.3,PT_WR (% of workers),,2024,,current,higher=better,OECD,
CH001,Bern,CH,context,commuting_walk,Commuting mode share - walking,Mobility (context),fua,7.4,PT_WR (% of workers),,2024,,current,higher=better,OECD,
CH001,Bern,CH,context,commuting_car,Commuting mode share - car,Mobility (context),fua,44.1,PT_WR (% of workers),,2024,,current,higher=worse,OECD,
CH002,Zürich,CH,indicator,pm25,Mean PM2.5 population exposure,Environment,fua,39.476199328843514,MCG_M3 (ug/m3),15.66,2025,,,higher=worse,OECD,
CH002,Zürich,CH,indicator,green_area,Green area per inhabitant (urban centre),Environment,fua,163,M2_PS (m2/person),64.29,2021,,,higher=better,OECD,
CH002,Zürich,CH,indicator,public_transport_access,Population with access to public transport (15-minute walk),Mobility,fua,97.7,PT_POP (% population),80.37,2023,,,higher=better,OECD,
CH002,Zürich,CH,indicator,employment_rate,Employment rate (15-64),Economic Opportunity,fua,78.9,PT_POP_SUB (% of working-age population),91.14,2022,,,higher=better,OECD,
CH002,Zürich,CH,indicator,unemployment_rate,Unemployment rate (15-64),Economic Opportunity,fua,3.6,PT_LF_SUB (% of labour force),80.38,2022,,,higher=worse,OECD,
CH002,Zürich,CH,composite,environment_score,Environment composite score,Environment,fua (composite),,score (0-100),39.98,,,,,derived (V1 approved composites),
CH002,Zürich,CH,composite,mobility_score,Mobility composite score,Mobility,fua (composite),,score (0-100),80.37,,,,,derived (V1 approved composites),
CH002,Zürich,CH,composite,economic_opportunity_score,Economic Opportunity composite score,Economic Opportunity,fua (composite),,score (0-100),85.76,,,,,derived (V1 approved composites),
CH002,Zürich,CH,perception_dimension,perceived_safety,Perceived safety (safe walking at night after dark),Safety,city_core,84.2,"PC (sum of response-category shares, % of respondents)",96.25,2023,,,higher=better,Eurostat,CH002C
CH002,Zürich,CH,perception_dimension,community,Trust / community (generalised trust),Community,city_core,82.5,"PC (sum of response-category shares, % of respondents)",96.25,2023,,,higher=better,Eurostat,CH002C
CH002,Zürich,CH,perception_dimension,life_satisfaction,Life satisfaction (the life you lead),Life Balance,city_core,94.2,"PC (sum of response-category shares, % of respondents)",100.0,2023,,,higher=better,Eurostat,CH002C
CH002,Zürich,CH,perception_dimension,housing_satisfaction,Housing satisfaction (easy to find good housing at a reasonable price),Housing,city_core,11.0,"PC (sum of response-category shares, % of respondents)",7.5,2023,,,higher=better,Eurostat,CH002C
CH002,Zürich,CH,context,population,Population (total),Context,fua,2130572,PS (persons),,2023,,,neutral (context),OECD,
CH002,Zürich,CH,context,commuting_public_transport,Commuting mode share - public transport,Mobility (context),fua,43.6,PT_WR (% of workers),,2024,,current,higher=better,OECD,
CH002,Zürich,CH,context,commuting_bike,Commuting mode share - bicycle,Mobility (context),fua,7.4,PT_WR (% of workers),,2024,,current,higher=better,OECD,
CH002,Zürich,CH,context,commuting_walk,Commuting mode share - walking,Mobility (context),fua,6.7,PT_WR (% of workers),,2024,,current,higher=better,OECD,
CH002,Zürich,CH,context,commuting_car,Commuting mode share - car,Mobility (context),fua,41.4,PT_WR (% of workers),,2024,,current,higher=worse,OECD,
CH003,Genève,CH,indicator,pm25,Mean PM2.5 population exposure,Environment,fua,32.48719250905548,MCG_M3 (ug/m3),35.3,2025,,,higher=worse,OECD,
CH003,Genève,CH,indicator,green_area,Green area per inhabitant (urban centre),Environment,fua,89,M2_PS (m2/person),18.54,2021,,,higher=better,OECD,
CH003,Genève,CH,indicator,public_transport_access,Population with access to public transport (15-minute walk),Mobility,fua,98.3,PT_POP (% population),87.93,2023,,,higher=better,OECD,
CH003,Genève,CH,indicator,employment_rate,Employment rate (15-64),Economic Opportunity,fua,61.2,PT_POP_SUB (% of working-age population),14.02,2022,,,higher=better,OECD,
CH003,Genève,CH,indicator,unemployment_rate,Unemployment rate (15-64),Economic Opportunity,fua,10.1,PT_LF_SUB (% of labour force),11.7,2022,,,higher=worse,OECD,
CH003,Genève,CH,composite,environment_score,Environment composite score,Environment,fua (composite),,score (0-100),26.92,,,,,derived (V1 approved composites),
CH003,Genève,CH,composite,mobility_score,Mobility composite score,Mobility,fua (composite),,score (0-100),87.93,,,,,derived (V1 approved composites),
CH003,Genève,CH,composite,economic_opportunity_score,Economic Opportunity composite score,Economic Opportunity,fua (composite),,score (0-100),12.86,,,,,derived (V1 approved composites),
CH003,Genève,CH,perception_dimension,perceived_safety,Perceived safety (safe walking at night after dark),Safety,city_core,77.4,"PC (sum of response-category shares, % of respondents)",75.0,2023,,,higher=better,Eurostat,CH003C
CH003,Genève,CH,perception_dimension,community,Trust / community (generalised trust),Community,city_core,69.3,"PC (sum of response-category shares, % of respondents)",66.25,2023,,,higher=better,Eurostat,CH003C
CH003,Genève,CH,perception_dimension,life_satisfaction,Life satisfaction (the life you lead),Life Balance,city_core,88.0,"PC (sum of response-category shares, % of respondents)",82.5,2023,,,higher=better,Eurostat,CH003C
CH003,Genève,CH,perception_dimension,housing_satisfaction,Housing satisfaction (easy to find good housing at a reasonable price),Housing,city_core,7.7,"PC (sum of response-category shares, % of respondents)",1.25,2023,,,higher=better,Eurostat,CH003C
CH003,Genève,CH,context,population,Population (total),Context,fua,629801,PS (persons),,2023,,,neutral (context),OECD,
CH003,Genève,CH,context,commuting_public_transport,Commuting mode share - public transport,Mobility (context),fua,45.7,PT_WR (% of workers),,2024,,current,higher=better,OECD,
CH003,Genève,CH,context,commuting_bike,Commuting mode share - bicycle,Mobility (context),fua,10.3,PT_WR (% of workers),,2024,,current,higher=better,OECD,
CH003,Genève,CH,context,commuting_walk,Commuting mode share - walking,Mobility (context),fua,11.5,PT_WR (% of workers),,2024,,current,higher=better,OECD,
CH003,Genève,CH,context,commuting_car,Commuting mode share - car,Mobility (context),fua,27.3,PT_WR (% of workers),,2024,,current,higher=worse,OECD,
CH004,Basel,CH,indicator,pm25,Mean PM2.5 population exposure,Environment,fua,38.55746923388556,MCG_M3 (ug/m3),17.28,2025,,,higher=worse,OECD,
CH004,Basel,CH,indicator,green_area,Green area per inhabitant (urban centre),Environment,fua,140,M2_PS (m2/person),48.96,2021,,,higher=better,OECD,
CH004,Basel,CH,indicator,public_transport_access,Population with access to public transport (15-minute walk),Mobility,fua,97.9,PT_POP (% population),83.29,2023,,,higher=better,OECD,
CH004,Basel,CH,indicator,employment_rate,Employment rate (15-64),Economic Opportunity,fua,74.1,PT_POP_SUB (% of working-age population),72.14,2022,,,higher=better,OECD,
CH004,Basel,CH,indicator,unemployment_rate,Unemployment rate (15-64),Economic Opportunity,fua,4.4,PT_LF_SUB (% of labour force),70.94,2022,,,higher=worse,OECD,
CH004,Basel,CH,composite,environment_score,Environment composite score,Environment,fua (composite),,score (0-100),33.12,,,,,derived (V1 approved composites),
CH004,Basel,CH,composite,mobility_score,Mobility composite score,Mobility,fua (composite),,score (0-100),83.29,,,,,derived (V1 approved composites),
CH004,Basel,CH,composite,economic_opportunity_score,Economic Opportunity composite score,Economic Opportunity,fua (composite),,score (0-100),71.54,,,,,derived (V1 approved composites),
CH004,Basel,CH,context,population,Population (total),Context,fua,590138,PS (persons),,2023,,,neutral (context),OECD,
CH004,Basel,CH,context,commuting_public_transport,Commuting mode share - public transport,Mobility (context),fua,38.3,PT_WR (% of workers),,2024,,current,higher=better,OECD,
CH004,Basel,CH,context,commuting_bike,Commuting mode share - bicycle,Mobility (context),fua,16,PT_WR (% of workers),,2024,,current,higher=better,OECD,
CH004,Basel,CH,context,commuting_walk,Commuting mode share - walking,Mobility (context),fua,8.2,PT_WR (% of workers),,2024,,current,higher=better,OECD,
CH004,Basel,CH,context,commuting_car,Commuting mode share - car,Mobility (context),fua,36,PT_WR (% of workers),,2024,,current,higher=worse,OECD,
CH005,Lausanne,CH,indicator,pm25,Mean PM2.5 population exposure,Environment,fua,35.08481420633991,MCG_M3 (ug/m3),26.88,2025,,,higher=worse,OECD,
CH005,Lausanne,CH,indicator,green_area,Green area per inhabitant (urban centre),Environment,fua,123,M2_PS (m2/person),37.56,2021,,,higher=better,OECD,
CH005,Lausanne,CH,indicator,public_transport_access,Population with access to public transport (15-minute walk),Mobility,fua,96.6,PT_POP (% population),66.84,2023,,,higher=better,OECD,
CH005,Lausanne,CH,indicator,employment_rate,Employment rate (15-64),Economic Opportunity,fua,69.6,PT_POP_SUB (% of working-age population),40.59,2022,,,higher=better,OECD,
CH005,Lausanne,CH,indicator,unemployment_rate,Unemployment rate (15-64),Economic Opportunity,fua,7,PT_LF_SUB (% of labour force),41.13,2022,,,higher=worse,OECD,
CH005,Lausanne,CH,composite,environment_score,Environment composite score,Environment,fua (composite),,score (0-100),32.22,,,,,derived (V1 approved composites),
CH005,Lausanne,CH,composite,mobility_score,Mobility composite score,Mobility,fua (composite),,score (0-100),66.84,,,,,derived (V1 approved composites),
CH005,Lausanne,CH,composite,economic_opportunity_score,Economic Opportunity composite score,Economic Opportunity,fua (composite),,score (0-100),40.86,,,,,derived (V1 approved composites),
CH005,Lausanne,CH,context,population,Population (total),Context,fua,681698,PS (persons),,2023,,,neutral (context),OECD,
CH005,Lausanne,CH,context,commuting_public_transport,Commuting mode share - public transport,Mobility (context),fua,36.7,PT_WR (% of workers),,2024,,current,higher=better,OECD,
CH005,Lausanne,CH,context,commuting_bike,Commuting mode share - bicycle,Mobility (context),fua,3.9,PT_WR (% of workers),,2024,,current,higher=better,OECD,
CH005,Lausanne,CH,context,commuting_walk,Commuting mode share - walking,Mobility (context),fua,9.5,PT_WR (% of workers),,2024,,current,higher=better,OECD,
CH005,Lausanne,CH,context,commuting_car,Commuting mode share - car,Mobility (context),fua,48.3,PT_WR (% of workers),,2024,,current,higher=worse,OECD,
CH006,Lucerne,CH,indicator,pm25,Mean PM2.5 population exposure,Environment,fua,34.088553938726236,MCG_M3 (ug/m3),29.1,2025,,,higher=worse,OECD,
CH006,Lucerne,CH,indicator,green_area,Green area per inhabitant (urban centre),Environment,fua,198,M2_PS (m2/person),80.42,2021,,,higher=better,OECD,
CH006,Lucerne,CH,indicator,public_transport_access,Population with access to public transport (15-minute walk),Mobility,fua,94,PT_POP (% population),47.08,2023,,,higher=better,OECD,
CH006,Lucerne,CH,indicator,employment_rate,Employment rate (15-64),Economic Opportunity,fua,,PT_POP_SUB (% of working-age population),,,,,higher=better,OECD,
CH006,Lucerne,CH,indicator,unemployment_rate,Unemployment rate (15-64),Economic Opportunity,fua,,PT_LF_SUB (% of labour force),,,,,higher=worse,OECD,
CH006,Lucerne,CH,composite,environment_score,Environment composite score,Environment,fua (composite),,score (0-100),54.76,,,,,derived (V1 approved composites),
CH006,Lucerne,CH,composite,mobility_score,Mobility composite score,Mobility,fua (composite),,score (0-100),47.08,,,,,derived (V1 approved composites),
CH006,Lucerne,CH,composite,economic_opportunity_score,Economic Opportunity composite score,Economic Opportunity,fua (composite),,score (0-100),,,,,,derived (V1 approved composites),
CH006,Lucerne,CH,context,population,Population (total),Context,fua,338998,PS (persons),,2023,,,neutral (context),OECD,
CH006,Lucerne,CH,context,commuting_public_transport,Commuting mode share - public transport,Mobility (context),fua,27.7,PT_WR (% of workers),,2024,,current,higher=better,OECD,
CH006,Lucerne,CH,context,commuting_bike,Commuting mode share - bicycle,Mobility (context),fua,12.3,PT_WR (% of workers),,2024,,current,higher=better,OECD,
CH006,Lucerne,CH,context,commuting_walk,Commuting mode share - walking,Mobility (context),fua,8.9,PT_WR (% of workers),,2024,,current,higher=better,OECD,
CH006,Lucerne,CH,context,commuting_car,Commuting mode share - car,Mobility (context),fua,49.4,PT_WR (% of workers),,2024,,current,higher=worse,OECD,
CH008,Lugano,CH,indicator,pm25,Mean PM2.5 population exposure,Environment,fua,42.018467231397054,MCG_M3 (ug/m3),12.7,2025,,,higher=worse,OECD,
CH008,Lugano,CH,indicator,green_area,Green area per inhabitant (urban centre),Environment,fua,173,M2_PS (m2/person),69.26,2021,,,higher=better,OECD,
CH008,Lugano,CH,indicator,public_transport_access,Population with access to public transport (15-minute walk),Mobility,fua,97.5,PT_POP (% population),77.06,2023,,,higher=better,OECD,
CH008,Lugano,CH,indicator,employment_rate,Employment rate (15-64),Economic Opportunity,fua,,PT_POP_SUB (% of working-age population),,,,,higher=better,OECD,
CH008,Lugano,CH,indicator,unemployment_rate,Unemployment rate (15-64),Economic Opportunity,fua,,PT_LF_SUB (% of labour force),,,,,higher=worse,OECD,
CH008,Lugano,CH,composite,environment_score,Environment composite score,Environment,fua (composite),,score (0-100),40.98,,,,,derived (V1 approved composites),
CH008,Lugano,CH,composite,mobility_score,Mobility composite score,Mobility,fua (composite),,score (0-100),77.06,,,,,derived (V1 approved composites),
CH008,Lugano,CH,composite,economic_opportunity_score,Economic Opportunity composite score,Economic Opportunity,fua (composite),,score (0-100),,,,,,derived (V1 approved composites),
CH008,Lugano,CH,context,population,Population (total),Context,fua,174791,PS (persons),,2023,,,neutral (context),OECD,
CH008,Lugano,CH,context,commuting_public_transport,Commuting mode share - public transport,Mobility (context),fua,21.5,PT_WR (% of workers),,2024,,current,higher=better,OECD,
CH008,Lugano,CH,context,commuting_bike,Commuting mode share - bicycle,Mobility (context),fua,4.2,PT_WR (% of workers),,2024,,current,higher=better,OECD,
CH008,Lugano,CH,context,commuting_walk,Commuting mode share - walking,Mobility (context),fua,12.1,PT_WR (% of workers),,2024,,current,higher=better,OECD,
CH008,Lugano,CH,context,commuting_car,Commuting mode share - car,Mobility (context),fua,57.9,PT_WR (% of workers),,2024,,current,higher=worse,OECD,
CH009,St. Gallen,CH,indicator,pm25,Mean PM2.5 population exposure,Environment,fua,36.20455742295138,MCG_M3 (ug/m3),23.49,2025,,,higher=worse,OECD,
CH009,St. Gallen,CH,indicator,green_area,Green area per inhabitant (urban centre),Environment,fua,224,M2_PS (m2/person),88.84,2021,,,higher=better,OECD,
CH009,St. Gallen,CH,indicator,public_transport_access,Population with access to public transport (15-minute walk),Mobility,fua,93.3,PT_POP (% population),40.98,2023,,,higher=better,OECD,
CH009,St. Gallen,CH,indicator,employment_rate,Employment rate (15-64),Economic Opportunity,fua,,PT_POP_SUB (% of working-age population),,,,,higher=better,OECD,
CH009,St. Gallen,CH,indicator,unemployment_rate,Unemployment rate (15-64),Economic Opportunity,fua,,PT_LF_SUB (% of labour force),,,,,higher=worse,OECD,
CH009,St. Gallen,CH,composite,environment_score,Environment composite score,Environment,fua (composite),,score (0-100),56.16,,,,,derived (V1 approved composites),
CH009,St. Gallen,CH,composite,mobility_score,Mobility composite score,Mobility,fua (composite),,score (0-100),40.98,,,,,derived (V1 approved composites),
CH009,St. Gallen,CH,composite,economic_opportunity_score,Economic Opportunity composite score,Economic Opportunity,fua (composite),,score (0-100),,,,,,derived (V1 approved composites),
CH009,St. Gallen,CH,context,population,Population (total),Context,fua,302480,PS (persons),,2023,,,neutral (context),OECD,
CH009,St. Gallen,CH,context,commuting_public_transport,Commuting mode share - public transport,Mobility (context),fua,26.7,PT_WR (% of workers),,2024,,current,higher=better,OECD,
CH009,St. Gallen,CH,context,commuting_bike,Commuting mode share - bicycle,Mobility (context),fua,7.1,PT_WR (% of workers),,2024,,current,higher=better,OECD,
CH009,St. Gallen,CH,context,commuting_walk,Commuting mode share - walking,Mobility (context),fua,9.8,PT_WR (% of workers),,2024,,current,higher=better,OECD,
CH009,St. Gallen,CH,context,commuting_car,Commuting mode share - car,Mobility (context),fua,55.5,PT_WR (% of workers),,2024,,current,higher=worse,OECD,
CH010,Biel/Bienne,CH,indicator,pm25,Mean PM2.5 population exposure,Environment,fua,33.76956597930609,MCG_M3 (ug/m3),30.13,2025,,,higher=worse,OECD,
CH010,Biel/Bienne,CH,indicator,green_area,Green area per inhabitant (urban centre),Environment,fua,128,M2_PS (m2/person),41.49,2021,,,higher=better,OECD,
CH010,Biel/Bienne,CH,indicator,public_transport_access,Population with access to public transport (15-minute walk),Mobility,fua,97.6,PT_POP (% population),78.78,2023,,,higher=better,OECD,
CH010,Biel/Bienne,CH,indicator,employment_rate,Employment rate (15-64),Economic Opportunity,fua,,PT_POP_SUB (% of working-age population),,,,,higher=better,OECD,
CH010,Biel/Bienne,CH,indicator,unemployment_rate,Unemployment rate (15-64),Economic Opportunity,fua,,PT_LF_SUB (% of labour force),,,,,higher=worse,OECD,
CH010,Biel/Bienne,CH,composite,environment_score,Environment composite score,Environment,fua (composite),,score (0-100),35.81,,,,,derived (V1 approved composites),
CH010,Biel/Bienne,CH,composite,mobility_score,Mobility composite score,Mobility,fua (composite),,score (0-100),78.78,,,,,derived (V1 approved composites),
CH010,Biel/Bienne,CH,composite,economic_opportunity_score,Economic Opportunity composite score,Economic Opportunity,fua (composite),,score (0-100),,,,,,derived (V1 approved composites),
CH010,Biel/Bienne,CH,context,population,Population (total),Context,fua,142766,PS (persons),,2023,,,neutral (context),OECD,
CH010,Biel/Bienne,CH,context,commuting_public_transport,Commuting mode share - public transport,Mobility (context),fua,27.6,PT_WR (% of workers),,2024,,current,higher=better,OECD,
CH010,Biel/Bienne,CH,context,commuting_bike,Commuting mode share - bicycle,Mobility (context),fua,10.7,PT_WR (% of workers),,2024,,current,higher=better,OECD,
CH010,Biel/Bienne,CH,context,commuting_walk,Commuting mode share - walking,Mobility (context),fua,8.2,PT_WR (% of workers),,2024,,current,higher=better,OECD,
CH010,Biel/Bienne,CH,context,commuting_car,Commuting mode share - car,Mobility (context),fua,52.8,PT_WR (% of workers),,2024,,current,higher=worse,OECD,
CZ001,Praha,CZ,indicator,pm25,Mean PM2.5 population exposure,Environment,fua,35.06330850444776,MCG_M3 (ug/m3),27.03,2025,,,higher=worse,OECD,
CZ001,Praha,CZ,indicator,green_area,Green area per inhabitant (urban centre),Environment,fua,130,M2_PS (m2/person),42.7,2021,,,higher=better,OECD,
CZ001,Praha,CZ,indicator,public_transport_access,Population with access to public transport (15-minute walk),Mobility,fua,97.7,PT_POP (% population),80.37,2023,,,higher=better,OECD,
CZ001,Praha,CZ,indicator,employment_rate,Employment rate (15-64),Economic Opportunity,fua,75.9,PT_POP_SUB (% of working-age population),79.89,2022,,,higher=better,OECD,
CZ001,Praha,CZ,indicator,unemployment_rate,Unemployment rate (15-64),Economic Opportunity,fua,1.5,PT_LF_SUB (% of labour force),99.43,2022,,,higher=worse,OECD,
CZ001,Praha,CZ,composite,environment_score,Environment composite score,Environment,fua (composite),,score (0-100),34.87,,,,,derived (V1 approved composites),
CZ001,Praha,CZ,composite,mobility_score,Mobility composite score,Mobility,fua (composite),,score (0-100),80.37,,,,,derived (V1 approved composites),
CZ001,Praha,CZ,composite,economic_opportunity_score,Economic Opportunity composite score,Economic Opportunity,fua (composite),,score (0-100),89.66,,,,,derived (V1 approved composites),
CZ001,Praha,CZ,perception_dimension,perceived_safety,Perceived safety (safe walking at night after dark),Safety,city_core,60.7,"PC (sum of response-category shares, % of respondents)",26.25,2023,,,higher=better,Eurostat,CZ001C
CZ001,Praha,CZ,perception_dimension,community,Trust / community (generalised trust),Community,city_core,47.5,"PC (sum of response-category shares, % of respondents)",15.0,2023,,,higher=better,Eurostat,CZ001C
CZ001,Praha,CZ,perception_dimension,life_satisfaction,Life satisfaction (the life you lead),Life Balance,city_core,86.9,"PC (sum of response-category shares, % of respondents)",75.62,2023,,,higher=better,Eurostat,CZ001C
CZ001,Praha,CZ,perception_dimension,housing_satisfaction,Housing satisfaction (easy to find good housing at a reasonable price),Housing,city_core,24.0,"PC (sum of response-category shares, % of respondents)",37.5,2023,,,higher=better,Eurostat,CZ001C
CZ001,Praha,CZ,context,population,Population (total),Context,fua,2286475,PS (persons),,2025,,,neutral (context),OECD,
CZ001,Praha,CZ,context,commuting_public_transport,Commuting mode share - public transport,Mobility (context),fua,41.4,PT_WR (% of workers),,2021,,current,higher=better,OECD,
CZ001,Praha,CZ,context,commuting_bike,Commuting mode share - bicycle,Mobility (context),fua,1.6,PT_WR (% of workers),,2021,,current,higher=better,OECD,
CZ001,Praha,CZ,context,commuting_walk,Commuting mode share - walking,Mobility (context),fua,6.6,PT_WR (% of workers),,2021,,current,higher=better,OECD,
CZ001,Praha,CZ,context,commuting_car,Commuting mode share - car,Mobility (context),fua,42.2,PT_WR (% of workers),,2021,,current,higher=worse,OECD,
CZ002,Brno,CZ,indicator,pm25,Mean PM2.5 population exposure,Environment,fua,32.44498117683241,MCG_M3 (ug/m3),35.75,2025,,,higher=worse,OECD,
CZ002,Brno,CZ,indicator,green_area,Green area per inhabitant (urban centre),Environment,fua,143,M2_PS (m2/person),50.96,2021,,,higher=better,OECD,
CZ002,Brno,CZ,indicator,public_transport_access,Population with access to public transport (15-minute walk),Mobility,fua,,PT_POP (% population),,,,,higher=better,OECD,
CZ002,Brno,CZ,indicator,employment_rate,Employment rate (15-64),Economic Opportunity,fua,74,PT_POP_SUB (% of working-age population),71.22,2022,,,higher=better,OECD,
CZ002,Brno,CZ,indicator,unemployment_rate,Unemployment rate (15-64),Economic Opportunity,fua,1.9,PT_LF_SUB (% of labour force),98.87,2022,,,higher=worse,OECD,
CZ002,Brno,CZ,composite,environment_score,Environment composite score,Environment,fua (composite),,score (0-100),43.36,,,,,derived (V1 approved composites),
CZ002,Brno,CZ,composite,mobility_score,Mobility composite score,Mobility,fua (composite),,score (0-100),,,,,,derived (V1 approved composites),
CZ002,Brno,CZ,composite,economic_opportunity_score,Economic Opportunity composite score,Economic Opportunity,fua (composite),,score (0-100),85.05,,,,,derived (V1 approved composites),
CZ002,Brno,CZ,context,population,Population (total),Context,fua,780906,PS (persons),,2025,,,neutral (context),OECD,
CZ002,Brno,CZ,context,commuting_public_transport,Commuting mode share - public transport,Mobility (context),fua,33.6,PT_WR (% of workers),,2021,,current,higher=better,OECD,
CZ002,Brno,CZ,context,commuting_bike,Commuting mode share - bicycle,Mobility (context),fua,2.7,PT_WR (% of workers),,2021,,current,higher=better,OECD,
CZ002,Brno,CZ,context,commuting_walk,Commuting mode share - walking,Mobility (context),fua,8.4,PT_WR (% of workers),,2021,,current,higher=better,OECD,
CZ002,Brno,CZ,context,commuting_car,Commuting mode share - car,Mobility (context),fua,49,PT_WR (% of workers),,2021,,current,higher=worse,OECD,
CZ003,Ostrava,CZ,indicator,pm25,Mean PM2.5 population exposure,Environment,fua,37.21926512604085,MCG_M3 (ug/m3),20.83,2025,,,higher=worse,OECD,
CZ003,Ostrava,CZ,indicator,green_area,Green area per inhabitant (urban centre),Environment,fua,247,M2_PS (m2/person),94.46,2021,,,higher=better,OECD,
CZ003,Ostrava,CZ,indicator,public_transport_access,Population with access to public transport (15-minute walk),Mobility,fua,,PT_POP (% population),,,,,higher=better,OECD,
CZ003,Ostrava,CZ,indicator,employment_rate,Employment rate (15-64),Economic Opportunity,fua,72.5,PT_POP_SUB (% of working-age population),61.62,2022,,,higher=better,OECD,
CZ003,Ostrava,CZ,indicator,unemployment_rate,Unemployment rate (15-64),Economic Opportunity,fua,4,PT_LF_SUB (% of labour force),76.42,2022,,,higher=worse,OECD,
CZ003,Ostrava,CZ,composite,environment_score,Environment composite score,Environment,fua (composite),,score (0-100),57.64,,,,,derived (V1 approved composites),
CZ003,Ostrava,CZ,composite,mobility_score,Mobility composite score,Mobility,fua (composite),,score (0-100),,,,,,derived (V1 approved composites),
CZ003,Ostrava,CZ,composite,economic_opportunity_score,Economic Opportunity composite score,Economic Opportunity,fua (composite),,score (0-100),69.02,,,,,derived (V1 approved composites),
CZ003,Ostrava,CZ,perception_dimension,perceived_safety,Perceived safety (safe walking at night after dark),Safety,city_core,44.0,"PC (sum of response-category shares, % of respondents)",8.75,2023,,,higher=better,Eurostat,CZ003C
CZ003,Ostrava,CZ,perception_dimension,community,Trust / community (generalised trust),Community,city_core,43.5,"PC (sum of response-category shares, % of respondents)",10.0,2023,,,higher=better,Eurostat,CZ003C
CZ003,Ostrava,CZ,perception_dimension,life_satisfaction,Life satisfaction (the life you lead),Life Balance,city_core,86.2,"PC (sum of response-category shares, % of respondents)",67.5,2023,,,higher=better,Eurostat,CZ003C
CZ003,Ostrava,CZ,perception_dimension,housing_satisfaction,Housing satisfaction (easy to find good housing at a reasonable price),Housing,city_core,47.1,"PC (sum of response-category shares, % of respondents)",86.25,2023,,,higher=better,Eurostat,CZ003C
CZ003,Ostrava,CZ,context,population,Population (total),Context,fua,606008,PS (persons),,2025,,,neutral (context),OECD,
CZ003,Ostrava,CZ,context,commuting_public_transport,Commuting mode share - public transport,Mobility (context),fua,27,PT_WR (% of workers),,2021,,current,higher=better,OECD,
CZ003,Ostrava,CZ,context,commuting_bike,Commuting mode share - bicycle,Mobility (context),fua,2.8,PT_WR (% of workers),,2021,,current,higher=better,OECD,
CZ003,Ostrava,CZ,context,commuting_walk,Commuting mode share - walking,Mobility (context),fua,7.6,PT_WR (% of workers),,2021,,current,higher=better,OECD,
CZ003,Ostrava,CZ,context,commuting_car,Commuting mode share - car,Mobility (context),fua,57.1,PT_WR (% of workers),,2021,,current,higher=worse,OECD,
CZ004,Plzeň,CZ,indicator,pm25,Mean PM2.5 population exposure,Environment,fua,29.263556869713916,MCG_M3 (ug/m3),47.86,2025,,,higher=worse,OECD,
CZ004,Plzeň,CZ,indicator,green_area,Green area per inhabitant (urban centre),Environment,fua,177,M2_PS (m2/person),71.43,2021,,,higher=better,OECD,
CZ004,Plzeň,CZ,indicator,public_transport_access,Population with access to public transport (15-minute walk),Mobility,fua,,PT_POP (% population),,,,,higher=better,OECD,
CZ004,Plzeň,CZ,indicator,employment_rate,Employment rate (15-64),Economic Opportunity,fua,74.9,PT_POP_SUB (% of working-age population),75.65,2022,,,higher=better,OECD,
CZ004,Plzeň,CZ,indicator,unemployment_rate,Unemployment rate (15-64),Economic Opportunity,fua,2.1,PT_LF_SUB (% of labour force),98.49,2022,,,higher=worse,OECD,
CZ004,Plzeň,CZ,composite,environment_score,Environment composite score,Environment,fua (composite),,score (0-100),59.65,,,,,derived (V1 approved composites),
CZ004,Plzeň,CZ,composite,mobility_score,Mobility composite score,Mobility,fua (composite),,score (0-100),,,,,,derived (V1 approved composites),
CZ004,Plzeň,CZ,composite,economic_opportunity_score,Economic Opportunity composite score,Economic Opportunity,fua (composite),,score (0-100),87.07,,,,,derived (V1 approved composites),
CZ004,Plzeň,CZ,context,population,Population (total),Context,fua,370828,PS (persons),,2025,,,neutral (context),OECD,
CZ004,Plzeň,CZ,context,commuting_public_transport,Commuting mode share - public transport,Mobility (context),fua,22.7,PT_WR (% of workers),,2021,,current,higher=better,OECD,
CZ004,Plzeň,CZ,context,commuting_bike,Commuting mode share - bicycle,Mobility (context),fua,2.7,PT_WR (% of workers),,2021,,current,higher=better,OECD,
CZ004,Plzeň,CZ,context,commuting_walk,Commuting mode share - walking,Mobility (context),fua,8,PT_WR (% of workers),,2021,,current,higher=better,OECD,
CZ004,Plzeň,CZ,context,commuting_car,Commuting mode share - car,Mobility (context),fua,59.6,PT_WR (% of workers),,2021,,current,higher=worse,OECD,
CZ006,Olomouc,CZ,indicator,pm25,Mean PM2.5 population exposure,Environment,fua,30.965342611955226,MCG_M3 (ug/m3),40.18,2025,,,higher=worse,OECD,
CZ006,Olomouc,CZ,indicator,green_area,Green area per inhabitant (urban centre),Environment,fua,127,M2_PS (m2/person),40.61,2021,,,higher=better,OECD,
CZ006,Olomouc,CZ,indicator,public_transport_access,Population with access to public transport (15-minute walk),Mobility,fua,51.6,PT_POP (% population),1.06,2023,,,higher=better,OECD,
CZ006,Olomouc,CZ,indicator,employment_rate,Employment rate (15-64),Economic Opportunity,fua,,PT_POP_SUB (% of working-age population),,,,,higher=better,OECD,
CZ006,Olomouc,CZ,indicator,unemployment_rate,Unemployment rate (15-64),Economic Opportunity,fua,,PT_LF_SUB (% of labour force),,,,,higher=worse,OECD,
CZ006,Olomouc,CZ,composite,environment_score,Environment composite score,Environment,fua (composite),,score (0-100),40.39,,,,,derived (V1 approved composites),
CZ006,Olomouc,CZ,composite,mobility_score,Mobility composite score,Mobility,fua (composite),,score (0-100),1.06,,,,,derived (V1 approved composites),
CZ006,Olomouc,CZ,composite,economic_opportunity_score,Economic Opportunity composite score,Economic Opportunity,fua (composite),,score (0-100),,,,,,derived (V1 approved composites),
CZ006,Olomouc,CZ,context,population,Population (total),Context,fua,223526,PS (persons),,2025,,,neutral (context),OECD,
CZ006,Olomouc,CZ,context,commuting_public_transport,Commuting mode share - public transport,Mobility (context),fua,20.4,PT_WR (% of workers),,2021,,current,higher=better,OECD,
CZ006,Olomouc,CZ,context,commuting_bike,Commuting mode share - bicycle,Mobility (context),fua,7.5,PT_WR (% of workers),,2021,,current,higher=better,OECD,
CZ006,Olomouc,CZ,context,commuting_walk,Commuting mode share - walking,Mobility (context),fua,12.1,PT_WR (% of workers),,2021,,current,higher=better,OECD,
CZ006,Olomouc,CZ,context,commuting_car,Commuting mode share - car,Mobility (context),fua,54.4,PT_WR (% of workers),,2021,,current,higher=worse,OECD,
CZ007,Liberec,CZ,indicator,pm25,Mean PM2.5 population exposure,Environment,fua,32.12490074778737,MCG_M3 (ug/m3),36.34,2025,,,higher=worse,OECD,
CZ007,Liberec,CZ,indicator,green_area,Green area per inhabitant (urban centre),Environment,fua,231,M2_PS (m2/person),91.01,2021,,,higher=better,OECD,
CZ007,Liberec,CZ,indicator,public_transport_access,Population with access to public transport (15-minute walk),Mobility,fua,74.7,PT_POP (% population),8.22,2023,,,higher=better,OECD,
CZ007,Liberec,CZ,indicator,employment_rate,Employment rate (15-64),Economic Opportunity,fua,,PT_POP_SUB (% of working-age population),,,,,higher=better,OECD,
CZ007,Liberec,CZ,indicator,unemployment_rate,Unemployment rate (15-64),Economic Opportunity,fua,,PT_LF_SUB (% of labour force),,,,,higher=worse,OECD,
CZ007,Liberec,CZ,composite,environment_score,Environment composite score,Environment,fua (composite),,score (0-100),63.68,,,,,derived (V1 approved composites),
CZ007,Liberec,CZ,composite,mobility_score,Mobility composite score,Mobility,fua (composite),,score (0-100),8.22,,,,,derived (V1 approved composites),
CZ007,Liberec,CZ,composite,economic_opportunity_score,Economic Opportunity composite score,Economic Opportunity,fua (composite),,score (0-100),,,,,,derived (V1 approved composites),
CZ007,Liberec,CZ,context,population,Population (total),Context,fua,228071,PS (persons),,2025,,,neutral (context),OECD,
CZ007,Liberec,CZ,context,commuting_public_transport,Commuting mode share - public transport,Mobility (context),fua,21.4,PT_WR (% of workers),,2021,,current,higher=better,OECD,
CZ007,Liberec,CZ,context,commuting_bike,Commuting mode share - bicycle,Mobility (context),fua,1.8,PT_WR (% of workers),,2021,,current,higher=better,OECD,
CZ007,Liberec,CZ,context,commuting_walk,Commuting mode share - walking,Mobility (context),fua,13.6,PT_WR (% of workers),,2021,,current,higher=better,OECD,
CZ007,Liberec,CZ,context,commuting_car,Commuting mode share - car,Mobility (context),fua,55.3,PT_WR (% of workers),,2021,,current,higher=worse,OECD,
DE001,Berlin,DE,indicator,pm25,Mean PM2.5 population exposure,Environment,fua,31.129448051728026,MCG_M3 (ug/m3),39.88,2025,,,higher=worse,OECD,
DE001,Berlin,DE,indicator,green_area,Green area per inhabitant (urban centre),Environment,fua,123,M2_PS (m2/person),37.56,2021,,,higher=better,OECD,
DE001,Berlin,DE,indicator,public_transport_access,Population with access to public transport (15-minute walk),Mobility,fua,97.8,PT_POP (% population),81.7,2023,,,higher=better,OECD,
DE001,Berlin,DE,indicator,employment_rate,Employment rate (15-64),Economic Opportunity,fua,74.2,PT_POP_SUB (% of working-age population),72.88,2021,,,higher=better,OECD,
DE001,Berlin,DE,indicator,unemployment_rate,Unemployment rate (15-64),Economic Opportunity,fua,9.2,PT_LF_SUB (% of labour force),16.42,2021,,,higher=worse,OECD,
DE001,Berlin,DE,composite,environment_score,Environment composite score,Environment,fua (composite),,score (0-100),38.72,,,,,derived (V1 approved composites),
DE001,Berlin,DE,composite,mobility_score,Mobility composite score,Mobility,fua (composite),,score (0-100),81.7,,,,,derived (V1 approved composites),
DE001,Berlin,DE,composite,economic_opportunity_score,Economic Opportunity composite score,Economic Opportunity,fua (composite),,score (0-100),44.65,,,,,derived (V1 approved composites),
DE001,Berlin,DE,perception_dimension,perceived_safety,Perceived safety (safe walking at night after dark),Safety,city_core,58.8,"PC (sum of response-category shares, % of respondents)",22.5,2023,,,higher=better,Eurostat,DE001C
DE001,Berlin,DE,perception_dimension,community,Trust / community (generalised trust),Community,city_core,62.2,"PC (sum of response-category shares, % of respondents)",41.25,2023,,,higher=better,Eurostat,DE001C
DE001,Berlin,DE,perception_dimension,life_satisfaction,Life satisfaction (the life you lead),Life Balance,city_core,88.1,"PC (sum of response-category shares, % of respondents)",85.62,2023,,,higher=better,Eurostat,DE001C
DE001,Berlin,DE,perception_dimension,housing_satisfaction,Housing satisfaction (easy to find good housing at a reasonable price),Housing,city_core,18.5,"PC (sum of response-category shares, % of respondents)",22.5,2023,,,higher=better,Eurostat,DE001C
DE001,Berlin,DE,context,population,Population (total),Context,fua,5080569,PS (persons),,2025,,,neutral (context),OECD,
DE001,Berlin,DE,context,commuting_public_transport,Commuting mode share - public transport,Mobility (context),fua,33.5,PT_WR (% of workers),,2016,,stale_commuting_context,higher=better,OECD,
DE001,Berlin,DE,context,commuting_bike,Commuting mode share - bicycle,Mobility (context),fua,11.9,PT_WR (% of workers),,2016,,stale_commuting_context,higher=better,OECD,
DE001,Berlin,DE,context,commuting_walk,Commuting mode share - walking,Mobility (context),fua,5.7,PT_WR (% of workers),,2016,,stale_commuting_context,higher=better,OECD,
DE001,Berlin,DE,context,commuting_car,Commuting mode share - car,Mobility (context),fua,47.6,PT_WR (% of workers),,2016,,stale_commuting_context,higher=worse,OECD,
DE002,Hamburg,DE,indicator,pm25,Mean PM2.5 population exposure,Environment,fua,27.451392355505213,MCG_M3 (ug/m3),59.23,2025,,,higher=worse,OECD,
DE002,Hamburg,DE,indicator,green_area,Green area per inhabitant (urban centre),Environment,fua,199,M2_PS (m2/person),81.14,2021,,,higher=better,OECD,
DE002,Hamburg,DE,indicator,public_transport_access,Population with access to public transport (15-minute walk),Mobility,fua,97.4,PT_POP (% population),75.73,2023,,,higher=better,OECD,
DE002,Hamburg,DE,indicator,employment_rate,Employment rate (15-64),Economic Opportunity,fua,76.2,PT_POP_SUB (% of working-age population),81.0,2021,,,higher=better,OECD,
DE002,Hamburg,DE,indicator,unemployment_rate,Unemployment rate (15-64),Economic Opportunity,fua,6.9,PT_LF_SUB (% of labour force),43.4,2021,,,higher=worse,OECD,
DE002,Hamburg,DE,composite,environment_score,Environment composite score,Environment,fua (composite),,score (0-100),70.19,,,,,derived (V1 approved composites),
DE002,Hamburg,DE,composite,mobility_score,Mobility composite score,Mobility,fua (composite),,score (0-100),75.73,,,,,derived (V1 approved composites),
DE002,Hamburg,DE,composite,economic_opportunity_score,Economic Opportunity composite score,Economic Opportunity,fua (composite),,score (0-100),62.2,,,,,derived (V1 approved composites),
DE002,Hamburg,DE,perception_dimension,perceived_safety,Perceived safety (safe walking at night after dark),Safety,city_core,73.5,"PC (sum of response-category shares, % of respondents)",62.5,2023,,,higher=better,Eurostat,DE002C
DE002,Hamburg,DE,perception_dimension,community,Trust / community (generalised trust),Community,city_core,75.6,"PC (sum of response-category shares, % of respondents)",81.25,2023,,,higher=better,Eurostat,DE002C
DE002,Hamburg,DE,perception_dimension,life_satisfaction,Life satisfaction (the life you lead),Life Balance,city_core,85.9,"PC (sum of response-category shares, % of respondents)",61.25,2023,,,higher=better,Eurostat,DE002C
DE002,Hamburg,DE,perception_dimension,housing_satisfaction,Housing satisfaction (easy to find good housing at a reasonable price),Housing,city_core,10.6,"PC (sum of response-category shares, % of respondents)",5.0,2023,,,higher=better,Eurostat,DE002C
DE002,Hamburg,DE,context,population,Population (total),Context,fua,3286152,PS (persons),,2025,,,neutral (context),OECD,
DE002,Hamburg,DE,context,commuting_public_transport,Commuting mode share - public transport,Mobility (context),fua,28.6,PT_WR (% of workers),,2016,,stale_commuting_context,higher=better,OECD,
DE002,Hamburg,DE,context,commuting_bike,Commuting mode share - bicycle,Mobility (context),fua,10.2,PT_WR (% of workers),,2016,,stale_commuting_context,higher=better,OECD,
DE002,Hamburg,DE,context,commuting_walk,Commuting mode share - walking,Mobility (context),fua,6.2,PT_WR (% of workers),,2016,,stale_commuting_context,higher=better,OECD,
DE002,Hamburg,DE,context,commuting_car,Commuting mode share - car,Mobility (context),fua,54.1,PT_WR (% of workers),,2016,,stale_commuting_context,higher=worse,OECD,
DE003,München,DE,indicator,pm25,Mean PM2.5 population exposure,Environment,fua,31.51359709555515,MCG_M3 (ug/m3),37.81,2025,,,higher=worse,OECD,
DE003,München,DE,indicator,green_area,Green area per inhabitant (urban centre),Environment,fua,102,M2_PS (m2/person),26.0,2021,,,higher=better,OECD,
DE003,München,DE,indicator,public_transport_access,Population with access to public transport (15-minute walk),Mobility,fua,96.4,PT_POP (% population),64.46,2023,,,higher=better,OECD,
DE003,München,DE,indicator,employment_rate,Employment rate (15-64),Economic Opportunity,fua,77.2,PT_POP_SUB (% of working-age population),85.06,2021,,,higher=better,OECD,
DE003,München,DE,indicator,unemployment_rate,Unemployment rate (15-64),Economic Opportunity,fua,4.1,PT_LF_SUB (% of labour force),74.91,2021,,,higher=worse,OECD,
DE003,München,DE,composite,environment_score,Environment composite score,Environment,fua (composite),,score (0-100),31.91,,,,,derived (V1 approved composites),
DE003,München,DE,composite,mobility_score,Mobility composite score,Mobility,fua (composite),,score (0-100),64.46,,,,,derived (V1 approved composites),
DE003,München,DE,composite,economic_opportunity_score,Economic Opportunity composite score,Economic Opportunity,fua (composite),,score (0-100),79.98,,,,,derived (V1 approved composites),
DE003,München,DE,perception_dimension,perceived_safety,Perceived safety (safe walking at night after dark),Safety,city_core,76.5,"PC (sum of response-category shares, % of respondents)",67.5,2023,,,higher=better,Eurostat,DE003C
DE003,München,DE,perception_dimension,community,Trust / community (generalised trust),Community,city_core,76.7,"PC (sum of response-category shares, % of respondents)",83.75,2023,,,higher=better,Eurostat,DE003C
DE003,München,DE,perception_dimension,life_satisfaction,Life satisfaction (the life you lead),Life Balance,city_core,88.4,"PC (sum of response-category shares, % of respondents)",88.12,2023,,,higher=better,Eurostat,DE003C
DE003,München,DE,perception_dimension,housing_satisfaction,Housing satisfaction (easy to find good housing at a reasonable price),Housing,city_core,10.1,"PC (sum of response-category shares, % of respondents)",2.5,2023,,,higher=better,Eurostat,DE003C
DE003,München,DE,context,population,Population (total),Context,fua,3002043,PS (persons),,2025,,,neutral (context),OECD,
DE003,München,DE,context,commuting_public_transport,Commuting mode share - public transport,Mobility (context),fua,32.1,PT_WR (% of workers),,2016,,stale_commuting_context,higher=better,OECD,
DE003,München,DE,context,commuting_bike,Commuting mode share - bicycle,Mobility (context),fua,9.9,PT_WR (% of workers),,2016,,stale_commuting_context,higher=better,OECD,
DE003,München,DE,context,commuting_walk,Commuting mode share - walking,Mobility (context),fua,7,PT_WR (% of workers),,2016,,stale_commuting_context,higher=better,OECD,
DE003,München,DE,context,commuting_car,Commuting mode share - car,Mobility (context),fua,49.8,PT_WR (% of workers),,2016,,stale_commuting_context,higher=worse,OECD,
DE004,Köln,DE,indicator,pm25,Mean PM2.5 population exposure,Environment,fua,29.578323289874497,MCG_M3 (ug/m3),46.68,2025,,,higher=worse,OECD,
DE004,Köln,DE,indicator,green_area,Green area per inhabitant (urban centre),Environment,fua,184,M2_PS (m2/person),74.24,2021,,,higher=better,OECD,
DE004,Köln,DE,indicator,public_transport_access,Population with access to public transport (15-minute walk),Mobility,fua,97.4,PT_POP (% population),75.73,2023,,,higher=better,OECD,
DE004,Köln,DE,indicator,employment_rate,Employment rate (15-64),Economic Opportunity,fua,70.5,PT_POP_SUB (% of working-age population),52.58,2021,,,higher=better,OECD,
DE004,Köln,DE,indicator,unemployment_rate,Unemployment rate (15-64),Economic Opportunity,fua,9,PT_LF_SUB (% of labour force),18.87,2021,,,higher=worse,OECD,
DE004,Köln,DE,composite,environment_score,Environment composite score,Environment,fua (composite),,score (0-100),60.46,,,,,derived (V1 approved composites),
DE004,Köln,DE,composite,mobility_score,Mobility composite score,Mobility,fua (composite),,score (0-100),75.73,,,,,derived (V1 approved composites),
DE004,Köln,DE,composite,economic_opportunity_score,Economic Opportunity composite score,Economic Opportunity,fua (composite),,score (0-100),35.73,,,,,derived (V1 approved composites),
DE004,Köln,DE,context,population,Population (total),Context,fua,2315968,PS (persons),,2025,,,neutral (context),OECD,
DE004,Köln,DE,context,commuting_public_transport,Commuting mode share - public transport,Mobility (context),fua,24.1,PT_WR (% of workers),,2016,,stale_commuting_context,higher=better,OECD,
DE004,Köln,DE,context,commuting_bike,Commuting mode share - bicycle,Mobility (context),fua,10,PT_WR (% of workers),,2016,,stale_commuting_context,higher=better,OECD,
DE004,Köln,DE,context,commuting_walk,Commuting mode share - walking,Mobility (context),fua,6.4,PT_WR (% of workers),,2016,,stale_commuting_context,higher=better,OECD,
DE004,Köln,DE,context,commuting_car,Commuting mode share - car,Mobility (context),fua,58.5,PT_WR (% of workers),,2016,,stale_commuting_context,higher=worse,OECD,
DE005,Frankfurt am Main,DE,indicator,pm25,Mean PM2.5 population exposure,Environment,fua,30.4720865902796,MCG_M3 (ug/m3),43.13,2025,,,higher=worse,OECD,
DE005,Frankfurt am Main,DE,indicator,green_area,Green area per inhabitant (urban centre),Environment,fua,146,M2_PS (m2/person),53.77,2021,,,higher=better,OECD,
DE005,Frankfurt am Main,DE,indicator,public_transport_access,Population with access to public transport (15-minute walk),Mobility,fua,98.5,PT_POP (% population),90.58,2023,,,higher=better,OECD,
DE005,Frankfurt am Main,DE,indicator,employment_rate,Employment rate (15-64),Economic Opportunity,fua,72.6,PT_POP_SUB (% of working-age population),63.1,2021,,,higher=better,OECD,
DE005,Frankfurt am Main,DE,indicator,unemployment_rate,Unemployment rate (15-64),Economic Opportunity,fua,6.2,PT_LF_SUB (% of labour force),54.91,2021,,,higher=worse,OECD,
DE005,Frankfurt am Main,DE,composite,environment_score,Environment composite score,Environment,fua (composite),,score (0-100),48.45,,,,,derived (V1 approved composites),
DE005,Frankfurt am Main,DE,composite,mobility_score,Mobility composite score,Mobility,fua (composite),,score (0-100),90.58,,,,,derived (V1 approved composites),
DE005,Frankfurt am Main,DE,composite,economic_opportunity_score,Economic Opportunity composite score,Economic Opportunity,fua (composite),,score (0-100),59.0,,,,,derived (V1 approved composites),
DE005,Frankfurt am Main,DE,context,population,Population (total),Context,fua,2668350,PS (persons),,2025,,,neutral (context),OECD,
DE005,Frankfurt am Main,DE,context,commuting_public_transport,Commuting mode share - public transport,Mobility (context),fua,22.9,PT_WR (% of workers),,2016,,stale_commuting_context,higher=better,OECD,
DE005,Frankfurt am Main,DE,context,commuting_bike,Commuting mode share - bicycle,Mobility (context),fua,7.1,PT_WR (% of workers),,2016,,stale_commuting_context,higher=better,OECD,
DE005,Frankfurt am Main,DE,context,commuting_walk,Commuting mode share - walking,Mobility (context),fua,8.8,PT_WR (% of workers),,2016,,stale_commuting_context,higher=better,OECD,
DE005,Frankfurt am Main,DE,context,commuting_car,Commuting mode share - car,Mobility (context),fua,60.1,PT_WR (% of workers),,2016,,stale_commuting_context,higher=worse,OECD,
DE006,Ruhrgebiet,DE,indicator,pm25,Mean PM2.5 population exposure,Environment,fua,30.92363069762172,MCG_M3 (ug/m3),40.32,2025,,,higher=worse,OECD,
DE006,Ruhrgebiet,DE,indicator,green_area,Green area per inhabitant (urban centre),Environment,fua,224,M2_PS (m2/person),88.84,2021,,,higher=better,OECD,
DE006,Ruhrgebiet,DE,indicator,public_transport_access,Population with access to public transport (15-minute walk),Mobility,fua,97.9,PT_POP (% population),83.29,2023,,,higher=better,OECD,
DE006,Ruhrgebiet,DE,indicator,employment_rate,Employment rate (15-64),Economic Opportunity,fua,68.9,PT_POP_SUB (% of working-age population),38.93,2021,,,higher=better,OECD,
DE006,Ruhrgebiet,DE,indicator,unemployment_rate,Unemployment rate (15-64),Economic Opportunity,fua,10.9,PT_LF_SUB (% of labour force),9.43,2021,,,higher=worse,OECD,
DE006,Ruhrgebiet,DE,composite,environment_score,Environment composite score,Environment,fua (composite),,score (0-100),64.58,,,,,derived (V1 approved composites),
DE006,Ruhrgebiet,DE,composite,mobility_score,Mobility composite score,Mobility,fua (composite),,score (0-100),83.29,,,,,derived (V1 approved composites),
DE006,Ruhrgebiet,DE,composite,economic_opportunity_score,Economic Opportunity composite score,Economic Opportunity,fua (composite),,score (0-100),24.18,,,,,derived (V1 approved composites),
DE006,Ruhrgebiet,DE,perception_dimension,perceived_safety,Perceived safety (safe walking at night after dark),Safety,city_core,65.3,"PC (sum of response-category shares, % of respondents)",36.88,2023,,,higher=better,Eurostat,DE006C
DE006,Ruhrgebiet,DE,perception_dimension,community,Trust / community (generalised trust),Community,city_core,67.1,"PC (sum of response-category shares, % of respondents)",60.0,2023,,,higher=better,Eurostat,DE006C
DE006,Ruhrgebiet,DE,perception_dimension,life_satisfaction,Life satisfaction (the life you lead),Life Balance,city_core,88.0,"PC (sum of response-category shares, % of respondents)",82.5,2023,,,higher=better,Eurostat,DE006C
DE006,Ruhrgebiet,DE,perception_dimension,housing_satisfaction,Housing satisfaction (easy to find good housing at a reasonable price),Housing,city_core,29.6,"PC (sum of response-category shares, % of respondents)",48.75,2023,,,higher=better,Eurostat,DE006C
DE006,Ruhrgebiet,DE,context,population,Population (total),Context,fua,1880205,PS (persons),,2025,,,neutral (context),OECD,
DE006,Ruhrgebiet,DE,context,commuting_public_transport,Commuting mode share - public transport,Mobility (context),fua,,PT_WR (% of workers),,,,,higher=better,OECD,
DE006,Ruhrgebiet,DE,context,commuting_bike,Commuting mode share - bicycle,Mobility (context),fua,,PT_WR (% of workers),,,,,higher=better,OECD,
DE006,Ruhrgebiet,DE,context,commuting_walk,Commuting mode share - walking,Mobility (context),fua,,PT_WR (% of workers),,,,,higher=better,OECD,
DE006,Ruhrgebiet,DE,context,commuting_car,Commuting mode share - car,Mobility (context),fua,,PT_WR (% of workers),,,,,higher=worse,OECD,
DE007,Stuttgart,DE,indicator,pm25,Mean PM2.5 population exposure,Environment,fua,38.71857296589441,MCG_M3 (ug/m3),17.13,2025,,,higher=worse,OECD,
DE007,Stuttgart,DE,indicator,green_area,Green area per inhabitant (urban centre),Environment,fua,167,M2_PS (m2/person),66.05,2021,,,higher=better,OECD,
DE007,Stuttgart,DE,indicator,public_transport_access,Population with access to public transport (15-minute walk),Mobility,fua,98.2,PT_POP (% population),87.0,2023,,,higher=better,OECD,
DE007,Stuttgart,DE,indicator,employment_rate,Employment rate (15-64),Economic Opportunity,fua,77.7,PT_POP_SUB (% of working-age population),87.08,2021,,,higher=better,OECD,
DE007,Stuttgart,DE,indicator,unemployment_rate,Unemployment rate (15-64),Economic Opportunity,fua,4.4,PT_LF_SUB (% of labour force),70.94,2021,,,higher=worse,OECD,
DE007,Stuttgart,DE,composite,environment_score,Environment composite score,Environment,fua (composite),,score (0-100),41.59,,,,,derived (V1 approved composites),
DE007,Stuttgart,DE,composite,mobility_score,Mobility composite score,Mobility,fua (composite),,score (0-100),87.0,,,,,derived (V1 approved composites),
DE007,Stuttgart,DE,composite,economic_opportunity_score,Economic Opportunity composite score,Economic Opportunity,fua (composite),,score (0-100),79.01,,,,,derived (V1 approved composites),
DE007,Stuttgart,DE,perception_dimension,perceived_safety,Perceived safety (safe walking at night after dark),Safety,city_core,63.3,"PC (sum of response-category shares, % of respondents)",30.0,2023,,,higher=better,Eurostat,DE007C
DE007,Stuttgart,DE,perception_dimension,community,Trust / community (generalised trust),Community,city_core,68.1,"PC (sum of response-category shares, % of respondents)",65.0,2023,,,higher=better,Eurostat,DE007C
DE007,Stuttgart,DE,perception_dimension,life_satisfaction,Life satisfaction (the life you lead),Life Balance,city_core,84.2,"PC (sum of response-category shares, % of respondents)",47.5,2023,,,higher=better,Eurostat,DE007C
DE007,Stuttgart,DE,perception_dimension,housing_satisfaction,Housing satisfaction (easy to find good housing at a reasonable price),Housing,city_core,17.7,"PC (sum of response-category shares, % of respondents)",21.25,2023,,,higher=better,Eurostat,DE007C
DE007,Stuttgart,DE,context,population,Population (total),Context,fua,2548138,PS (persons),,2025,,,neutral (context),OECD,
DE007,Stuttgart,DE,context,commuting_public_transport,Commuting mode share - public transport,Mobility (context),fua,19.1,PT_WR (% of workers),,2016,,stale_commuting_context,higher=better,OECD,
DE007,Stuttgart,DE,context,commuting_bike,Commuting mode share - bicycle,Mobility (context),fua,4.9,PT_WR (% of workers),,2016,,stale_commuting_context,higher=better,OECD,
DE007,Stuttgart,DE,context,commuting_walk,Commuting mode share - walking,Mobility (context),fua,9.7,PT_WR (% of workers),,2016,,stale_commuting_context,higher=better,OECD,
DE007,Stuttgart,DE,context,commuting_car,Commuting mode share - car,Mobility (context),fua,65.2,PT_WR (% of workers),,2016,,stale_commuting_context,higher=worse,OECD,
DE008,Leipzig,DE,indicator,pm25,Mean PM2.5 population exposure,Environment,fua,30.04539608699363,MCG_M3 (ug/m3),44.31,2025,,,higher=worse,OECD,
DE008,Leipzig,DE,indicator,green_area,Green area per inhabitant (urban centre),Environment,fua,189,M2_PS (m2/person),76.24,2021,,,higher=better,OECD,
DE008,Leipzig,DE,indicator,public_transport_access,Population with access to public transport (15-minute walk),Mobility,fua,97.5,PT_POP (% population),77.06,2023,,,higher=better,OECD,
DE008,Leipzig,DE,indicator,employment_rate,Employment rate (15-64),Economic Opportunity,fua,74.2,PT_POP_SUB (% of working-age population),72.88,2021,,,higher=better,OECD,
DE008,Leipzig,DE,indicator,unemployment_rate,Unemployment rate (15-64),Economic Opportunity,fua,7.4,PT_LF_SUB (% of labour force),35.47,2021,,,higher=worse,OECD,
DE008,Leipzig,DE,composite,environment_score,Environment composite score,Environment,fua (composite),,score (0-100),60.27,,,,,derived (V1 approved composites),
DE008,Leipzig,DE,composite,mobility_score,Mobility composite score,Mobility,fua (composite),,score (0-100),77.06,,,,,derived (V1 approved composites),
DE008,Leipzig,DE,composite,economic_opportunity_score,Economic Opportunity composite score,Economic Opportunity,fua (composite),,score (0-100),54.17,,,,,derived (V1 approved composites),
DE008,Leipzig,DE,perception_dimension,perceived_safety,Perceived safety (safe walking at night after dark),Safety,city_core,65.3,"PC (sum of response-category shares, % of respondents)",36.88,2023,,,higher=better,Eurostat,DE008C
DE008,Leipzig,DE,perception_dimension,community,Trust / community (generalised trust),Community,city_core,74.7,"PC (sum of response-category shares, % of respondents)",80.0,2023,,,higher=better,Eurostat,DE008C
DE008,Leipzig,DE,perception_dimension,life_satisfaction,Life satisfaction (the life you lead),Life Balance,city_core,88.5,"PC (sum of response-category shares, % of respondents)",90.0,2023,,,higher=better,Eurostat,DE008C
DE008,Leipzig,DE,perception_dimension,housing_satisfaction,Housing satisfaction (easy to find good housing at a reasonable price),Housing,city_core,37.1,"PC (sum of response-category shares, % of respondents)",66.25,2023,,,higher=better,Eurostat,DE008C
DE008,Leipzig,DE,context,population,Population (total),Context,fua,965170,PS (persons),,2025,,,neutral (context),OECD,
DE008,Leipzig,DE,context,commuting_public_transport,Commuting mode share - public transport,Mobility (context),fua,16.1,PT_WR (% of workers),,2016,,stale_commuting_context,higher=better,OECD,
DE008,Leipzig,DE,context,commuting_bike,Commuting mode share - bicycle,Mobility (context),fua,13.4,PT_WR (% of workers),,2016,,stale_commuting_context,higher=better,OECD,
DE008,Leipzig,DE,context,commuting_walk,Commuting mode share - walking,Mobility (context),fua,7.1,PT_WR (% of workers),,2016,,stale_commuting_context,higher=better,OECD,
DE008,Leipzig,DE,context,commuting_car,Commuting mode share - car,Mobility (context),fua,62.5,PT_WR (% of workers),,2016,,stale_commuting_context,higher=worse,OECD,
DE009,Dresden,DE,indicator,pm25,Mean PM2.5 population exposure,Environment,fua,30.48271574860043,MCG_M3 (ug/m3),42.84,2025,,,higher=worse,OECD,
DE009,Dresden,DE,indicator,green_area,Green area per inhabitant (urban centre),Environment,fua,194,M2_PS (m2/person),78.09,2021,,,higher=better,OECD,
DE009,Dresden,DE,indicator,public_transport_access,Population with access to public transport (15-minute walk),Mobility,fua,98.4,PT_POP (% population),88.99,2023,,,higher=better,OECD,
DE009,Dresden,DE,indicator,employment_rate,Employment rate (15-64),Economic Opportunity,fua,76.9,PT_POP_SUB (% of working-age population),83.39,2021,,,higher=better,OECD,
DE009,Dresden,DE,indicator,unemployment_rate,Unemployment rate (15-64),Economic Opportunity,fua,6.3,PT_LF_SUB (% of labour force),52.64,2021,,,higher=worse,OECD,
DE009,Dresden,DE,composite,environment_score,Environment composite score,Environment,fua (composite),,score (0-100),60.47,,,,,derived (V1 approved composites),
DE009,Dresden,DE,composite,mobility_score,Mobility composite score,Mobility,fua (composite),,score (0-100),88.99,,,,,derived (V1 approved composites),
DE009,Dresden,DE,composite,economic_opportunity_score,Economic Opportunity composite score,Economic Opportunity,fua (composite),,score (0-100),68.02,,,,,derived (V1 approved composites),
DE009,Dresden,DE,context,population,Population (total),Context,fua,975419,PS (persons),,2025,,,neutral (context),OECD,
DE009,Dresden,DE,context,commuting_public_transport,Commuting mode share - public transport,Mobility (context),fua,15,PT_WR (% of workers),,2016,,stale_commuting_context,higher=better,OECD,
DE009,Dresden,DE,context,commuting_bike,Commuting mode share - bicycle,Mobility (context),fua,11.6,PT_WR (% of workers),,2016,,stale_commuting_context,higher=better,OECD,
DE009,Dresden,DE,context,commuting_walk,Commuting mode share - walking,Mobility (context),fua,7.8,PT_WR (% of workers),,2016,,stale_commuting_context,higher=better,OECD,
DE009,Dresden,DE,context,commuting_car,Commuting mode share - car,Mobility (context),fua,63.9,PT_WR (% of workers),,2016,,stale_commuting_context,higher=worse,OECD,
DE011,Düsseldorf,DE,indicator,pm25,Mean PM2.5 population exposure,Environment,fua,29.998577018468524,MCG_M3 (ug/m3),44.61,2025,,,higher=worse,OECD,
DE011,Düsseldorf,DE,indicator,green_area,Green area per inhabitant (urban centre),Environment,fua,157,M2_PS (m2/person),60.51,2021,,,higher=better,OECD,
DE011,Düsseldorf,DE,indicator,public_transport_access,Population with access to public transport (15-minute walk),Mobility,fua,98.4,PT_POP (% population),88.99,2023,,,higher=better,OECD,
DE011,Düsseldorf,DE,indicator,employment_rate,Employment rate (15-64),Economic Opportunity,fua,72.8,PT_POP_SUB (% of working-age population),64.39,2021,,,higher=better,OECD,
DE011,Düsseldorf,DE,indicator,unemployment_rate,Unemployment rate (15-64),Economic Opportunity,fua,7.8,PT_LF_SUB (% of labour force),29.62,2021,,,higher=worse,OECD,
DE011,Düsseldorf,DE,composite,environment_score,Environment composite score,Environment,fua (composite),,score (0-100),52.56,,,,,derived (V1 approved composites),
DE011,Düsseldorf,DE,composite,mobility_score,Mobility composite score,Mobility,fua (composite),,score (0-100),88.99,,,,,derived (V1 approved composites),
DE011,Düsseldorf,DE,composite,economic_opportunity_score,Economic Opportunity composite score,Economic Opportunity,fua (composite),,score (0-100),47.01,,,,,derived (V1 approved composites),
DE011,Düsseldorf,DE,context,population,Population (total),Context,fua,1685169,PS (persons),,2025,,,neutral (context),OECD,
DE011,Düsseldorf,DE,context,commuting_public_transport,Commuting mode share - public transport,Mobility (context),fua,20.7,PT_WR (% of workers),,2016,,stale_commuting_context,higher=better,OECD,
DE011,Düsseldorf,DE,context,commuting_bike,Commuting mode share - bicycle,Mobility (context),fua,7.4,PT_WR (% of workers),,2016,,stale_commuting_context,higher=better,OECD,
DE011,Düsseldorf,DE,context,commuting_walk,Commuting mode share - walking,Mobility (context),fua,8.1,PT_WR (% of workers),,2016,,stale_commuting_context,higher=better,OECD,
DE011,Düsseldorf,DE,context,commuting_car,Commuting mode share - car,Mobility (context),fua,62.6,PT_WR (% of workers),,2016,,stale_commuting_context,higher=worse,OECD,
DE012,Bremen,DE,indicator,pm25,Mean PM2.5 population exposure,Environment,fua,28.139443710473675,MCG_M3 (ug/m3),54.8,2025,,,higher=worse,OECD,
DE012,Bremen,DE,indicator,green_area,Green area per inhabitant (urban centre),Environment,fua,201,M2_PS (m2/person),81.94,2021,,,higher=better,OECD,
DE012,Bremen,DE,indicator,public_transport_access,Population with access to public transport (15-minute walk),Mobility,fua,94,PT_POP (% population),47.08,2023,,,higher=better,OECD,
DE012,Bremen,DE,indicator,employment_rate,Employment rate (15-64),Economic Opportunity,fua,72.3,PT_POP_SUB (% of working-age population),60.33,2021,,,higher=better,OECD,
DE012,Bremen,DE,indicator,unemployment_rate,Unemployment rate (15-64),Economic Opportunity,fua,8.6,PT_LF_SUB (% of labour force),23.96,2021,,,higher=worse,OECD,
DE012,Bremen,DE,composite,environment_score,Environment composite score,Environment,fua (composite),,score (0-100),68.37,,,,,derived (V1 approved composites),
DE012,Bremen,DE,composite,mobility_score,Mobility composite score,Mobility,fua (composite),,score (0-100),47.08,,,,,derived (V1 approved composites),
DE012,Bremen,DE,composite,economic_opportunity_score,Economic Opportunity composite score,Economic Opportunity,fua (composite),,score (0-100),42.14,,,,,derived (V1 approved composites),
DE012,Bremen,DE,context,population,Population (total),Context,fua,1069555,PS (persons),,2025,,,neutral (context),OECD,
DE012,Bremen,DE,context,commuting_public_transport,Commuting mode share - public transport,Mobility (context),fua,13.7,PT_WR (% of workers),,2016,,stale_commuting_context,higher=better,OECD,
DE012,Bremen,DE,context,commuting_bike,Commuting mode share - bicycle,Mobility (context),fua,15.7,PT_WR (% of workers),,2016,,stale_commuting_context,higher=better,OECD,
DE012,Bremen,DE,context,commuting_walk,Commuting mode share - walking,Mobility (context),fua,5.9,PT_WR (% of workers),,2016,,stale_commuting_context,higher=better,OECD,
DE012,Bremen,DE,context,commuting_car,Commuting mode share - car,Mobility (context),fua,63.6,PT_WR (% of workers),,2016,,stale_commuting_context,higher=worse,OECD,
DE013,Hannover,DE,indicator,pm25,Mean PM2.5 population exposure,Environment,fua,30.700768885993686,MCG_M3 (ug/m3),41.36,2025,,,higher=worse,OECD,
DE013,Hannover,DE,indicator,green_area,Green area per inhabitant (urban centre),Environment,fua,188,M2_PS (m2/person),75.76,2021,,,higher=better,OECD,
DE013,Hannover,DE,indicator,public_transport_access,Population with access to public transport (15-minute walk),Mobility,fua,97.6,PT_POP (% population),78.78,2023,,,higher=better,OECD,
DE013,Hannover,DE,indicator,employment_rate,Employment rate (15-64),Economic Opportunity,fua,73,PT_POP_SUB (% of working-age population),65.31,2021,,,higher=better,OECD,
DE013,Hannover,DE,indicator,unemployment_rate,Unemployment rate (15-64),Economic Opportunity,fua,8.2,PT_LF_SUB (% of labour force),25.66,2021,,,higher=worse,OECD,
DE013,Hannover,DE,composite,environment_score,Environment composite score,Environment,fua (composite),,score (0-100),58.56,,,,,derived (V1 approved composites),
DE013,Hannover,DE,composite,mobility_score,Mobility composite score,Mobility,fua (composite),,score (0-100),78.78,,,,,derived (V1 approved composites),
DE013,Hannover,DE,composite,economic_opportunity_score,Economic Opportunity composite score,Economic Opportunity,fua (composite),,score (0-100),45.48,,,,,derived (V1 approved composites),
DE013,Hannover,DE,context,population,Population (total),Context,fua,1275536,PS (persons),,2025,,,neutral (context),OECD,
DE013,Hannover,DE,context,commuting_public_transport,Commuting mode share - public transport,Mobility (context),fua,21.7,PT_WR (% of workers),,2016,,stale_commuting_context,higher=better,OECD,
DE013,Hannover,DE,context,commuting_bike,Commuting mode share - bicycle,Mobility (context),fua,12.8,PT_WR (% of workers),,2016,,stale_commuting_context,higher=better,OECD,
DE013,Hannover,DE,context,commuting_walk,Commuting mode share - walking,Mobility (context),fua,6.4,PT_WR (% of workers),,2016,,stale_commuting_context,higher=better,OECD,
DE013,Hannover,DE,context,commuting_car,Commuting mode share - car,Mobility (context),fua,57.8,PT_WR (% of workers),,2016,,stale_commuting_context,higher=worse,OECD,
DE014,Nürnberg,DE,indicator,pm25,Mean PM2.5 population exposure,Environment,fua,31.236776495228117,MCG_M3 (ug/m3),39.44,2025,,,higher=worse,OECD,
DE014,Nürnberg,DE,indicator,green_area,Green area per inhabitant (urban centre),Environment,fua,137,M2_PS (m2/person),46.39,2021,,,higher=better,OECD,
DE014,Nürnberg,DE,indicator,public_transport_access,Population with access to public transport (15-minute walk),Mobility,fua,97.6,PT_POP (% population),78.78,2023,,,higher=better,OECD,
DE014,Nürnberg,DE,indicator,employment_rate,Employment rate (15-64),Economic Opportunity,fua,78.7,PT_POP_SUB (% of working-age population),90.04,2021,,,higher=better,OECD,
DE014,Nürnberg,DE,indicator,unemployment_rate,Unemployment rate (15-64),Economic Opportunity,fua,4.9,PT_LF_SUB (% of labour force),64.91,2021,,,higher=worse,OECD,
DE014,Nürnberg,DE,composite,environment_score,Environment composite score,Environment,fua (composite),,score (0-100),42.91,,,,,derived (V1 approved composites),
DE014,Nürnberg,DE,composite,mobility_score,Mobility composite score,Mobility,fua (composite),,score (0-100),78.78,,,,,derived (V1 approved composites),
DE014,Nürnberg,DE,composite,economic_opportunity_score,Economic Opportunity composite score,Economic Opportunity,fua (composite),,score (0-100),77.47,,,,,derived (V1 approved composites),
DE014,Nürnberg,DE,context,population,Population (total),Context,fua,1526691,PS (persons),,2025,,,neutral (context),OECD,
DE014,Nürnberg,DE,context,commuting_public_transport,Commuting mode share - public transport,Mobility (context),fua,16.5,PT_WR (% of workers),,2016,,stale_commuting_context,higher=better,OECD,
DE014,Nürnberg,DE,context,commuting_bike,Commuting mode share - bicycle,Mobility (context),fua,8.8,PT_WR (% of workers),,2016,,stale_commuting_context,higher=better,OECD,
DE014,Nürnberg,DE,context,commuting_walk,Commuting mode share - walking,Mobility (context),fua,8,PT_WR (% of workers),,2016,,stale_commuting_context,higher=better,OECD,
DE014,Nürnberg,DE,context,commuting_car,Commuting mode share - car,Mobility (context),fua,65.2,PT_WR (% of workers),,2016,,stale_commuting_context,higher=worse,OECD,
DE016,Bielefeld,DE,indicator,pm25,Mean PM2.5 population exposure,Environment,fua,27.229123127774326,MCG_M3 (ug/m3),61.15,2025,,,higher=worse,OECD,
DE016,Bielefeld,DE,indicator,green_area,Green area per inhabitant (urban centre),Environment,fua,265,M2_PS (m2/person),96.15,2021,,,higher=better,OECD,
DE016,Bielefeld,DE,indicator,public_transport_access,Population with access to public transport (15-minute walk),Mobility,fua,98.7,PT_POP (% population),93.5,2023,,,higher=better,OECD,
DE016,Bielefeld,DE,indicator,employment_rate,Employment rate (15-64),Economic Opportunity,fua,74,PT_POP_SUB (% of working-age population),71.22,2021,,,higher=better,OECD,
DE016,Bielefeld,DE,indicator,unemployment_rate,Unemployment rate (15-64),Economic Opportunity,fua,8.1,PT_LF_SUB (% of labour force),26.79,2021,,,higher=worse,OECD,
DE016,Bielefeld,DE,composite,environment_score,Environment composite score,Environment,fua (composite),,score (0-100),78.65,,,,,derived (V1 approved composites),
DE016,Bielefeld,DE,composite,mobility_score,Mobility composite score,Mobility,fua (composite),,score (0-100),93.5,,,,,derived (V1 approved composites),
DE016,Bielefeld,DE,composite,economic_opportunity_score,Economic Opportunity composite score,Economic Opportunity,fua (composite),,score (0-100),49.0,,,,,derived (V1 approved composites),
DE016,Bielefeld,DE,context,population,Population (total),Context,fua,547918,PS (persons),,2025,,,neutral (context),OECD,
DE016,Bielefeld,DE,context,commuting_public_transport,Commuting mode share - public transport,Mobility (context),fua,19.4,PT_WR (% of workers),,2016,,stale_commuting_context,higher=better,OECD,
DE016,Bielefeld,DE,context,commuting_bike,Commuting mode share - bicycle,Mobility (context),fua,6.9,PT_WR (% of workers),,2016,,stale_commuting_context,higher=better,OECD,
DE016,Bielefeld,DE,context,commuting_walk,Commuting mode share - walking,Mobility (context),fua,8.1,PT_WR (% of workers),,2016,,stale_commuting_context,higher=better,OECD,
DE016,Bielefeld,DE,context,commuting_car,Commuting mode share - car,Mobility (context),fua,65,PT_WR (% of workers),,2016,,stale_commuting_context,higher=worse,OECD,
DE017,Halle an der Saale,DE,indicator,pm25,Mean PM2.5 population exposure,Environment,fua,28.76708494479225,MCG_M3 (ug/m3),50.52,2025,,,higher=worse,OECD,
DE017,Halle an der Saale,DE,indicator,green_area,Green area per inhabitant (urban centre),Environment,fua,175,M2_PS (m2/person),70.55,2021,,,higher=better,OECD,
DE017,Halle an der Saale,DE,indicator,public_transport_access,Population with access to public transport (15-minute walk),Mobility,fua,96.5,PT_POP (% population),65.52,2023,,,higher=better,OECD,
DE017,Halle an der Saale,DE,indicator,employment_rate,Employment rate (15-64),Economic Opportunity,fua,72.6,PT_POP_SUB (% of working-age population),63.1,2021,,,higher=better,OECD,
DE017,Halle an der Saale,DE,indicator,unemployment_rate,Unemployment rate (15-64),Economic Opportunity,fua,9,PT_LF_SUB (% of labour force),18.87,2021,,,higher=worse,OECD,
DE017,Halle an der Saale,DE,composite,environment_score,Environment composite score,Environment,fua (composite),,score (0-100),60.53,,,,,derived (V1 approved composites),
DE017,Halle an der Saale,DE,composite,mobility_score,Mobility composite score,Mobility,fua (composite),,score (0-100),65.52,,,,,derived (V1 approved composites),
DE017,Halle an der Saale,DE,composite,economic_opportunity_score,Economic Opportunity composite score,Economic Opportunity,fua (composite),,score (0-100),40.98,,,,,derived (V1 approved composites),
DE017,Halle an der Saale,DE,context,population,Population (total),Context,fua,357170,PS (persons),,2025,,,neutral (context),OECD,
DE017,Halle an der Saale,DE,context,commuting_public_transport,Commuting mode share - public transport,Mobility (context),fua,16.3,PT_WR (% of workers),,2016,,stale_commuting_context,higher=better,OECD,
DE017,Halle an der Saale,DE,context,commuting_bike,Commuting mode share - bicycle,Mobility (context),fua,9.5,PT_WR (% of workers),,2016,,stale_commuting_context,higher=better,OECD,
DE017,Halle an der Saale,DE,context,commuting_walk,Commuting mode share - walking,Mobility (context),fua,8.2,PT_WR (% of workers),,2016,,stale_commuting_context,higher=better,OECD,
DE017,Halle an der Saale,DE,context,commuting_car,Commuting mode share - car,Mobility (context),fua,65.1,PT_WR (% of workers),,2016,,stale_commuting_context,higher=worse,OECD,
DE018,Magdeburg,DE,indicator,pm25,Mean PM2.5 population exposure,Environment,fua,26.756038728517847,MCG_M3 (ug/m3),62.63,2025,,,higher=worse,OECD,
DE018,Magdeburg,DE,indicator,green_area,Green area per inhabitant (urban centre),Environment,fua,189,M2_PS (m2/person),76.24,2021,,,higher=better,OECD,
DE018,Magdeburg,DE,indicator,public_transport_access,Population with access to public transport (15-minute walk),Mobility,fua,94.8,PT_POP (% population),50.66,2023,,,higher=better,OECD,
DE018,Magdeburg,DE,indicator,employment_rate,Employment rate (15-64),Economic Opportunity,fua,74.4,PT_POP_SUB (% of working-age population),73.99,2021,,,higher=better,OECD,
DE018,Magdeburg,DE,indicator,unemployment_rate,Unemployment rate (15-64),Economic Opportunity,fua,8.1,PT_LF_SUB (% of labour force),26.79,2021,,,higher=worse,OECD,
DE018,Magdeburg,DE,composite,environment_score,Environment composite score,Environment,fua (composite),,score (0-100),69.44,,,,,derived (V1 approved composites),
DE018,Magdeburg,DE,composite,mobility_score,Mobility composite score,Mobility,fua (composite),,score (0-100),50.66,,,,,derived (V1 approved composites),
DE018,Magdeburg,DE,composite,economic_opportunity_score,Economic Opportunity composite score,Economic Opportunity,fua (composite),,score (0-100),50.39,,,,,derived (V1 approved composites),
DE018,Magdeburg,DE,context,population,Population (total),Context,fua,426444,PS (persons),,2025,,,neutral (context),OECD,
DE018,Magdeburg,DE,context,commuting_public_transport,Commuting mode share - public transport,Mobility (context),fua,11.8,PT_WR (% of workers),,2016,,stale_commuting_context,higher=better,OECD,
DE018,Magdeburg,DE,context,commuting_bike,Commuting mode share - bicycle,Mobility (context),fua,10.7,PT_WR (% of workers),,2016,,stale_commuting_context,higher=better,OECD,
DE018,Magdeburg,DE,context,commuting_walk,Commuting mode share - walking,Mobility (context),fua,6,PT_WR (% of workers),,2016,,stale_commuting_context,higher=better,OECD,
DE018,Magdeburg,DE,context,commuting_car,Commuting mode share - car,Mobility (context),fua,70.7,PT_WR (% of workers),,2016,,stale_commuting_context,higher=worse,OECD,
DE019,Wiesbaden,DE,indicator,pm25,Mean PM2.5 population exposure,Environment,fua,27.384560524466806,MCG_M3 (ug/m3),59.68,2025,,,higher=worse,OECD,
DE019,Wiesbaden,DE,indicator,green_area,Green area per inhabitant (urban centre),Environment,fua,144,M2_PS (m2/person),51.61,2021,,,higher=better,OECD,
DE019,Wiesbaden,DE,indicator,public_transport_access,Population with access to public transport (15-minute walk),Mobility,fua,98,PT_POP (% population),84.48,2023,,,higher=better,OECD,
DE019,Wiesbaden,DE,indicator,employment_rate,Employment rate (15-64),Economic Opportunity,fua,72.8,PT_POP_SUB (% of working-age population),64.39,2021,,,higher=better,OECD,
DE019,Wiesbaden,DE,indicator,unemployment_rate,Unemployment rate (15-64),Economic Opportunity,fua,7.2,PT_LF_SUB (% of labour force),38.68,2021,,,higher=worse,OECD,
DE019,Wiesbaden,DE,composite,environment_score,Environment composite score,Environment,fua (composite),,score (0-100),55.64,,,,,derived (V1 approved composites),
DE019,Wiesbaden,DE,composite,mobility_score,Mobility composite score,Mobility,fua (composite),,score (0-100),84.48,,,,,derived (V1 approved composites),
DE019,Wiesbaden,DE,composite,economic_opportunity_score,Economic Opportunity composite score,Economic Opportunity,fua (composite),,score (0-100),51.53,,,,,derived (V1 approved composites),
DE019,Wiesbaden,DE,context,population,Population (total),Context,fua,429818,PS (persons),,2025,,,neutral (context),OECD,
DE019,Wiesbaden,DE,context,commuting_public_transport,Commuting mode share - public transport,Mobility (context),fua,16.8,PT_WR (% of workers),,2016,,stale_commuting_context,higher=better,OECD,
DE019,Wiesbaden,DE,context,commuting_bike,Commuting mode share - bicycle,Mobility (context),fua,2.9,PT_WR (% of workers),,2016,,stale_commuting_context,higher=better,OECD,
DE019,Wiesbaden,DE,context,commuting_walk,Commuting mode share - walking,Mobility (context),fua,10.5,PT_WR (% of workers),,2016,,stale_commuting_context,higher=better,OECD,
DE019,Wiesbaden,DE,context,commuting_car,Commuting mode share - car,Mobility (context),fua,68.7,PT_WR (% of workers),,2016,,stale_commuting_context,higher=worse,OECD,
DE020,Göttingen,DE,indicator,pm25,Mean PM2.5 population exposure,Environment,fua,29.6156520722728,MCG_M3 (ug/m3),46.23,2025,,,higher=worse,OECD,
DE020,Göttingen,DE,indicator,green_area,Green area per inhabitant (urban centre),Environment,fua,150,M2_PS (m2/person),56.18,2021,,,higher=better,OECD,
DE020,Göttingen,DE,indicator,public_transport_access,Population with access to public transport (15-minute walk),Mobility,fua,93.8,PT_POP (% population),44.3,2023,,,higher=better,OECD,
DE020,Göttingen,DE,indicator,employment_rate,Employment rate (15-64),Economic Opportunity,fua,73.3,PT_POP_SUB (% of working-age population),66.97,2021,,,higher=better,OECD,
DE020,Göttingen,DE,indicator,unemployment_rate,Unemployment rate (15-64),Economic Opportunity,fua,6.1,PT_LF_SUB (% of labour force),56.04,2021,,,higher=worse,OECD,
DE020,Göttingen,DE,composite,environment_score,Environment composite score,Environment,fua (composite),,score (0-100),51.2,,,,,derived (V1 approved composites),
DE020,Göttingen,DE,composite,mobility_score,Mobility composite score,Mobility,fua (composite),,score (0-100),44.3,,,,,derived (V1 approved composites),
DE020,Göttingen,DE,composite,economic_opportunity_score,Economic Opportunity composite score,Economic Opportunity,fua (composite),,score (0-100),61.5,,,,,derived (V1 approved composites),
DE020,Göttingen,DE,context,population,Population (total),Context,fua,263727,PS (persons),,2025,,,neutral (context),OECD,
DE020,Göttingen,DE,context,commuting_public_transport,Commuting mode share - public transport,Mobility (context),fua,7.6,PT_WR (% of workers),,2016,,stale_commuting_context,higher=better,OECD,
DE020,Göttingen,DE,context,commuting_bike,Commuting mode share - bicycle,Mobility (context),fua,10.8,PT_WR (% of workers),,2016,,stale_commuting_context,higher=better,OECD,
DE020,Göttingen,DE,context,commuting_walk,Commuting mode share - walking,Mobility (context),fua,11,PT_WR (% of workers),,2016,,stale_commuting_context,higher=better,OECD,
DE020,Göttingen,DE,context,commuting_car,Commuting mode share - car,Mobility (context),fua,69.3,PT_WR (% of workers),,2016,,stale_commuting_context,higher=worse,OECD,
DE023,Darmstadt,DE,indicator,pm25,Mean PM2.5 population exposure,Environment,fua,29.819800738705865,MCG_M3 (ug/m3),45.49,2025,,,higher=worse,OECD,
DE023,Darmstadt,DE,indicator,green_area,Green area per inhabitant (urban centre),Environment,fua,145,M2_PS (m2/person),52.65,2021,,,higher=better,OECD,
DE023,Darmstadt,DE,indicator,public_transport_access,Population with access to public transport (15-minute walk),Mobility,fua,97.1,PT_POP (% population),70.82,2023,,,higher=better,OECD,
DE023,Darmstadt,DE,indicator,employment_rate,Employment rate (15-64),Economic Opportunity,fua,73.2,PT_POP_SUB (% of working-age population),66.05,2021,,,higher=better,OECD,
DE023,Darmstadt,DE,indicator,unemployment_rate,Unemployment rate (15-64),Economic Opportunity,fua,5.7,PT_LF_SUB (% of labour force),59.62,2021,,,higher=worse,OECD,
DE023,Darmstadt,DE,composite,environment_score,Environment composite score,Environment,fua (composite),,score (0-100),49.07,,,,,derived (V1 approved composites),
DE023,Darmstadt,DE,composite,mobility_score,Mobility composite score,Mobility,fua (composite),,score (0-100),70.82,,,,,derived (V1 approved composites),
DE023,Darmstadt,DE,composite,economic_opportunity_score,Economic Opportunity composite score,Economic Opportunity,fua (composite),,score (0-100),62.83,,,,,derived (V1 approved composites),
DE023,Darmstadt,DE,context,population,Population (total),Context,fua,427250,PS (persons),,2025,,,neutral (context),OECD,
DE023,Darmstadt,DE,context,commuting_public_transport,Commuting mode share - public transport,Mobility (context),fua,16.6,PT_WR (% of workers),,2016,,stale_commuting_context,higher=better,OECD,
DE023,Darmstadt,DE,context,commuting_bike,Commuting mode share - bicycle,Mobility (context),fua,10.8,PT_WR (% of workers),,2016,,stale_commuting_context,higher=better,OECD,
DE023,Darmstadt,DE,context,commuting_walk,Commuting mode share - walking,Mobility (context),fua,7,PT_WR (% of workers),,2016,,stale_commuting_context,higher=better,OECD,
DE023,Darmstadt,DE,context,commuting_car,Commuting mode share - car,Mobility (context),fua,64.6,PT_WR (% of workers),,2016,,stale_commuting_context,higher=worse,OECD,
DE024,Trier,DE,indicator,pm25,Mean PM2.5 population exposure,Environment,fua,26.256626341006868,MCG_M3 (ug/m3),65.88,2025,,,higher=worse,OECD,
DE024,Trier,DE,indicator,green_area,Green area per inhabitant (urban centre),Environment,fua,186,M2_PS (m2/person),74.96,2021,,,higher=better,OECD,
DE024,Trier,DE,indicator,public_transport_access,Population with access to public transport (15-minute walk),Mobility,fua,96,PT_POP (% population),60.48,2023,,,higher=better,OECD,
DE024,Trier,DE,indicator,employment_rate,Employment rate (15-64),Economic Opportunity,fua,60.7,PT_POP_SUB (% of working-age population),13.65,2021,,,higher=better,OECD,
DE024,Trier,DE,indicator,unemployment_rate,Unemployment rate (15-64),Economic Opportunity,fua,4.6,PT_LF_SUB (% of labour force),68.87,2021,,,higher=worse,OECD,
DE024,Trier,DE,composite,environment_score,Environment composite score,Environment,fua (composite),,score (0-100),70.42,,,,,derived (V1 approved composites),
DE024,Trier,DE,composite,mobility_score,Mobility composite score,Mobility,fua (composite),,score (0-100),60.48,,,,,derived (V1 approved composites),
DE024,Trier,DE,composite,economic_opportunity_score,Economic Opportunity composite score,Economic Opportunity,fua (composite),,score (0-100),41.26,,,,,derived (V1 approved composites),
DE024,Trier,DE,context,population,Population (total),Context,fua,268614,PS (persons),,2025,,,neutral (context),OECD,
DE024,Trier,DE,context,commuting_public_transport,Commuting mode share - public transport,Mobility (context),fua,10.8,PT_WR (% of workers),,2016,,stale_commuting_context,higher=better,OECD,
DE024,Trier,DE,context,commuting_bike,Commuting mode share - bicycle,Mobility (context),fua,4.4,PT_WR (% of workers),,2016,,stale_commuting_context,higher=better,OECD,
DE024,Trier,DE,context,commuting_walk,Commuting mode share - walking,Mobility (context),fua,9,PT_WR (% of workers),,2016,,stale_commuting_context,higher=better,OECD,
DE024,Trier,DE,context,commuting_car,Commuting mode share - car,Mobility (context),fua,74.6,PT_WR (% of workers),,2016,,stale_commuting_context,higher=worse,OECD,
DE025,Freiburg im Breisgau,DE,indicator,pm25,Mean PM2.5 population exposure,Environment,fua,30.50563386692421,MCG_M3 (ug/m3),42.69,2025,,,higher=worse,OECD,
DE025,Freiburg im Breisgau,DE,indicator,green_area,Green area per inhabitant (urban centre),Environment,fua,132,M2_PS (m2/person),43.82,2021,,,higher=better,OECD,
DE025,Freiburg im Breisgau,DE,indicator,public_transport_access,Population with access to public transport (15-minute walk),Mobility,fua,96.2,PT_POP (% population),63.0,2023,,,higher=better,OECD,
DE025,Freiburg im Breisgau,DE,indicator,employment_rate,Employment rate (15-64),Economic Opportunity,fua,75,PT_POP_SUB (% of working-age population),76.2,2021,,,higher=better,OECD,
DE025,Freiburg im Breisgau,DE,indicator,unemployment_rate,Unemployment rate (15-64),Economic Opportunity,fua,4.3,PT_LF_SUB (% of labour force),72.26,2021,,,higher=worse,OECD,
DE025,Freiburg im Breisgau,DE,composite,environment_score,Environment composite score,Environment,fua (composite),,score (0-100),43.25,,,,,derived (V1 approved composites),
DE025,Freiburg im Breisgau,DE,composite,mobility_score,Mobility composite score,Mobility,fua (composite),,score (0-100),63.0,,,,,derived (V1 approved composites),
DE025,Freiburg im Breisgau,DE,composite,economic_opportunity_score,Economic Opportunity composite score,Economic Opportunity,fua (composite),,score (0-100),74.23,,,,,derived (V1 approved composites),
DE025,Freiburg im Breisgau,DE,context,population,Population (total),Context,fua,598996,PS (persons),,2025,,,neutral (context),OECD,
DE025,Freiburg im Breisgau,DE,context,commuting_public_transport,Commuting mode share - public transport,Mobility (context),fua,18.2,PT_WR (% of workers),,2016,,stale_commuting_context,higher=better,OECD,
DE025,Freiburg im Breisgau,DE,context,commuting_bike,Commuting mode share - bicycle,Mobility (context),fua,16.6,PT_WR (% of workers),,2016,,stale_commuting_context,higher=better,OECD,
DE025,Freiburg im Breisgau,DE,context,commuting_walk,Commuting mode share - walking,Mobility (context),fua,8.4,PT_WR (% of workers),,2016,,stale_commuting_context,higher=better,OECD,
DE025,Freiburg im Breisgau,DE,context,commuting_car,Commuting mode share - car,Mobility (context),fua,55.4,PT_WR (% of workers),,2016,,stale_commuting_context,higher=worse,OECD,
DE026,Regensburg,DE,indicator,pm25,Mean PM2.5 population exposure,Environment,fua,30.887992255188855,MCG_M3 (ug/m3),40.47,2025,,,higher=worse,OECD,
DE026,Regensburg,DE,indicator,green_area,Green area per inhabitant (urban centre),Environment,fua,143,M2_PS (m2/person),50.96,2021,,,higher=better,OECD,
DE026,Regensburg,DE,indicator,public_transport_access,Population with access to public transport (15-minute walk),Mobility,fua,95.9,PT_POP (% population),58.89,2023,,,higher=better,OECD,
DE026,Regensburg,DE,indicator,employment_rate,Employment rate (15-64),Economic Opportunity,fua,78.5,PT_POP_SUB (% of working-age population),89.11,2021,,,higher=better,OECD,
DE026,Regensburg,DE,indicator,unemployment_rate,Unemployment rate (15-64),Economic Opportunity,fua,3.6,PT_LF_SUB (% of labour force),80.38,2021,,,higher=worse,OECD,
DE026,Regensburg,DE,composite,environment_score,Environment composite score,Environment,fua (composite),,score (0-100),45.72,,,,,derived (V1 approved composites),
DE026,Regensburg,DE,composite,mobility_score,Mobility composite score,Mobility,fua (composite),,score (0-100),58.89,,,,,derived (V1 approved composites),
DE026,Regensburg,DE,composite,economic_opportunity_score,Economic Opportunity composite score,Economic Opportunity,fua (composite),,score (0-100),84.75,,,,,derived (V1 approved composites),
DE026,Regensburg,DE,context,population,Population (total),Context,fua,449413,PS (persons),,2025,,,neutral (context),OECD,
DE026,Regensburg,DE,context,commuting_public_transport,Commuting mode share - public transport,Mobility (context),fua,8.1,PT_WR (% of workers),,2016,,stale_commuting_context,higher=better,OECD,
DE026,Regensburg,DE,context,commuting_bike,Commuting mode share - bicycle,Mobility (context),fua,8.8,PT_WR (% of workers),,2016,,stale_commuting_context,higher=better,OECD,
DE026,Regensburg,DE,context,commuting_walk,Commuting mode share - walking,Mobility (context),fua,6.6,PT_WR (% of workers),,2016,,stale_commuting_context,higher=better,OECD,
DE026,Regensburg,DE,context,commuting_car,Commuting mode share - car,Mobility (context),fua,75,PT_WR (% of workers),,2016,,stale_commuting_context,higher=worse,OECD,
DE030,Erfurt,DE,indicator,pm25,Mean PM2.5 population exposure,Environment,fua,26.701888835576785,MCG_M3 (ug/m3),63.37,2025,,,higher=worse,OECD,
DE030,Erfurt,DE,indicator,green_area,Green area per inhabitant (urban centre),Environment,fua,170,M2_PS (m2/person),68.14,2021,,,higher=better,OECD,
DE030,Erfurt,DE,indicator,public_transport_access,Population with access to public transport (15-minute walk),Mobility,fua,97.3,PT_POP (% population),74.27,2023,,,higher=better,OECD,
DE030,Erfurt,DE,indicator,employment_rate,Employment rate (15-64),Economic Opportunity,fua,76.2,PT_POP_SUB (% of working-age population),81.0,2021,,,higher=better,OECD,
DE030,Erfurt,DE,indicator,unemployment_rate,Unemployment rate (15-64),Economic Opportunity,fua,6.5,PT_LF_SUB (% of labour force),47.17,2021,,,higher=worse,OECD,
DE030,Erfurt,DE,composite,environment_score,Environment composite score,Environment,fua (composite),,score (0-100),65.75,,,,,derived (V1 approved composites),
DE030,Erfurt,DE,composite,mobility_score,Mobility composite score,Mobility,fua (composite),,score (0-100),74.27,,,,,derived (V1 approved composites),
DE030,Erfurt,DE,composite,economic_opportunity_score,Economic Opportunity composite score,Economic Opportunity,fua (composite),,score (0-100),64.09,,,,,derived (V1 approved composites),
DE030,Erfurt,DE,context,population,Population (total),Context,fua,355865,PS (persons),,2025,,,neutral (context),OECD,
DE030,Erfurt,DE,context,commuting_public_transport,Commuting mode share - public transport,Mobility (context),fua,12.3,PT_WR (% of workers),,2016,,stale_commuting_context,higher=better,OECD,
DE030,Erfurt,DE,context,commuting_bike,Commuting mode share - bicycle,Mobility (context),fua,8.3,PT_WR (% of workers),,2016,,stale_commuting_context,higher=better,OECD,
DE030,Erfurt,DE,context,commuting_walk,Commuting mode share - walking,Mobility (context),fua,11.5,PT_WR (% of workers),,2016,,stale_commuting_context,higher=better,OECD,
DE030,Erfurt,DE,context,commuting_car,Commuting mode share - car,Mobility (context),fua,66.1,PT_WR (% of workers),,2016,,stale_commuting_context,higher=worse,OECD,
DE031,Augsburg,DE,indicator,pm25,Mean PM2.5 population exposure,Environment,fua,30.65885777141588,MCG_M3 (ug/m3),41.8,2025,,,higher=worse,OECD,
DE031,Augsburg,DE,indicator,green_area,Green area per inhabitant (urban centre),Environment,fua,114,M2_PS (m2/person),32.26,2021,,,higher=better,OECD,
DE031,Augsburg,DE,indicator,public_transport_access,Population with access to public transport (15-minute walk),Mobility,fua,97.3,PT_POP (% population),74.27,2023,,,higher=better,OECD,
DE031,Augsburg,DE,indicator,employment_rate,Employment rate (15-64),Economic Opportunity,fua,76.8,PT_POP_SUB (% of working-age population),83.03,2021,,,higher=better,OECD,
DE031,Augsburg,DE,indicator,unemployment_rate,Unemployment rate (15-64),Economic Opportunity,fua,4.7,PT_LF_SUB (% of labour force),67.36,2021,,,higher=worse,OECD,
DE031,Augsburg,DE,composite,environment_score,Environment composite score,Environment,fua (composite),,score (0-100),37.03,,,,,derived (V1 approved composites),
DE031,Augsburg,DE,composite,mobility_score,Mobility composite score,Mobility,fua (composite),,score (0-100),74.27,,,,,derived (V1 approved composites),
DE031,Augsburg,DE,composite,economic_opportunity_score,Economic Opportunity composite score,Economic Opportunity,fua (composite),,score (0-100),75.19,,,,,derived (V1 approved composites),
DE031,Augsburg,DE,context,population,Population (total),Context,fua,631678,PS (persons),,2025,,,neutral (context),OECD,
DE031,Augsburg,DE,context,commuting_public_transport,Commuting mode share - public transport,Mobility (context),fua,15.9,PT_WR (% of workers),,2016,,stale_commuting_context,higher=better,OECD,
DE031,Augsburg,DE,context,commuting_bike,Commuting mode share - bicycle,Mobility (context),fua,10.3,PT_WR (% of workers),,2016,,stale_commuting_context,higher=better,OECD,
DE031,Augsburg,DE,context,commuting_walk,Commuting mode share - walking,Mobility (context),fua,8.6,PT_WR (% of workers),,2016,,stale_commuting_context,higher=better,OECD,
DE031,Augsburg,DE,context,commuting_car,Commuting mode share - car,Mobility (context),fua,64.5,PT_WR (% of workers),,2016,,stale_commuting_context,higher=worse,OECD,
DE032,Bonn,DE,indicator,pm25,Mean PM2.5 population exposure,Environment,fua,25.59891351021185,MCG_M3 (ug/m3),68.98,2025,,,higher=worse,OECD,
DE032,Bonn,DE,indicator,green_area,Green area per inhabitant (urban centre),Environment,fua,193,M2_PS (m2/person),77.69,2021,,,higher=better,OECD,
DE032,Bonn,DE,indicator,public_transport_access,Population with access to public transport (15-minute walk),Mobility,fua,98.8,PT_POP (% population),94.56,2023,,,higher=better,OECD,
DE032,Bonn,DE,indicator,employment_rate,Employment rate (15-64),Economic Opportunity,fua,69.8,PT_POP_SUB (% of working-age population),44.65,2021,,,higher=better,OECD,
DE032,Bonn,DE,indicator,unemployment_rate,Unemployment rate (15-64),Economic Opportunity,fua,7.1,PT_LF_SUB (% of labour force),39.43,2021,,,higher=worse,OECD,
DE032,Bonn,DE,composite,environment_score,Environment composite score,Environment,fua (composite),,score (0-100),73.34,,,,,derived (V1 approved composites),
DE032,Bonn,DE,composite,mobility_score,Mobility composite score,Mobility,fua (composite),,score (0-100),94.56,,,,,derived (V1 approved composites),
DE032,Bonn,DE,composite,economic_opportunity_score,Economic Opportunity composite score,Economic Opportunity,fua (composite),,score (0-100),42.04,,,,,derived (V1 approved composites),
DE032,Bonn,DE,context,population,Population (total),Context,fua,668630,PS (persons),,2025,,,neutral (context),OECD,
DE032,Bonn,DE,context,commuting_public_transport,Commuting mode share - public transport,Mobility (context),fua,17.4,PT_WR (% of workers),,2016,,stale_commuting_context,higher=better,OECD,
DE032,Bonn,DE,context,commuting_bike,Commuting mode share - bicycle,Mobility (context),fua,9.1,PT_WR (% of workers),,2016,,stale_commuting_context,higher=better,OECD,
DE032,Bonn,DE,context,commuting_walk,Commuting mode share - walking,Mobility (context),fua,7.7,PT_WR (% of workers),,2016,,stale_commuting_context,higher=better,OECD,
DE032,Bonn,DE,context,commuting_car,Commuting mode share - car,Mobility (context),fua,64.3,PT_WR (% of workers),,2016,,stale_commuting_context,higher=worse,OECD,
DE033,Karlsruhe,DE,indicator,pm25,Mean PM2.5 population exposure,Environment,fua,37.55519109665159,MCG_M3 (ug/m3),19.65,2025,,,higher=worse,OECD,
DE033,Karlsruhe,DE,indicator,green_area,Green area per inhabitant (urban centre),Environment,fua,227,M2_PS (m2/person),90.05,2021,,,higher=better,OECD,
DE033,Karlsruhe,DE,indicator,public_transport_access,Population with access to public transport (15-minute walk),Mobility,fua,94.9,PT_POP (% population),51.33,2023,,,higher=better,OECD,
DE033,Karlsruhe,DE,indicator,employment_rate,Employment rate (15-64),Economic Opportunity,fua,75.6,PT_POP_SUB (% of working-age population),78.78,2021,,,higher=better,OECD,
DE033,Karlsruhe,DE,indicator,unemployment_rate,Unemployment rate (15-64),Economic Opportunity,fua,4.4,PT_LF_SUB (% of labour force),70.94,2021,,,higher=worse,OECD,
DE033,Karlsruhe,DE,composite,environment_score,Environment composite score,Environment,fua (composite),,score (0-100),54.85,,,,,derived (V1 approved composites),
DE033,Karlsruhe,DE,composite,mobility_score,Mobility composite score,Mobility,fua (composite),,score (0-100),51.33,,,,,derived (V1 approved composites),
DE033,Karlsruhe,DE,composite,economic_opportunity_score,Economic Opportunity composite score,Economic Opportunity,fua (composite),,score (0-100),74.86,,,,,derived (V1 approved composites),
DE033,Karlsruhe,DE,context,population,Population (total),Context,fua,699992,PS (persons),,2025,,,neutral (context),OECD,
DE033,Karlsruhe,DE,context,commuting_public_transport,Commuting mode share - public transport,Mobility (context),fua,16.7,PT_WR (% of workers),,2016,,stale_commuting_context,higher=better,OECD,
DE033,Karlsruhe,DE,context,commuting_bike,Commuting mode share - bicycle,Mobility (context),fua,13,PT_WR (% of workers),,2016,,stale_commuting_context,higher=better,OECD,
DE033,Karlsruhe,DE,context,commuting_walk,Commuting mode share - walking,Mobility (context),fua,7.3,PT_WR (% of workers),,2016,,stale_commuting_context,higher=better,OECD,
DE033,Karlsruhe,DE,context,commuting_car,Commuting mode share - car,Mobility (context),fua,61.8,PT_WR (% of workers),,2016,,stale_commuting_context,higher=worse,OECD,
DE034,Mönchengladbach,DE,indicator,pm25,Mean PM2.5 population exposure,Environment,fua,27.78617315424974,MCG_M3 (ug/m3),57.61,2025,,,higher=worse,OECD,
DE034,Mönchengladbach,DE,indicator,green_area,Green area per inhabitant (urban centre),Environment,fua,182,M2_PS (m2/person),73.35,2021,,,higher=better,OECD,
DE034,Mönchengladbach,DE,indicator,public_transport_access,Population with access to public transport (15-minute walk),Mobility,fua,98.2,PT_POP (% population),87.0,2023,,,higher=better,OECD,
DE034,Mönchengladbach,DE,indicator,employment_rate,Employment rate (15-64),Economic Opportunity,fua,70.4,PT_POP_SUB (% of working-age population),51.66,2021,,,higher=better,OECD,
DE034,Mönchengladbach,DE,indicator,unemployment_rate,Unemployment rate (15-64),Economic Opportunity,fua,9.8,PT_LF_SUB (% of labour force),13.58,2021,,,higher=worse,OECD,
DE034,Mönchengladbach,DE,composite,environment_score,Environment composite score,Environment,fua (composite),,score (0-100),65.48,,,,,derived (V1 approved composites),
DE034,Mönchengladbach,DE,composite,mobility_score,Mobility composite score,Mobility,fua (composite),,score (0-100),87.0,,,,,derived (V1 approved composites),
DE034,Mönchengladbach,DE,composite,economic_opportunity_score,Economic Opportunity composite score,Economic Opportunity,fua (composite),,score (0-100),32.62,,,,,derived (V1 approved composites),
DE034,Mönchengladbach,DE,context,population,Population (total),Context,fua,392501,PS (persons),,2025,,,neutral (context),OECD,
DE034,Mönchengladbach,DE,context,commuting_public_transport,Commuting mode share - public transport,Mobility (context),fua,13.8,PT_WR (% of workers),,2016,,stale_commuting_context,higher=better,OECD,
DE034,Mönchengladbach,DE,context,commuting_bike,Commuting mode share - bicycle,Mobility (context),fua,5,PT_WR (% of workers),,2016,,stale_commuting_context,higher=better,OECD,
DE034,Mönchengladbach,DE,context,commuting_walk,Commuting mode share - walking,Mobility (context),fua,8.9,PT_WR (% of workers),,2016,,stale_commuting_context,higher=better,OECD,
DE034,Mönchengladbach,DE,context,commuting_car,Commuting mode share - car,Mobility (context),fua,71.2,PT_WR (% of workers),,2016,,stale_commuting_context,higher=worse,OECD,
DE035,Mainz,DE,indicator,pm25,Mean PM2.5 population exposure,Environment,fua,29.805681132860656,MCG_M3 (ug/m3),45.64,2025,,,higher=worse,OECD,
DE035,Mainz,DE,indicator,green_area,Green area per inhabitant (urban centre),Environment,fua,138,M2_PS (m2/person),47.35,2021,,,higher=better,OECD,
DE035,Mainz,DE,indicator,public_transport_access,Population with access to public transport (15-minute walk),Mobility,fua,98.5,PT_POP (% population),90.58,2023,,,higher=better,OECD,
DE035,Mainz,DE,indicator,employment_rate,Employment rate (15-64),Economic Opportunity,fua,75,PT_POP_SUB (% of working-age population),76.2,2021,,,higher=better,OECD,
DE035,Mainz,DE,indicator,unemployment_rate,Unemployment rate (15-64),Economic Opportunity,fua,5.5,PT_LF_SUB (% of labour force),62.08,2021,,,higher=worse,OECD,
DE035,Mainz,DE,composite,environment_score,Environment composite score,Environment,fua (composite),,score (0-100),46.5,,,,,derived (V1 approved composites),
DE035,Mainz,DE,composite,mobility_score,Mobility composite score,Mobility,fua (composite),,score (0-100),90.58,,,,,derived (V1 approved composites),
DE035,Mainz,DE,composite,economic_opportunity_score,Economic Opportunity composite score,Economic Opportunity,fua (composite),,score (0-100),69.14,,,,,derived (V1 approved composites),
DE035,Mainz,DE,context,population,Population (total),Context,fua,406543,PS (persons),,2025,,,neutral (context),OECD,
DE035,Mainz,DE,context,commuting_public_transport,Commuting mode share - public transport,Mobility (context),fua,20.8,PT_WR (% of workers),,2016,,stale_commuting_context,higher=better,OECD,
DE035,Mainz,DE,context,commuting_bike,Commuting mode share - bicycle,Mobility (context),fua,6.4,PT_WR (% of workers),,2016,,stale_commuting_context,higher=better,OECD,
DE035,Mainz,DE,context,commuting_walk,Commuting mode share - walking,Mobility (context),fua,9.4,PT_WR (% of workers),,2016,,stale_commuting_context,higher=better,OECD,
DE035,Mainz,DE,context,commuting_car,Commuting mode share - car,Mobility (context),fua,62.4,PT_WR (% of workers),,2016,,stale_commuting_context,higher=worse,OECD,
DE036,Kiel,DE,indicator,pm25,Mean PM2.5 population exposure,Environment,fua,21.661758580805085,MCG_M3 (ug/m3),89.51,2025,,,higher=worse,OECD,
DE036,Kiel,DE,indicator,green_area,Green area per inhabitant (urban centre),Environment,fua,221,M2_PS (m2/person),87.48,2021,,,higher=better,OECD,
DE036,Kiel,DE,indicator,public_transport_access,Population with access to public transport (15-minute walk),Mobility,fua,95.9,PT_POP (% population),58.89,2023,,,higher=better,OECD,
DE036,Kiel,DE,indicator,employment_rate,Employment rate (15-64),Economic Opportunity,fua,73.7,PT_POP_SUB (% of working-age population),68.63,2021,,,higher=better,OECD,
DE036,Kiel,DE,indicator,unemployment_rate,Unemployment rate (15-64),Economic Opportunity,fua,6.7,PT_LF_SUB (% of labour force),45.09,2021,,,higher=worse,OECD,
DE036,Kiel,DE,composite,environment_score,Environment composite score,Environment,fua (composite),,score (0-100),88.5,,,,,derived (V1 approved composites),
DE036,Kiel,DE,composite,mobility_score,Mobility composite score,Mobility,fua (composite),,score (0-100),58.89,,,,,derived (V1 approved composites),
DE036,Kiel,DE,composite,economic_opportunity_score,Economic Opportunity composite score,Economic Opportunity,fua (composite),,score (0-100),56.86,,,,,derived (V1 approved composites),
DE036,Kiel,DE,context,population,Population (total),Context,fua,480383,PS (persons),,2025,,,neutral (context),OECD,
DE036,Kiel,DE,context,commuting_public_transport,Commuting mode share - public transport,Mobility (context),fua,10.6,PT_WR (% of workers),,2016,,stale_commuting_context,higher=better,OECD,
DE036,Kiel,DE,context,commuting_bike,Commuting mode share - bicycle,Mobility (context),fua,14.1,PT_WR (% of workers),,2016,,stale_commuting_context,higher=better,OECD,
DE036,Kiel,DE,context,commuting_walk,Commuting mode share - walking,Mobility (context),fua,7,PT_WR (% of workers),,2016,,stale_commuting_context,higher=better,OECD,
DE036,Kiel,DE,context,commuting_car,Commuting mode share - car,Mobility (context),fua,67.2,PT_WR (% of workers),,2016,,stale_commuting_context,higher=worse,OECD,
DE037,Saarbrücken,DE,indicator,pm25,Mean PM2.5 population exposure,Environment,fua,29.185334118097185,MCG_M3 (ug/m3),48.3,2025,,,higher=worse,OECD,
DE037,Saarbrücken,DE,indicator,green_area,Green area per inhabitant (urban centre),Environment,fua,263,M2_PS (m2/person),95.83,2021,,,higher=better,OECD,
DE037,Saarbrücken,DE,indicator,public_transport_access,Population with access to public transport (15-minute walk),Mobility,fua,98.7,PT_POP (% population),93.5,2023,,,higher=better,OECD,
DE037,Saarbrücken,DE,indicator,employment_rate,Employment rate (15-64),Economic Opportunity,fua,74.4,PT_POP_SUB (% of working-age population),73.99,2021,,,higher=better,OECD,
DE037,Saarbrücken,DE,indicator,unemployment_rate,Unemployment rate (15-64),Economic Opportunity,fua,9.2,PT_LF_SUB (% of labour force),16.42,2021,,,higher=worse,OECD,
DE037,Saarbrücken,DE,composite,environment_score,Environment composite score,Environment,fua (composite),,score (0-100),72.06,,,,,derived (V1 approved composites),
DE037,Saarbrücken,DE,composite,mobility_score,Mobility composite score,Mobility,fua (composite),,score (0-100),93.5,,,,,derived (V1 approved composites),
DE037,Saarbrücken,DE,composite,economic_opportunity_score,Economic Opportunity composite score,Economic Opportunity,fua (composite),,score (0-100),45.2,,,,,derived (V1 approved composites),
DE037,Saarbrücken,DE,context,population,Population (total),Context,fua,552356,PS (persons),,2025,,,neutral (context),OECD,
DE037,Saarbrücken,DE,context,commuting_public_transport,Commuting mode share - public transport,Mobility (context),fua,7.7,PT_WR (% of workers),,2016,,stale_commuting_context,higher=better,OECD,
DE037,Saarbrücken,DE,context,commuting_bike,Commuting mode share - bicycle,Mobility (context),fua,1.7,PT_WR (% of workers),,2016,,stale_commuting_context,higher=better,OECD,
DE037,Saarbrücken,DE,context,commuting_walk,Commuting mode share - walking,Mobility (context),fua,8.9,PT_WR (% of workers),,2016,,stale_commuting_context,higher=better,OECD,
DE037,Saarbrücken,DE,context,commuting_car,Commuting mode share - car,Mobility (context),fua,80.5,PT_WR (% of workers),,2016,,stale_commuting_context,higher=worse,OECD,
DE039,Koblenz,DE,indicator,pm25,Mean PM2.5 population exposure,Environment,fua,27.80328480175403,MCG_M3 (ug/m3),57.02,2025,,,higher=worse,OECD,
DE039,Koblenz,DE,indicator,green_area,Green area per inhabitant (urban centre),Environment,fua,231,M2_PS (m2/person),91.01,2021,,,higher=better,OECD,
DE039,Koblenz,DE,indicator,public_transport_access,Population with access to public transport (15-minute walk),Mobility,fua,97.1,PT_POP (% population),70.82,2023,,,higher=better,OECD,
DE039,Koblenz,DE,indicator,employment_rate,Employment rate (15-64),Economic Opportunity,fua,75.3,PT_POP_SUB (% of working-age population),76.75,2021,,,higher=better,OECD,
DE039,Koblenz,DE,indicator,unemployment_rate,Unemployment rate (15-64),Economic Opportunity,fua,4.9,PT_LF_SUB (% of labour force),64.91,2021,,,higher=worse,OECD,
DE039,Koblenz,DE,composite,environment_score,Environment composite score,Environment,fua (composite),,score (0-100),74.02,,,,,derived (V1 approved composites),
DE039,Koblenz,DE,composite,mobility_score,Mobility composite score,Mobility,fua (composite),,score (0-100),70.82,,,,,derived (V1 approved composites),
DE039,Koblenz,DE,composite,economic_opportunity_score,Economic Opportunity composite score,Economic Opportunity,fua (composite),,score (0-100),70.83,,,,,derived (V1 approved composites),
DE039,Koblenz,DE,context,population,Population (total),Context,fua,297668,PS (persons),,2025,,,neutral (context),OECD,
DE039,Koblenz,DE,context,commuting_public_transport,Commuting mode share - public transport,Mobility (context),fua,8.7,PT_WR (% of workers),,2016,,stale_commuting_context,higher=better,OECD,
DE039,Koblenz,DE,context,commuting_bike,Commuting mode share - bicycle,Mobility (context),fua,5.1,PT_WR (% of workers),,2016,,stale_commuting_context,higher=better,OECD,
DE039,Koblenz,DE,context,commuting_walk,Commuting mode share - walking,Mobility (context),fua,10,PT_WR (% of workers),,2016,,stale_commuting_context,higher=better,OECD,
DE039,Koblenz,DE,context,commuting_car,Commuting mode share - car,Mobility (context),fua,74.2,PT_WR (% of workers),,2016,,stale_commuting_context,higher=worse,OECD,
DE040,Rostock,DE,indicator,pm25,Mean PM2.5 population exposure,Environment,fua,24.75943723724676,MCG_M3 (ug/m3),72.67,2025,,,higher=worse,OECD,
DE040,Rostock,DE,indicator,green_area,Green area per inhabitant (urban centre),Environment,fua,232,M2_PS (m2/person),91.73,2021,,,higher=better,OECD,
DE040,Rostock,DE,indicator,public_transport_access,Population with access to public transport (15-minute walk),Mobility,fua,95.4,PT_POP (% population),55.17,2023,,,higher=better,OECD,
DE040,Rostock,DE,indicator,employment_rate,Employment rate (15-64),Economic Opportunity,fua,75.5,PT_POP_SUB (% of working-age population),77.68,2021,,,higher=better,OECD,
DE040,Rostock,DE,indicator,unemployment_rate,Unemployment rate (15-64),Economic Opportunity,fua,7.3,PT_LF_SUB (% of labour force),37.74,2021,,,higher=worse,OECD,
DE040,Rostock,DE,composite,environment_score,Environment composite score,Environment,fua (composite),,score (0-100),82.2,,,,,derived (V1 approved composites),
DE040,Rostock,DE,composite,mobility_score,Mobility composite score,Mobility,fua (composite),,score (0-100),55.17,,,,,derived (V1 approved composites),
DE040,Rostock,DE,composite,economic_opportunity_score,Economic Opportunity composite score,Economic Opportunity,fua (composite),,score (0-100),57.71,,,,,derived (V1 approved composites),
DE040,Rostock,DE,perception_dimension,perceived_safety,Perceived safety (safe walking at night after dark),Safety,city_core,76.7,"PC (sum of response-category shares, % of respondents)",68.75,2023,,,higher=better,Eurostat,DE040C
DE040,Rostock,DE,perception_dimension,community,Trust / community (generalised trust),Community,city_core,77.7,"PC (sum of response-category shares, % of respondents)",87.5,2023,,,higher=better,Eurostat,DE040C
DE040,Rostock,DE,perception_dimension,life_satisfaction,Life satisfaction (the life you lead),Life Balance,city_core,89.1,"PC (sum of response-category shares, % of respondents)",92.5,2023,,,higher=better,Eurostat,DE040C
DE040,Rostock,DE,perception_dimension,housing_satisfaction,Housing satisfaction (easy to find good housing at a reasonable price),Housing,city_core,16.6,"PC (sum of response-category shares, % of respondents)",17.5,2023,,,higher=better,Eurostat,DE040C
DE040,Rostock,DE,context,population,Population (total),Context,fua,324358,PS (persons),,2025,,,neutral (context),OECD,
DE040,Rostock,DE,context,commuting_public_transport,Commuting mode share - public transport,Mobility (context),fua,12.9,PT_WR (% of workers),,2016,,stale_commuting_context,higher=better,OECD,
DE040,Rostock,DE,context,commuting_bike,Commuting mode share - bicycle,Mobility (context),fua,15,PT_WR (% of workers),,2016,,stale_commuting_context,higher=better,OECD,
DE040,Rostock,DE,context,commuting_walk,Commuting mode share - walking,Mobility (context),fua,9.4,PT_WR (% of workers),,2016,,stale_commuting_context,higher=better,OECD,
DE040,Rostock,DE,context,commuting_car,Commuting mode share - car,Mobility (context),fua,61.4,PT_WR (% of workers),,2016,,stale_commuting_context,higher=worse,OECD,
DE041,Kaiserslautern,DE,indicator,pm25,Mean PM2.5 population exposure,Environment,fua,29.187662207051964,MCG_M3 (ug/m3),48.15,2025,,,higher=worse,OECD,
DE041,Kaiserslautern,DE,indicator,green_area,Green area per inhabitant (urban centre),Environment,fua,205,M2_PS (m2/person),83.31,2021,,,higher=better,OECD,
DE041,Kaiserslautern,DE,indicator,public_transport_access,Population with access to public transport (15-minute walk),Mobility,fua,96.1,PT_POP (% population),61.8,2023,,,higher=better,OECD,
DE041,Kaiserslautern,DE,indicator,employment_rate,Employment rate (15-64),Economic Opportunity,fua,73.8,PT_POP_SUB (% of working-age population),69.37,2021,,,higher=better,OECD,
DE041,Kaiserslautern,DE,indicator,unemployment_rate,Unemployment rate (15-64),Economic Opportunity,fua,7.3,PT_LF_SUB (% of labour force),37.74,2021,,,higher=worse,OECD,
DE041,Kaiserslautern,DE,composite,environment_score,Environment composite score,Environment,fua (composite),,score (0-100),65.73,,,,,derived (V1 approved composites),
DE041,Kaiserslautern,DE,composite,mobility_score,Mobility composite score,Mobility,fua (composite),,score (0-100),61.8,,,,,derived (V1 approved composites),
DE041,Kaiserslautern,DE,composite,economic_opportunity_score,Economic Opportunity composite score,Economic Opportunity,fua (composite),,score (0-100),53.56,,,,,derived (V1 approved composites),
DE041,Kaiserslautern,DE,context,population,Population (total),Context,fua,210324,PS (persons),,2025,,,neutral (context),OECD,
DE041,Kaiserslautern,DE,context,commuting_public_transport,Commuting mode share - public transport,Mobility (context),fua,9.7,PT_WR (% of workers),,2016,,stale_commuting_context,higher=better,OECD,
DE041,Kaiserslautern,DE,context,commuting_bike,Commuting mode share - bicycle,Mobility (context),fua,2.2,PT_WR (% of workers),,2016,,stale_commuting_context,higher=better,OECD,
DE041,Kaiserslautern,DE,context,commuting_walk,Commuting mode share - walking,Mobility (context),fua,10.3,PT_WR (% of workers),,2016,,stale_commuting_context,higher=better,OECD,
DE041,Kaiserslautern,DE,context,commuting_car,Commuting mode share - car,Mobility (context),fua,77,PT_WR (% of workers),,2016,,stale_commuting_context,higher=worse,OECD,
DE042,Iserlohn,DE,indicator,pm25,Mean PM2.5 population exposure,Environment,fua,29.11973809518656,MCG_M3 (ug/m3),48.74,2025,,,higher=worse,OECD,
DE042,Iserlohn,DE,indicator,green_area,Green area per inhabitant (urban centre),Environment,fua,287,M2_PS (m2/person),98.07,2021,,,higher=better,OECD,
DE042,Iserlohn,DE,indicator,public_transport_access,Population with access to public transport (15-minute walk),Mobility,fua,98.2,PT_POP (% population),87.0,2023,,,higher=better,OECD,
DE042,Iserlohn,DE,indicator,employment_rate,Employment rate (15-64),Economic Opportunity,fua,,PT_POP_SUB (% of working-age population),,,,,higher=better,OECD,
DE042,Iserlohn,DE,indicator,unemployment_rate,Unemployment rate (15-64),Economic Opportunity,fua,,PT_LF_SUB (% of labour force),,,,,higher=worse,OECD,
DE042,Iserlohn,DE,composite,environment_score,Environment composite score,Environment,fua (composite),,score (0-100),73.41,,,,,derived (V1 approved composites),
DE042,Iserlohn,DE,composite,mobility_score,Mobility composite score,Mobility,fua (composite),,score (0-100),87.0,,,,,derived (V1 approved composites),
DE042,Iserlohn,DE,composite,economic_opportunity_score,Economic Opportunity composite score,Economic Opportunity,fua (composite),,score (0-100),,,,,,derived (V1 approved composites),
DE042,Iserlohn,DE,context,population,Population (total),Context,fua,132975,PS (persons),,2025,,,neutral (context),OECD,
DE042,Iserlohn,DE,context,commuting_public_transport,Commuting mode share - public transport,Mobility (context),fua,5.4,PT_WR (% of workers),,2016,,stale_commuting_context,higher=better,OECD,
DE042,Iserlohn,DE,context,commuting_bike,Commuting mode share - bicycle,Mobility (context),fua,1.1,PT_WR (% of workers),,2016,,stale_commuting_context,higher=better,OECD,
DE042,Iserlohn,DE,context,commuting_walk,Commuting mode share - walking,Mobility (context),fua,12.1,PT_WR (% of workers),,2016,,stale_commuting_context,higher=better,OECD,
DE042,Iserlohn,DE,context,commuting_car,Commuting mode share - car,Mobility (context),fua,80,PT_WR (% of workers),,2016,,stale_commuting_context,higher=worse,OECD,
DE047,Tübingen,DE,indicator,pm25,Mean PM2.5 population exposure,Environment,fua,35.37927339738158,MCG_M3 (ug/m3),26.0,2025,,,higher=worse,OECD,
DE047,Tübingen,DE,indicator,green_area,Green area per inhabitant (urban centre),Environment,fua,196,M2_PS (m2/person),79.53,2021,,,higher=better,OECD,
DE047,Tübingen,DE,indicator,public_transport_access,Population with access to public transport (15-minute walk),Mobility,fua,98.4,PT_POP (% population),88.99,2023,,,higher=better,OECD,
DE047,Tübingen,DE,indicator,employment_rate,Employment rate (15-64),Economic Opportunity,fua,,PT_POP_SUB (% of working-age population),,,,,higher=better,OECD,
DE047,Tübingen,DE,indicator,unemployment_rate,Unemployment rate (15-64),Economic Opportunity,fua,,PT_LF_SUB (% of labour force),,,,,higher=worse,OECD,
DE047,Tübingen,DE,composite,environment_score,Environment composite score,Environment,fua (composite),,score (0-100),52.77,,,,,derived (V1 approved composites),
DE047,Tübingen,DE,composite,mobility_score,Mobility composite score,Mobility,fua (composite),,score (0-100),88.99,,,,,derived (V1 approved composites),
DE047,Tübingen,DE,composite,economic_opportunity_score,Economic Opportunity composite score,Economic Opportunity,fua (composite),,score (0-100),,,,,,derived (V1 approved composites),
DE047,Tübingen,DE,context,population,Population (total),Context,fua,223630,PS (persons),,2025,,,neutral (context),OECD,
DE047,Tübingen,DE,context,commuting_public_transport,Commuting mode share - public transport,Mobility (context),fua,13.7,PT_WR (% of workers),,2016,,stale_commuting_context,higher=better,OECD,
DE047,Tübingen,DE,context,commuting_bike,Commuting mode share - bicycle,Mobility (context),fua,10.6,PT_WR (% of workers),,2016,,stale_commuting_context,higher=better,OECD,
DE047,Tübingen,DE,context,commuting_walk,Commuting mode share - walking,Mobility (context),fua,12,PT_WR (% of workers),,2016,,stale_commuting_context,higher=better,OECD,
DE047,Tübingen,DE,context,commuting_car,Commuting mode share - car,Mobility (context),fua,61.2,PT_WR (% of workers),,2016,,stale_commuting_context,higher=worse,OECD,
DE049,Flensburg,DE,indicator,pm25,Mean PM2.5 population exposure,Environment,fua,18.967606525181118,MCG_M3 (ug/m3),94.53,2025,,,higher=worse,OECD,
DE049,Flensburg,DE,indicator,green_area,Green area per inhabitant (urban centre),Environment,fua,272,M2_PS (m2/person),96.79,2021,,,higher=better,OECD,
DE049,Flensburg,DE,indicator,public_transport_access,Population with access to public transport (15-minute walk),Mobility,fua,96,PT_POP (% population),60.48,2023,,,higher=better,OECD,
DE049,Flensburg,DE,indicator,employment_rate,Employment rate (15-64),Economic Opportunity,fua,,PT_POP_SUB (% of working-age population),,,,,higher=better,OECD,
DE049,Flensburg,DE,indicator,unemployment_rate,Unemployment rate (15-64),Economic Opportunity,fua,,PT_LF_SUB (% of labour force),,,,,higher=worse,OECD,
DE049,Flensburg,DE,composite,environment_score,Environment composite score,Environment,fua (composite),,score (0-100),95.66,,,,,derived (V1 approved composites),
DE049,Flensburg,DE,composite,mobility_score,Mobility composite score,Mobility,fua (composite),,score (0-100),60.48,,,,,derived (V1 approved composites),
DE049,Flensburg,DE,composite,economic_opportunity_score,Economic Opportunity composite score,Economic Opportunity,fua (composite),,score (0-100),,,,,,derived (V1 approved composites),
DE049,Flensburg,DE,context,population,Population (total),Context,fua,185342,PS (persons),,2025,,,neutral (context),OECD,
DE049,Flensburg,DE,context,commuting_public_transport,Commuting mode share - public transport,Mobility (context),fua,6.7,PT_WR (% of workers),,2016,,stale_commuting_context,higher=better,OECD,
DE049,Flensburg,DE,context,commuting_bike,Commuting mode share - bicycle,Mobility (context),fua,9.1,PT_WR (% of workers),,2016,,stale_commuting_context,higher=better,OECD,
DE049,Flensburg,DE,context,commuting_walk,Commuting mode share - walking,Mobility (context),fua,10.5,PT_WR (% of workers),,2016,,stale_commuting_context,higher=better,OECD,
DE049,Flensburg,DE,context,commuting_car,Commuting mode share - car,Mobility (context),fua,72.2,PT_WR (% of workers),,2016,,stale_commuting_context,higher=worse,OECD,
DE051,Konstanz,DE,indicator,pm25,Mean PM2.5 population exposure,Environment,fua,38.32456292840112,MCG_M3 (ug/m3),17.73,2025,,,higher=worse,OECD,
DE051,Konstanz,DE,indicator,green_area,Green area per inhabitant (urban centre),Environment,fua,147,M2_PS (m2/person),54.57,2021,,,higher=better,OECD,
DE051,Konstanz,DE,indicator,public_transport_access,Population with access to public transport (15-minute walk),Mobility,fua,98.6,PT_POP (% population),92.04,2023,,,higher=better,OECD,
DE051,Konstanz,DE,indicator,employment_rate,Employment rate (15-64),Economic Opportunity,fua,,PT_POP_SUB (% of working-age population),,,,,higher=better,OECD,
DE051,Konstanz,DE,indicator,unemployment_rate,Unemployment rate (15-64),Economic Opportunity,fua,,PT_LF_SUB (% of labour force),,,,,higher=worse,OECD,
DE051,Konstanz,DE,composite,environment_score,Environment composite score,Environment,fua (composite),,score (0-100),36.15,,,,,derived (V1 approved composites),
DE051,Konstanz,DE,composite,mobility_score,Mobility composite score,Mobility,fua (composite),,score (0-100),92.04,,,,,derived (V1 approved composites),
DE051,Konstanz,DE,composite,economic_opportunity_score,Economic Opportunity composite score,Economic Opportunity,fua (composite),,score (0-100),,,,,,derived (V1 approved composites),
DE051,Konstanz,DE,context,population,Population (total),Context,fua,99461,PS (persons),,2025,,,neutral (context),OECD,
DE051,Konstanz,DE,context,commuting_public_transport,Commuting mode share - public transport,Mobility (context),fua,13.3,PT_WR (% of workers),,2016,,stale_commuting_context,higher=better,OECD,
DE051,Konstanz,DE,context,commuting_bike,Commuting mode share - bicycle,Mobility (context),fua,12.8,PT_WR (% of workers),,2016,,stale_commuting_context,higher=better,OECD,
DE051,Konstanz,DE,context,commuting_walk,Commuting mode share - walking,Mobility (context),fua,12.2,PT_WR (% of workers),,2016,,stale_commuting_context,higher=better,OECD,
DE051,Konstanz,DE,context,commuting_car,Commuting mode share - car,Mobility (context),fua,59.7,PT_WR (% of workers),,2016,,stale_commuting_context,higher=worse,OECD,
DE054,Gießen,DE,indicator,pm25,Mean PM2.5 population exposure,Environment,fua,29.052369388203672,MCG_M3 (ug/m3),49.19,2025,,,higher=worse,OECD,
DE054,Gießen,DE,indicator,green_area,Green area per inhabitant (urban centre),Environment,fua,232,M2_PS (m2/person),91.73,2021,,,higher=better,OECD,
DE054,Gießen,DE,indicator,public_transport_access,Population with access to public transport (15-minute walk),Mobility,fua,98.6,PT_POP (% population),92.04,2023,,,higher=better,OECD,
DE054,Gießen,DE,indicator,employment_rate,Employment rate (15-64),Economic Opportunity,fua,,PT_POP_SUB (% of working-age population),,,,,higher=better,OECD,
DE054,Gießen,DE,indicator,unemployment_rate,Unemployment rate (15-64),Economic Opportunity,fua,,PT_LF_SUB (% of labour force),,,,,higher=worse,OECD,
DE054,Gießen,DE,composite,environment_score,Environment composite score,Environment,fua (composite),,score (0-100),70.46,,,,,derived (V1 approved composites),
DE054,Gießen,DE,composite,mobility_score,Mobility composite score,Mobility,fua (composite),,score (0-100),92.04,,,,,derived (V1 approved composites),
DE054,Gießen,DE,composite,economic_opportunity_score,Economic Opportunity composite score,Economic Opportunity,fua (composite),,score (0-100),,,,,,derived (V1 approved composites),
DE054,Gießen,DE,context,population,Population (total),Context,fua,254146,PS (persons),,2025,,,neutral (context),OECD,
DE054,Gießen,DE,context,commuting_public_transport,Commuting mode share - public transport,Mobility (context),fua,10.3,PT_WR (% of workers),,2016,,stale_commuting_context,higher=better,OECD,
DE054,Gießen,DE,context,commuting_bike,Commuting mode share - bicycle,Mobility (context),fua,7.5,PT_WR (% of workers),,2016,,stale_commuting_context,higher=better,OECD,
DE054,Gießen,DE,context,commuting_walk,Commuting mode share - walking,Mobility (context),fua,9.8,PT_WR (% of workers),,2016,,stale_commuting_context,higher=better,OECD,
DE054,Gießen,DE,context,commuting_car,Commuting mode share - car,Mobility (context),fua,71.1,PT_WR (% of workers),,2016,,stale_commuting_context,higher=worse,OECD,
DE056,Bayreuth,DE,indicator,pm25,Mean PM2.5 population exposure,Environment,fua,26.763775906763858,MCG_M3 (ug/m3),62.48,2025,,,higher=worse,OECD,
DE056,Bayreuth,DE,indicator,green_area,Green area per inhabitant (urban centre),Environment,fua,175,M2_PS (m2/person),70.55,2021,,,higher=better,OECD,
DE056,Bayreuth,DE,indicator,public_transport_access,Population with access to public transport (15-minute walk),Mobility,fua,90.7,PT_POP (% population),31.43,2023,,,higher=better,OECD,
DE056,Bayreuth,DE,indicator,employment_rate,Employment rate (15-64),Economic Opportunity,fua,,PT_POP_SUB (% of working-age population),,,,,higher=better,OECD,
DE056,Bayreuth,DE,indicator,unemployment_rate,Unemployment rate (15-64),Economic Opportunity,fua,,PT_LF_SUB (% of labour force),,,,,higher=worse,OECD,
DE056,Bayreuth,DE,composite,environment_score,Environment composite score,Environment,fua (composite),,score (0-100),66.52,,,,,derived (V1 approved composites),
DE056,Bayreuth,DE,composite,mobility_score,Mobility composite score,Mobility,fua (composite),,score (0-100),31.43,,,,,derived (V1 approved composites),
DE056,Bayreuth,DE,composite,economic_opportunity_score,Economic Opportunity composite score,Economic Opportunity,fua (composite),,score (0-100),,,,,,derived (V1 approved composites),
DE056,Bayreuth,DE,context,population,Population (total),Context,fua,186111,PS (persons),,2025,,,neutral (context),OECD,
DE056,Bayreuth,DE,context,commuting_public_transport,Commuting mode share - public transport,Mobility (context),fua,3.9,PT_WR (% of workers),,2016,,stale_commuting_context,higher=better,OECD,
DE056,Bayreuth,DE,context,commuting_bike,Commuting mode share - bicycle,Mobility (context),fua,6.8,PT_WR (% of workers),,2016,,stale_commuting_context,higher=better,OECD,
DE056,Bayreuth,DE,context,commuting_walk,Commuting mode share - walking,Mobility (context),fua,8.6,PT_WR (% of workers),,2016,,stale_commuting_context,higher=better,OECD,
DE056,Bayreuth,DE,context,commuting_car,Commuting mode share - car,Mobility (context),fua,80.1,PT_WR (% of workers),,2016,,stale_commuting_context,higher=worse,OECD,
DE058,Aschaffenburg,DE,indicator,pm25,Mean PM2.5 population exposure,Environment,fua,31.181387652517877,MCG_M3 (ug/m3),39.59,2025,,,higher=worse,OECD,
DE058,Aschaffenburg,DE,indicator,green_area,Green area per inhabitant (urban centre),Environment,fua,236,M2_PS (m2/person),92.54,2021,,,higher=better,OECD,
DE058,Aschaffenburg,DE,indicator,public_transport_access,Population with access to public transport (15-minute walk),Mobility,fua,97.8,PT_POP (% population),81.7,2023,,,higher=better,OECD,
DE058,Aschaffenburg,DE,indicator,employment_rate,Employment rate (15-64),Economic Opportunity,fua,,PT_POP_SUB (% of working-age population),,,,,higher=better,OECD,
DE058,Aschaffenburg,DE,indicator,unemployment_rate,Unemployment rate (15-64),Economic Opportunity,fua,,PT_LF_SUB (% of labour force),,,,,higher=worse,OECD,
DE058,Aschaffenburg,DE,composite,environment_score,Environment composite score,Environment,fua (composite),,score (0-100),66.06,,,,,derived (V1 approved composites),
DE058,Aschaffenburg,DE,composite,mobility_score,Mobility composite score,Mobility,fua (composite),,score (0-100),81.7,,,,,derived (V1 approved composites),
DE058,Aschaffenburg,DE,composite,economic_opportunity_score,Economic Opportunity composite score,Economic Opportunity,fua (composite),,score (0-100),,,,,,derived (V1 approved composites),
DE058,Aschaffenburg,DE,context,population,Population (total),Context,fua,231291,PS (persons),,2025,,,neutral (context),OECD,
DE058,Aschaffenburg,DE,context,commuting_public_transport,Commuting mode share - public transport,Mobility (context),fua,7,PT_WR (% of workers),,2016,,stale_commuting_context,higher=better,OECD,
DE058,Aschaffenburg,DE,context,commuting_bike,Commuting mode share - bicycle,Mobility (context),fua,5.7,PT_WR (% of workers),,2016,,stale_commuting_context,higher=better,OECD,
DE058,Aschaffenburg,DE,context,commuting_walk,Commuting mode share - walking,Mobility (context),fua,8.8,PT_WR (% of workers),,2016,,stale_commuting_context,higher=better,OECD,
DE058,Aschaffenburg,DE,context,commuting_car,Commuting mode share - car,Mobility (context),fua,76.4,PT_WR (% of workers),,2016,,stale_commuting_context,higher=worse,OECD,
DE059,Bamberg,DE,indicator,pm25,Mean PM2.5 population exposure,Environment,fua,24.31950046819519,MCG_M3 (ug/m3),76.07,2025,,,higher=worse,OECD,
DE059,Bamberg,DE,indicator,green_area,Green area per inhabitant (urban centre),Environment,fua,145,M2_PS (m2/person),52.65,2021,,,higher=better,OECD,
DE059,Bamberg,DE,indicator,public_transport_access,Population with access to public transport (15-minute walk),Mobility,fua,95.8,PT_POP (% population),57.43,2023,,,higher=better,OECD,
DE059,Bamberg,DE,indicator,employment_rate,Employment rate (15-64),Economic Opportunity,fua,,PT_POP_SUB (% of working-age population),,,,,higher=better,OECD,
DE059,Bamberg,DE,indicator,unemployment_rate,Unemployment rate (15-64),Economic Opportunity,fua,,PT_LF_SUB (% of labour force),,,,,higher=worse,OECD,
DE059,Bamberg,DE,composite,environment_score,Environment composite score,Environment,fua (composite),,score (0-100),64.36,,,,,derived (V1 approved composites),
DE059,Bamberg,DE,composite,mobility_score,Mobility composite score,Mobility,fua (composite),,score (0-100),57.43,,,,,derived (V1 approved composites),
DE059,Bamberg,DE,composite,economic_opportunity_score,Economic Opportunity composite score,Economic Opportunity,fua (composite),,score (0-100),,,,,,derived (V1 approved composites),
DE059,Bamberg,DE,context,population,Population (total),Context,fua,236461,PS (persons),,2025,,,neutral (context),OECD,
DE059,Bamberg,DE,context,commuting_public_transport,Commuting mode share - public transport,Mobility (context),fua,8.3,PT_WR (% of workers),,2016,,stale_commuting_context,higher=better,OECD,
DE059,Bamberg,DE,context,commuting_bike,Commuting mode share - bicycle,Mobility (context),fua,10,PT_WR (% of workers),,2016,,stale_commuting_context,higher=better,OECD,
DE059,Bamberg,DE,context,commuting_walk,Commuting mode share - walking,Mobility (context),fua,6.2,PT_WR (% of workers),,2016,,stale_commuting_context,higher=better,OECD,
DE059,Bamberg,DE,context,commuting_car,Commuting mode share - car,Mobility (context),fua,73.4,PT_WR (% of workers),,2016,,stale_commuting_context,higher=worse,OECD,
DE063,Kempten (Allgäu),DE,indicator,pm25,Mean PM2.5 population exposure,Environment,fua,29.927993776377072,MCG_M3 (ug/m3),44.9,2025,,,higher=worse,OECD,
DE063,Kempten (Allgäu),DE,indicator,green_area,Green area per inhabitant (urban centre),Environment,fua,223,M2_PS (m2/person),88.28,2021,,,higher=better,OECD,
DE063,Kempten (Allgäu),DE,indicator,public_transport_access,Population with access to public transport (15-minute walk),Mobility,fua,88.6,PT_POP (% population),25.33,2023,,,higher=better,OECD,
DE063,Kempten (Allgäu),DE,indicator,employment_rate,Employment rate (15-64),Economic Opportunity,fua,,PT_POP_SUB (% of working-age population),,,,,higher=better,OECD,
DE063,Kempten (Allgäu),DE,indicator,unemployment_rate,Unemployment rate (15-64),Economic Opportunity,fua,,PT_LF_SUB (% of labour force),,,,,higher=worse,OECD,
DE063,Kempten (Allgäu),DE,composite,environment_score,Environment composite score,Environment,fua (composite),,score (0-100),66.59,,,,,derived (V1 approved composites),
DE063,Kempten (Allgäu),DE,composite,mobility_score,Mobility composite score,Mobility,fua (composite),,score (0-100),25.33,,,,,derived (V1 approved composites),
DE063,Kempten (Allgäu),DE,composite,economic_opportunity_score,Economic Opportunity composite score,Economic Opportunity,fua (composite),,score (0-100),,,,,,derived (V1 approved composites),
DE063,Kempten (Allgäu),DE,context,population,Population (total),Context,fua,142629,PS (persons),,2025,,,neutral (context),OECD,
DE063,Kempten (Allgäu),DE,context,commuting_public_transport,Commuting mode share - public transport,Mobility (context),fua,4.5,PT_WR (% of workers),,2016,,stale_commuting_context,higher=better,OECD,
DE063,Kempten (Allgäu),DE,context,commuting_bike,Commuting mode share - bicycle,Mobility (context),fua,10.1,PT_WR (% of workers),,2016,,stale_commuting_context,higher=better,OECD,
DE063,Kempten (Allgäu),DE,context,commuting_walk,Commuting mode share - walking,Mobility (context),fua,16.2,PT_WR (% of workers),,2016,,stale_commuting_context,higher=better,OECD,
DE063,Kempten (Allgäu),DE,context,commuting_car,Commuting mode share - car,Mobility (context),fua,66.8,PT_WR (% of workers),,2016,,stale_commuting_context,higher=worse,OECD,
DE064,Landshut,DE,indicator,pm25,Mean PM2.5 population exposure,Environment,fua,28.32698128820754,MCG_M3 (ug/m3),53.03,2025,,,higher=worse,OECD,
DE064,Landshut,DE,indicator,green_area,Green area per inhabitant (urban centre),Environment,fua,166,M2_PS (m2/person),65.41,2021,,,higher=better,OECD,
DE064,Landshut,DE,indicator,public_transport_access,Population with access to public transport (15-minute walk),Mobility,fua,94.1,PT_POP (% population),48.28,2023,,,higher=better,OECD,
DE064,Landshut,DE,indicator,employment_rate,Employment rate (15-64),Economic Opportunity,fua,,PT_POP_SUB (% of working-age population),,,,,higher=better,OECD,
DE064,Landshut,DE,indicator,unemployment_rate,Unemployment rate (15-64),Economic Opportunity,fua,,PT_LF_SUB (% of labour force),,,,,higher=worse,OECD,
DE064,Landshut,DE,composite,environment_score,Environment composite score,Environment,fua (composite),,score (0-100),59.22,,,,,derived (V1 approved composites),
DE064,Landshut,DE,composite,mobility_score,Mobility composite score,Mobility,fua (composite),,score (0-100),48.28,,,,,derived (V1 approved composites),
DE064,Landshut,DE,composite,economic_opportunity_score,Economic Opportunity composite score,Economic Opportunity,fua (composite),,score (0-100),,,,,,derived (V1 approved composites),
DE064,Landshut,DE,context,population,Population (total),Context,fua,177405,PS (persons),,2025,,,neutral (context),OECD,
DE064,Landshut,DE,context,commuting_public_transport,Commuting mode share - public transport,Mobility (context),fua,8.5,PT_WR (% of workers),,2016,,stale_commuting_context,higher=better,OECD,
DE064,Landshut,DE,context,commuting_bike,Commuting mode share - bicycle,Mobility (context),fua,7,PT_WR (% of workers),,2016,,stale_commuting_context,higher=better,OECD,
DE064,Landshut,DE,context,commuting_walk,Commuting mode share - walking,Mobility (context),fua,9.6,PT_WR (% of workers),,2016,,stale_commuting_context,higher=better,OECD,
DE064,Landshut,DE,context,commuting_car,Commuting mode share - car,Mobility (context),fua,73.7,PT_WR (% of workers),,2016,,stale_commuting_context,higher=worse,OECD,
DE066,Rosenheim,DE,indicator,pm25,Mean PM2.5 population exposure,Environment,fua,28.42866855849839,MCG_M3 (ug/m3),52.44,2025,,,higher=worse,OECD,
DE066,Rosenheim,DE,indicator,green_area,Green area per inhabitant (urban centre),Environment,fua,194,M2_PS (m2/person),78.09,2021,,,higher=better,OECD,
DE066,Rosenheim,DE,indicator,public_transport_access,Population with access to public transport (15-minute walk),Mobility,fua,89,PT_POP (% population),27.45,2023,,,higher=better,OECD,
DE066,Rosenheim,DE,indicator,employment_rate,Employment rate (15-64),Economic Opportunity,fua,,PT_POP_SUB (% of working-age population),,,,,higher=better,OECD,
DE066,Rosenheim,DE,indicator,unemployment_rate,Unemployment rate (15-64),Economic Opportunity,fua,,PT_LF_SUB (% of labour force),,,,,higher=worse,OECD,
DE066,Rosenheim,DE,composite,environment_score,Environment composite score,Environment,fua (composite),,score (0-100),65.27,,,,,derived (V1 approved composites),
DE066,Rosenheim,DE,composite,mobility_score,Mobility composite score,Mobility,fua (composite),,score (0-100),27.45,,,,,derived (V1 approved composites),
DE066,Rosenheim,DE,composite,economic_opportunity_score,Economic Opportunity composite score,Economic Opportunity,fua (composite),,score (0-100),,,,,,derived (V1 approved composites),
DE066,Rosenheim,DE,context,population,Population (total),Context,fua,169557,PS (persons),,2025,,,neutral (context),OECD,
DE066,Rosenheim,DE,context,commuting_public_transport,Commuting mode share - public transport,Mobility (context),fua,7.5,PT_WR (% of workers),,2016,,stale_commuting_context,higher=better,OECD,
DE066,Rosenheim,DE,context,commuting_bike,Commuting mode share - bicycle,Mobility (context),fua,11.9,PT_WR (% of workers),,2016,,stale_commuting_context,higher=better,OECD,
DE066,Rosenheim,DE,context,commuting_walk,Commuting mode share - walking,Mobility (context),fua,6.6,PT_WR (% of workers),,2016,,stale_commuting_context,higher=better,OECD,
DE066,Rosenheim,DE,context,commuting_car,Commuting mode share - car,Mobility (context),fua,73.3,PT_WR (% of workers),,2016,,stale_commuting_context,higher=worse,OECD,
DE071,Görlitz,DE,indicator,pm25,Mean PM2.5 population exposure,Environment,fua,27.518734805056326,MCG_M3 (ug/m3),59.08,2025,,,higher=worse,OECD,
DE071,Görlitz,DE,indicator,green_area,Green area per inhabitant (urban centre),Environment,fua,200,M2_PS (m2/person),81.54,2021,,,higher=better,OECD,
DE071,Görlitz,DE,indicator,public_transport_access,Population with access to public transport (15-minute walk),Mobility,fua,96.1,PT_POP (% population),61.8,2023,,,higher=better,OECD,
DE071,Görlitz,DE,indicator,employment_rate,Employment rate (15-64),Economic Opportunity,fua,,PT_POP_SUB (% of working-age population),,,,,higher=better,OECD,
DE071,Görlitz,DE,indicator,unemployment_rate,Unemployment rate (15-64),Economic Opportunity,fua,,PT_LF_SUB (% of labour force),,,,,higher=worse,OECD,
DE071,Görlitz,DE,composite,environment_score,Environment composite score,Environment,fua (composite),,score (0-100),70.31,,,,,derived (V1 approved composites),
DE071,Görlitz,DE,composite,mobility_score,Mobility composite score,Mobility,fua (composite),,score (0-100),61.8,,,,,derived (V1 approved composites),
DE071,Görlitz,DE,composite,economic_opportunity_score,Economic Opportunity composite score,Economic Opportunity,fua (composite),,score (0-100),,,,,,derived (V1 approved composites),
DE071,Görlitz,DE,context,population,Population (total),Context,fua,79906,PS (persons),,2025,,,neutral (context),OECD,
DE071,Görlitz,DE,context,commuting_public_transport,Commuting mode share - public transport,Mobility (context),fua,3.9,PT_WR (% of workers),,2016,,stale_commuting_context,higher=better,OECD,
DE071,Görlitz,DE,context,commuting_bike,Commuting mode share - bicycle,Mobility (context),fua,9.6,PT_WR (% of workers),,2016,,stale_commuting_context,higher=better,OECD,
DE071,Görlitz,DE,context,commuting_walk,Commuting mode share - walking,Mobility (context),fua,12,PT_WR (% of workers),,2016,,stale_commuting_context,higher=better,OECD,
DE071,Görlitz,DE,context,commuting_car,Commuting mode share - car,Mobility (context),fua,73.4,PT_WR (% of workers),,2016,,stale_commuting_context,higher=worse,OECD,
DE081,Mannheim-Ludwigshafen,DE,indicator,pm25,Mean PM2.5 population exposure,Environment,fua,32.195489773733954,MCG_M3 (ug/m3),36.19,2025,,,higher=worse,OECD,
DE081,Mannheim-Ludwigshafen,DE,indicator,green_area,Green area per inhabitant (urban centre),Environment,fua,132,M2_PS (m2/person),43.82,2021,,,higher=better,OECD,
DE081,Mannheim-Ludwigshafen,DE,indicator,public_transport_access,Population with access to public transport (15-minute walk),Mobility,fua,97.4,PT_POP (% population),75.73,2023,,,higher=better,OECD,
DE081,Mannheim-Ludwigshafen,DE,indicator,employment_rate,Employment rate (15-64),Economic Opportunity,fua,75.5,PT_POP_SUB (% of working-age population),77.68,2021,,,higher=better,OECD,
DE081,Mannheim-Ludwigshafen,DE,indicator,unemployment_rate,Unemployment rate (15-64),Economic Opportunity,fua,6.6,PT_LF_SUB (% of labour force),46.42,2021,,,higher=worse,OECD,
DE081,Mannheim-Ludwigshafen,DE,composite,environment_score,Environment composite score,Environment,fua (composite),,score (0-100),40.0,,,,,derived (V1 approved composites),
DE081,Mannheim-Ludwigshafen,DE,composite,mobility_score,Mobility composite score,Mobility,fua (composite),,score (0-100),75.73,,,,,derived (V1 approved composites),
DE081,Mannheim-Ludwigshafen,DE,composite,economic_opportunity_score,Economic Opportunity composite score,Economic Opportunity,fua (composite),,score (0-100),62.05,,,,,derived (V1 approved composites),
DE081,Mannheim-Ludwigshafen,DE,context,population,Population (total),Context,fua,1353221,PS (persons),,2025,,,neutral (context),OECD,
DE081,Mannheim-Ludwigshafen,DE,context,commuting_public_transport,Commuting mode share - public transport,Mobility (context),fua,,PT_WR (% of workers),,,,,higher=better,OECD,
DE081,Mannheim-Ludwigshafen,DE,context,commuting_bike,Commuting mode share - bicycle,Mobility (context),fua,,PT_WR (% of workers),,,,,higher=better,OECD,
DE081,Mannheim-Ludwigshafen,DE,context,commuting_walk,Commuting mode share - walking,Mobility (context),fua,,PT_WR (% of workers),,,,,higher=better,OECD,
DE081,Mannheim-Ludwigshafen,DE,context,commuting_car,Commuting mode share - car,Mobility (context),fua,,PT_WR (% of workers),,,,,higher=worse,OECD,
DE083,Münster,DE,indicator,pm25,Mean PM2.5 population exposure,Environment,fua,27.987389704225652,MCG_M3 (ug/m3),55.69,2025,,,higher=worse,OECD,
DE083,Münster,DE,indicator,green_area,Green area per inhabitant (urban centre),Environment,fua,207,M2_PS (m2/person),84.03,2021,,,higher=better,OECD,
DE083,Münster,DE,indicator,public_transport_access,Population with access to public transport (15-minute walk),Mobility,fua,96.2,PT_POP (% population),63.0,2023,,,higher=better,OECD,
DE083,Münster,DE,indicator,employment_rate,Employment rate (15-64),Economic Opportunity,fua,73.8,PT_POP_SUB (% of working-age population),69.37,2021,,,higher=better,OECD,
DE083,Münster,DE,indicator,unemployment_rate,Unemployment rate (15-64),Economic Opportunity,fua,4.8,PT_LF_SUB (% of labour force),66.6,2021,,,higher=worse,OECD,
DE083,Münster,DE,composite,environment_score,Environment composite score,Environment,fua (composite),,score (0-100),69.86,,,,,derived (V1 approved composites),
DE083,Münster,DE,composite,mobility_score,Mobility composite score,Mobility,fua (composite),,score (0-100),63.0,,,,,derived (V1 approved composites),
DE083,Münster,DE,composite,economic_opportunity_score,Economic Opportunity composite score,Economic Opportunity,fua (composite),,score (0-100),67.98,,,,,derived (V1 approved composites),
DE083,Münster,DE,context,population,Population (total),Context,fua,575378,PS (persons),,2025,,,neutral (context),OECD,
DE083,Münster,DE,context,commuting_public_transport,Commuting mode share - public transport,Mobility (context),fua,9.4,PT_WR (% of workers),,2016,,stale_commuting_context,higher=better,OECD,
DE083,Münster,DE,context,commuting_bike,Commuting mode share - bicycle,Mobility (context),fua,28.4,PT_WR (% of workers),,2016,,stale_commuting_context,higher=better,OECD,
DE083,Münster,DE,context,commuting_walk,Commuting mode share - walking,Mobility (context),fua,5.3,PT_WR (% of workers),,2016,,stale_commuting_context,higher=better,OECD,
DE083,Münster,DE,context,commuting_car,Commuting mode share - car,Mobility (context),fua,56,PT_WR (% of workers),,2016,,stale_commuting_context,higher=worse,OECD,
DE084,Chemnitz,DE,indicator,pm25,Mean PM2.5 population exposure,Environment,fua,28.198359956519443,MCG_M3 (ug/m3),54.21,2025,,,higher=worse,OECD,
DE084,Chemnitz,DE,indicator,green_area,Green area per inhabitant (urban centre),Environment,fua,232,M2_PS (m2/person),91.73,2021,,,higher=better,OECD,
DE084,Chemnitz,DE,indicator,public_transport_access,Population with access to public transport (15-minute walk),Mobility,fua,97.8,PT_POP (% population),81.7,2023,,,higher=better,OECD,
DE084,Chemnitz,DE,indicator,employment_rate,Employment rate (15-64),Economic Opportunity,fua,77.2,PT_POP_SUB (% of working-age population),85.06,2021,,,higher=better,OECD,
DE084,Chemnitz,DE,indicator,unemployment_rate,Unemployment rate (15-64),Economic Opportunity,fua,6.6,PT_LF_SUB (% of labour force),46.42,2021,,,higher=worse,OECD,
DE084,Chemnitz,DE,composite,environment_score,Environment composite score,Environment,fua (composite),,score (0-100),72.97,,,,,derived (V1 approved composites),
DE084,Chemnitz,DE,composite,mobility_score,Mobility composite score,Mobility,fua (composite),,score (0-100),81.7,,,,,derived (V1 approved composites),
DE084,Chemnitz,DE,composite,economic_opportunity_score,Economic Opportunity composite score,Economic Opportunity,fua (composite),,score (0-100),65.74,,,,,derived (V1 approved composites),
DE084,Chemnitz,DE,context,population,Population (total),Context,fua,438546,PS (persons),,2025,,,neutral (context),OECD,
DE084,Chemnitz,DE,context,commuting_public_transport,Commuting mode share - public transport,Mobility (context),fua,16.8,PT_WR (% of workers),,2016,,stale_commuting_context,higher=better,OECD,
DE084,Chemnitz,DE,context,commuting_bike,Commuting mode share - bicycle,Mobility (context),fua,5.8,PT_WR (% of workers),,2016,,stale_commuting_context,higher=better,OECD,
DE084,Chemnitz,DE,context,commuting_walk,Commuting mode share - walking,Mobility (context),fua,7.8,PT_WR (% of workers),,2016,,stale_commuting_context,higher=better,OECD,
DE084,Chemnitz,DE,context,commuting_car,Commuting mode share - car,Mobility (context),fua,69.2,PT_WR (% of workers),,2016,,stale_commuting_context,higher=worse,OECD,
DE085,Braunschweig-Salzgitter,DE,indicator,pm25,Mean PM2.5 population exposure,Environment,fua,33.20466783403881,MCG_M3 (ug/m3),32.05,2025,,,higher=worse,OECD,
DE085,Braunschweig-Salzgitter,DE,indicator,green_area,Green area per inhabitant (urban centre),Environment,fua,220,M2_PS (m2/person),87.16,2021,,,higher=better,OECD,
DE085,Braunschweig-Salzgitter,DE,indicator,public_transport_access,Population with access to public transport (15-minute walk),Mobility,fua,97.8,PT_POP (% population),81.7,2023,,,higher=better,OECD,
DE085,Braunschweig-Salzgitter,DE,indicator,employment_rate,Employment rate (15-64),Economic Opportunity,fua,74.1,PT_POP_SUB (% of working-age population),72.14,2021,,,higher=better,OECD,
DE085,Braunschweig-Salzgitter,DE,indicator,unemployment_rate,Unemployment rate (15-64),Economic Opportunity,fua,6.4,PT_LF_SUB (% of labour force),49.25,2021,,,higher=worse,OECD,
DE085,Braunschweig-Salzgitter,DE,composite,environment_score,Environment composite score,Environment,fua (composite),,score (0-100),59.6,,,,,derived (V1 approved composites),
DE085,Braunschweig-Salzgitter,DE,composite,mobility_score,Mobility composite score,Mobility,fua (composite),,score (0-100),81.7,,,,,derived (V1 approved composites),
DE085,Braunschweig-Salzgitter,DE,composite,economic_opportunity_score,Economic Opportunity composite score,Economic Opportunity,fua (composite),,score (0-100),60.7,,,,,derived (V1 approved composites),
DE085,Braunschweig-Salzgitter,DE,context,population,Population (total),Context,fua,534339,PS (persons),,2025,,,neutral (context),OECD,
DE085,Braunschweig-Salzgitter,DE,context,commuting_public_transport,Commuting mode share - public transport,Mobility (context),fua,,PT_WR (% of workers),,,,,higher=better,OECD,
DE085,Braunschweig-Salzgitter,DE,context,commuting_bike,Commuting mode share - bicycle,Mobility (context),fua,,PT_WR (% of workers),,,,,higher=better,OECD,
DE085,Braunschweig-Salzgitter,DE,context,commuting_walk,Commuting mode share - walking,Mobility (context),fua,,PT_WR (% of workers),,,,,higher=better,OECD,
DE085,Braunschweig-Salzgitter,DE,context,commuting_car,Commuting mode share - car,Mobility (context),fua,,PT_WR (% of workers),,,,,higher=worse,OECD,
DE086,Aachen,DE,indicator,pm25,Mean PM2.5 population exposure,Environment,fua,26.16154087156455,MCG_M3 (ug/m3),66.47,2025,,,higher=worse,OECD,
DE086,Aachen,DE,indicator,green_area,Green area per inhabitant (urban centre),Environment,fua,207,M2_PS (m2/person),84.03,2021,,,higher=better,OECD,
DE086,Aachen,DE,indicator,public_transport_access,Population with access to public transport (15-minute walk),Mobility,fua,99.2,PT_POP (% population),96.95,2023,,,higher=better,OECD,
DE086,Aachen,DE,indicator,employment_rate,Employment rate (15-64),Economic Opportunity,fua,69.7,PT_POP_SUB (% of working-age population),42.07,2021,,,higher=better,OECD,
DE086,Aachen,DE,indicator,unemployment_rate,Unemployment rate (15-64),Economic Opportunity,fua,8.6,PT_LF_SUB (% of labour force),23.96,2021,,,higher=worse,OECD,
DE086,Aachen,DE,composite,environment_score,Environment composite score,Environment,fua (composite),,score (0-100),75.25,,,,,derived (V1 approved composites),
DE086,Aachen,DE,composite,mobility_score,Mobility composite score,Mobility,fua (composite),,score (0-100),96.95,,,,,derived (V1 approved composites),
DE086,Aachen,DE,composite,economic_opportunity_score,Economic Opportunity composite score,Economic Opportunity,fua (composite),,score (0-100),33.02,,,,,derived (V1 approved composites),
DE086,Aachen,DE,context,population,Population (total),Context,fua,621011,PS (persons),,2025,,,neutral (context),OECD,
DE086,Aachen,DE,context,commuting_public_transport,Commuting mode share - public transport,Mobility (context),fua,15.5,PT_WR (% of workers),,2016,,stale_commuting_context,higher=better,OECD,
DE086,Aachen,DE,context,commuting_bike,Commuting mode share - bicycle,Mobility (context),fua,5.9,PT_WR (% of workers),,2016,,stale_commuting_context,higher=better,OECD,
DE086,Aachen,DE,context,commuting_walk,Commuting mode share - walking,Mobility (context),fua,9.8,PT_WR (% of workers),,2016,,stale_commuting_context,higher=better,OECD,
DE086,Aachen,DE,context,commuting_car,Commuting mode share - car,Mobility (context),fua,67.5,PT_WR (% of workers),,2016,,stale_commuting_context,higher=worse,OECD,
DE087,Krefeld,DE,indicator,pm25,Mean PM2.5 population exposure,Environment,fua,30.077033707270793,MCG_M3 (ug/m3),44.17,2025,,,higher=worse,OECD,
DE087,Krefeld,DE,indicator,green_area,Green area per inhabitant (urban centre),Environment,fua,191,M2_PS (m2/person),76.89,2021,,,higher=better,OECD,
DE087,Krefeld,DE,indicator,public_transport_access,Population with access to public transport (15-minute walk),Mobility,fua,96.5,PT_POP (% population),65.52,2023,,,higher=better,OECD,
DE087,Krefeld,DE,indicator,employment_rate,Employment rate (15-64),Economic Opportunity,fua,70.3,PT_POP_SUB (% of working-age population),50.92,2021,,,higher=better,OECD,
DE087,Krefeld,DE,indicator,unemployment_rate,Unemployment rate (15-64),Economic Opportunity,fua,10.9,PT_LF_SUB (% of labour force),9.43,2021,,,higher=worse,OECD,
DE087,Krefeld,DE,composite,environment_score,Environment composite score,Environment,fua (composite),,score (0-100),60.53,,,,,derived (V1 approved composites),
DE087,Krefeld,DE,composite,mobility_score,Mobility composite score,Mobility,fua (composite),,score (0-100),65.52,,,,,derived (V1 approved composites),
DE087,Krefeld,DE,composite,economic_opportunity_score,Economic Opportunity composite score,Economic Opportunity,fua (composite),,score (0-100),30.18,,,,,derived (V1 approved composites),
DE087,Krefeld,DE,context,population,Population (total),Context,fua,294762,PS (persons),,2025,,,neutral (context),OECD,
DE087,Krefeld,DE,context,commuting_public_transport,Commuting mode share - public transport,Mobility (context),fua,13.5,PT_WR (% of workers),,2016,,stale_commuting_context,higher=better,OECD,
DE087,Krefeld,DE,context,commuting_bike,Commuting mode share - bicycle,Mobility (context),fua,12.1,PT_WR (% of workers),,2016,,stale_commuting_context,higher=better,OECD,
DE087,Krefeld,DE,context,commuting_walk,Commuting mode share - walking,Mobility (context),fua,7.3,PT_WR (% of workers),,2016,,stale_commuting_context,higher=better,OECD,
DE087,Krefeld,DE,context,commuting_car,Commuting mode share - car,Mobility (context),fua,66.7,PT_WR (% of workers),,2016,,stale_commuting_context,higher=worse,OECD,
DE089,Lübeck,DE,indicator,pm25,Mean PM2.5 population exposure,Environment,fua,22.86716638766801,MCG_M3 (ug/m3),84.05,2025,,,higher=worse,OECD,
DE089,Lübeck,DE,indicator,green_area,Green area per inhabitant (urban centre),Environment,fua,204,M2_PS (m2/person),82.91,2021,,,higher=better,OECD,
DE089,Lübeck,DE,indicator,public_transport_access,Population with access to public transport (15-minute walk),Mobility,fua,97.9,PT_POP (% population),83.29,2023,,,higher=better,OECD,
DE089,Lübeck,DE,indicator,employment_rate,Employment rate (15-64),Economic Opportunity,fua,75.5,PT_POP_SUB (% of working-age population),77.68,2021,,,higher=better,OECD,
DE089,Lübeck,DE,indicator,unemployment_rate,Unemployment rate (15-64),Economic Opportunity,fua,7.4,PT_LF_SUB (% of labour force),35.47,2021,,,higher=worse,OECD,
DE089,Lübeck,DE,composite,environment_score,Environment composite score,Environment,fua (composite),,score (0-100),83.48,,,,,derived (V1 approved composites),
DE089,Lübeck,DE,composite,mobility_score,Mobility composite score,Mobility,fua (composite),,score (0-100),83.29,,,,,derived (V1 approved composites),
DE089,Lübeck,DE,composite,economic_opportunity_score,Economic Opportunity composite score,Economic Opportunity,fua (composite),,score (0-100),56.58,,,,,derived (V1 approved composites),
DE089,Lübeck,DE,context,population,Population (total),Context,fua,383583,PS (persons),,2025,,,neutral (context),OECD,
DE089,Lübeck,DE,context,commuting_public_transport,Commuting mode share - public transport,Mobility (context),fua,10.1,PT_WR (% of workers),,2016,,stale_commuting_context,higher=better,OECD,
DE089,Lübeck,DE,context,commuting_bike,Commuting mode share - bicycle,Mobility (context),fua,16.9,PT_WR (% of workers),,2016,,stale_commuting_context,higher=better,OECD,
DE089,Lübeck,DE,context,commuting_walk,Commuting mode share - walking,Mobility (context),fua,8.9,PT_WR (% of workers),,2016,,stale_commuting_context,higher=better,OECD,
DE089,Lübeck,DE,context,commuting_car,Commuting mode share - car,Mobility (context),fua,62.5,PT_WR (% of workers),,2016,,stale_commuting_context,higher=worse,OECD,
DE091,Kassel,DE,indicator,pm25,Mean PM2.5 population exposure,Environment,fua,27.610701300340214,MCG_M3 (ug/m3),58.64,2025,,,higher=worse,OECD,
DE091,Kassel,DE,indicator,green_area,Green area per inhabitant (urban centre),Environment,fua,206,M2_PS (m2/person),83.55,2021,,,higher=better,OECD,
DE091,Kassel,DE,indicator,public_transport_access,Population with access to public transport (15-minute walk),Mobility,fua,98.1,PT_POP (% population),85.68,2023,,,higher=better,OECD,
DE091,Kassel,DE,indicator,employment_rate,Employment rate (15-64),Economic Opportunity,fua,72.6,PT_POP_SUB (% of working-age population),63.1,2021,,,higher=better,OECD,
DE091,Kassel,DE,indicator,unemployment_rate,Unemployment rate (15-64),Economic Opportunity,fua,6.3,PT_LF_SUB (% of labour force),52.64,2021,,,higher=worse,OECD,
DE091,Kassel,DE,composite,environment_score,Environment composite score,Environment,fua (composite),,score (0-100),71.09,,,,,derived (V1 approved composites),
DE091,Kassel,DE,composite,mobility_score,Mobility composite score,Mobility,fua (composite),,score (0-100),85.68,,,,,derived (V1 approved composites),
DE091,Kassel,DE,composite,economic_opportunity_score,Economic Opportunity composite score,Economic Opportunity,fua (composite),,score (0-100),57.87,,,,,derived (V1 approved composites),
DE091,Kassel,DE,context,population,Population (total),Context,fua,488017,PS (persons),,2025,,,neutral (context),OECD,
DE091,Kassel,DE,context,commuting_public_transport,Commuting mode share - public transport,Mobility (context),fua,16,PT_WR (% of workers),,2016,,stale_commuting_context,higher=better,OECD,
DE091,Kassel,DE,context,commuting_bike,Commuting mode share - bicycle,Mobility (context),fua,5.6,PT_WR (% of workers),,2016,,stale_commuting_context,higher=better,OECD,
DE091,Kassel,DE,context,commuting_walk,Commuting mode share - walking,Mobility (context),fua,9.1,PT_WR (% of workers),,2016,,stale_commuting_context,higher=better,OECD,
DE091,Kassel,DE,context,commuting_car,Commuting mode share - car,Mobility (context),fua,68.3,PT_WR (% of workers),,2016,,stale_commuting_context,higher=worse,OECD,
DE095,Osnabrück,DE,indicator,pm25,Mean PM2.5 population exposure,Environment,fua,31.26757706446775,MCG_M3 (ug/m3),39.14,2025,,,higher=worse,OECD,
DE095,Osnabrück,DE,indicator,green_area,Green area per inhabitant (urban centre),Environment,fua,232,M2_PS (m2/person),91.73,2021,,,higher=better,OECD,
DE095,Osnabrück,DE,indicator,public_transport_access,Population with access to public transport (15-minute walk),Mobility,fua,97.4,PT_POP (% population),75.73,2023,,,higher=better,OECD,
DE095,Osnabrück,DE,indicator,employment_rate,Employment rate (15-64),Economic Opportunity,fua,78,PT_POP_SUB (% of working-age population),87.82,2021,,,higher=better,OECD,
DE095,Osnabrück,DE,indicator,unemployment_rate,Unemployment rate (15-64),Economic Opportunity,fua,5.5,PT_LF_SUB (% of labour force),62.08,2021,,,higher=worse,OECD,
DE095,Osnabrück,DE,composite,environment_score,Environment composite score,Environment,fua (composite),,score (0-100),65.44,,,,,derived (V1 approved composites),
DE095,Osnabrück,DE,composite,mobility_score,Mobility composite score,Mobility,fua (composite),,score (0-100),75.73,,,,,derived (V1 approved composites),
DE095,Osnabrück,DE,composite,economic_opportunity_score,Economic Opportunity composite score,Economic Opportunity,fua (composite),,score (0-100),74.95,,,,,derived (V1 approved composites),
DE095,Osnabrück,DE,context,population,Population (total),Context,fua,355902,PS (persons),,2025,,,neutral (context),OECD,
DE095,Osnabrück,DE,context,commuting_public_transport,Commuting mode share - public transport,Mobility (context),fua,7,PT_WR (% of workers),,2016,,stale_commuting_context,higher=better,OECD,
DE095,Osnabrück,DE,context,commuting_bike,Commuting mode share - bicycle,Mobility (context),fua,12.1,PT_WR (% of workers),,2016,,stale_commuting_context,higher=better,OECD,
DE095,Osnabrück,DE,context,commuting_walk,Commuting mode share - walking,Mobility (context),fua,6.8,PT_WR (% of workers),,2016,,stale_commuting_context,higher=better,OECD,
DE095,Osnabrück,DE,context,commuting_car,Commuting mode share - car,Mobility (context),fua,72.4,PT_WR (% of workers),,2016,,stale_commuting_context,higher=worse,OECD,
DE098,Oldenburg (Oldenburg),DE,indicator,pm25,Mean PM2.5 population exposure,Environment,fua,26.327154812397566,MCG_M3 (ug/m3),65.44,2025,,,higher=worse,OECD,
DE098,Oldenburg (Oldenburg),DE,indicator,green_area,Green area per inhabitant (urban centre),Environment,fua,244,M2_PS (m2/person),94.06,2021,,,higher=better,OECD,
DE098,Oldenburg (Oldenburg),DE,indicator,public_transport_access,Population with access to public transport (15-minute walk),Mobility,fua,96.1,PT_POP (% population),61.8,2023,,,higher=better,OECD,
DE098,Oldenburg (Oldenburg),DE,indicator,employment_rate,Employment rate (15-64),Economic Opportunity,fua,74,PT_POP_SUB (% of working-age population),71.22,2021,,,higher=better,OECD,
DE098,Oldenburg (Oldenburg),DE,indicator,unemployment_rate,Unemployment rate (15-64),Economic Opportunity,fua,5.9,PT_LF_SUB (% of labour force),57.74,2021,,,higher=worse,OECD,
DE098,Oldenburg (Oldenburg),DE,composite,environment_score,Environment composite score,Environment,fua (composite),,score (0-100),79.75,,,,,derived (V1 approved composites),
DE098,Oldenburg (Oldenburg),DE,composite,mobility_score,Mobility composite score,Mobility,fua (composite),,score (0-100),61.8,,,,,derived (V1 approved composites),
DE098,Oldenburg (Oldenburg),DE,composite,economic_opportunity_score,Economic Opportunity composite score,Economic Opportunity,fua (composite),,score (0-100),64.48,,,,,derived (V1 approved composites),
DE098,Oldenburg (Oldenburg),DE,context,population,Population (total),Context,fua,320458,PS (persons),,2025,,,neutral (context),OECD,
DE098,Oldenburg (Oldenburg),DE,context,commuting_public_transport,Commuting mode share - public transport,Mobility (context),fua,5.8,PT_WR (% of workers),,2016,,stale_commuting_context,higher=better,OECD,
DE098,Oldenburg (Oldenburg),DE,context,commuting_bike,Commuting mode share - bicycle,Mobility (context),fua,20.9,PT_WR (% of workers),,2016,,stale_commuting_context,higher=better,OECD,
DE098,Oldenburg (Oldenburg),DE,context,commuting_walk,Commuting mode share - walking,Mobility (context),fua,4.3,PT_WR (% of workers),,2016,,stale_commuting_context,higher=better,OECD,
DE098,Oldenburg (Oldenburg),DE,context,commuting_car,Commuting mode share - car,Mobility (context),fua,67.7,PT_WR (% of workers),,2016,,stale_commuting_context,higher=worse,OECD,
DE100,Heidelberg,DE,indicator,pm25,Mean PM2.5 population exposure,Environment,fua,33.86891449069979,MCG_M3 (ug/m3),29.54,2025,,,higher=worse,OECD,
DE100,Heidelberg,DE,indicator,green_area,Green area per inhabitant (urban centre),Environment,fua,134,M2_PS (m2/person),45.1,2021,,,higher=better,OECD,
DE100,Heidelberg,DE,indicator,public_transport_access,Population with access to public transport (15-minute walk),Mobility,fua,98.1,PT_POP (% population),85.68,2023,,,higher=better,OECD,
DE100,Heidelberg,DE,indicator,employment_rate,Employment rate (15-64),Economic Opportunity,fua,70.5,PT_POP_SUB (% of working-age population),52.58,2021,,,higher=better,OECD,
DE100,Heidelberg,DE,indicator,unemployment_rate,Unemployment rate (15-64),Economic Opportunity,fua,4.9,PT_LF_SUB (% of labour force),64.91,2021,,,higher=worse,OECD,
DE100,Heidelberg,DE,composite,environment_score,Environment composite score,Environment,fua (composite),,score (0-100),37.32,,,,,derived (V1 approved composites),
DE100,Heidelberg,DE,composite,mobility_score,Mobility composite score,Mobility,fua (composite),,score (0-100),85.68,,,,,derived (V1 approved composites),
DE100,Heidelberg,DE,composite,economic_opportunity_score,Economic Opportunity composite score,Economic Opportunity,fua (composite),,score (0-100),58.74,,,,,derived (V1 approved composites),
DE100,Heidelberg,DE,context,population,Population (total),Context,fua,309795,PS (persons),,2025,,,neutral (context),OECD,
DE100,Heidelberg,DE,context,commuting_public_transport,Commuting mode share - public transport,Mobility (context),fua,13.7,PT_WR (% of workers),,2016,,stale_commuting_context,higher=better,OECD,
DE100,Heidelberg,DE,context,commuting_bike,Commuting mode share - bicycle,Mobility (context),fua,11.7,PT_WR (% of workers),,2016,,stale_commuting_context,higher=better,OECD,
DE100,Heidelberg,DE,context,commuting_walk,Commuting mode share - walking,Mobility (context),fua,7.2,PT_WR (% of workers),,2016,,stale_commuting_context,higher=better,OECD,
DE100,Heidelberg,DE,context,commuting_car,Commuting mode share - car,Mobility (context),fua,66.2,PT_WR (% of workers),,2016,,stale_commuting_context,higher=worse,OECD,
DE101,Paderborn,DE,indicator,pm25,Mean PM2.5 population exposure,Environment,fua,26.857745412140513,MCG_M3 (ug/m3),62.19,2025,,,higher=worse,OECD,
DE101,Paderborn,DE,indicator,green_area,Green area per inhabitant (urban centre),Environment,fua,213,M2_PS (m2/person),86.12,2021,,,higher=better,OECD,
DE101,Paderborn,DE,indicator,public_transport_access,Population with access to public transport (15-minute walk),Mobility,fua,96,PT_POP (% population),60.48,2023,,,higher=better,OECD,
DE101,Paderborn,DE,indicator,employment_rate,Employment rate (15-64),Economic Opportunity,fua,74.5,PT_POP_SUB (% of working-age population),74.91,2021,,,higher=better,OECD,
DE101,Paderborn,DE,indicator,unemployment_rate,Unemployment rate (15-64),Economic Opportunity,fua,5.9,PT_LF_SUB (% of labour force),57.74,2021,,,higher=worse,OECD,
DE101,Paderborn,DE,composite,environment_score,Environment composite score,Environment,fua (composite),,score (0-100),74.16,,,,,derived (V1 approved composites),
DE101,Paderborn,DE,composite,mobility_score,Mobility composite score,Mobility,fua (composite),,score (0-100),60.48,,,,,derived (V1 approved composites),
DE101,Paderborn,DE,composite,economic_opportunity_score,Economic Opportunity composite score,Economic Opportunity,fua (composite),,score (0-100),66.33,,,,,derived (V1 approved composites),
DE101,Paderborn,DE,context,population,Population (total),Context,fua,344249,PS (persons),,2025,,,neutral (context),OECD,
DE101,Paderborn,DE,context,commuting_public_transport,Commuting mode share - public transport,Mobility (context),fua,6.8,PT_WR (% of workers),,2016,,stale_commuting_context,higher=better,OECD,
DE101,Paderborn,DE,context,commuting_bike,Commuting mode share - bicycle,Mobility (context),fua,9.5,PT_WR (% of workers),,2016,,stale_commuting_context,higher=better,OECD,
DE101,Paderborn,DE,context,commuting_walk,Commuting mode share - walking,Mobility (context),fua,7.2,PT_WR (% of workers),,2016,,stale_commuting_context,higher=better,OECD,
DE101,Paderborn,DE,context,commuting_car,Commuting mode share - car,Mobility (context),fua,74.6,PT_WR (% of workers),,2016,,stale_commuting_context,higher=worse,OECD,
DE102,Würzburg,DE,indicator,pm25,Mean PM2.5 population exposure,Environment,fua,28.457095053457227,MCG_M3 (ug/m3),51.99,2025,,,higher=worse,OECD,
DE102,Würzburg,DE,indicator,green_area,Green area per inhabitant (urban centre),Environment,fua,196,M2_PS (m2/person),79.53,2021,,,higher=better,OECD,
DE102,Würzburg,DE,indicator,public_transport_access,Population with access to public transport (15-minute walk),Mobility,fua,97.1,PT_POP (% population),70.82,2023,,,higher=better,OECD,
DE102,Würzburg,DE,indicator,employment_rate,Employment rate (15-64),Economic Opportunity,fua,79.1,PT_POP_SUB (% of working-age population),92.25,2021,,,higher=better,OECD,
DE102,Würzburg,DE,indicator,unemployment_rate,Unemployment rate (15-64),Economic Opportunity,fua,3.1,PT_LF_SUB (% of labour force),88.3,2021,,,higher=worse,OECD,
DE102,Würzburg,DE,composite,environment_score,Environment composite score,Environment,fua (composite),,score (0-100),65.76,,,,,derived (V1 approved composites),
DE102,Würzburg,DE,composite,mobility_score,Mobility composite score,Mobility,fua (composite),,score (0-100),70.82,,,,,derived (V1 approved composites),
DE102,Würzburg,DE,composite,economic_opportunity_score,Economic Opportunity composite score,Economic Opportunity,fua (composite),,score (0-100),90.28,,,,,derived (V1 approved composites),
DE102,Würzburg,DE,context,population,Population (total),Context,fua,386811,PS (persons),,2025,,,neutral (context),OECD,
DE102,Würzburg,DE,context,commuting_public_transport,Commuting mode share - public transport,Mobility (context),fua,9.5,PT_WR (% of workers),,2016,,stale_commuting_context,higher=better,OECD,
DE102,Würzburg,DE,context,commuting_bike,Commuting mode share - bicycle,Mobility (context),fua,7.2,PT_WR (% of workers),,2016,,stale_commuting_context,higher=better,OECD,
DE102,Würzburg,DE,context,commuting_walk,Commuting mode share - walking,Mobility (context),fua,10,PT_WR (% of workers),,2016,,stale_commuting_context,higher=better,OECD,
DE102,Würzburg,DE,context,commuting_car,Commuting mode share - car,Mobility (context),fua,71.2,PT_WR (% of workers),,2016,,stale_commuting_context,higher=worse,OECD,
DE104,Wolfsburg,DE,indicator,pm25,Mean PM2.5 population exposure,Environment,fua,29.712818082811395,MCG_M3 (ug/m3),45.94,2025,,,higher=worse,OECD,
DE104,Wolfsburg,DE,indicator,green_area,Green area per inhabitant (urban centre),Environment,fua,250,M2_PS (m2/person),94.7,2021,,,higher=better,OECD,
DE104,Wolfsburg,DE,indicator,public_transport_access,Population with access to public transport (15-minute walk),Mobility,fua,96.6,PT_POP (% population),66.84,2023,,,higher=better,OECD,
DE104,Wolfsburg,DE,indicator,employment_rate,Employment rate (15-64),Economic Opportunity,fua,76.5,PT_POP_SUB (% of working-age population),81.73,2021,,,higher=better,OECD,
DE104,Wolfsburg,DE,indicator,unemployment_rate,Unemployment rate (15-64),Economic Opportunity,fua,5.6,PT_LF_SUB (% of labour force),61.13,2021,,,higher=worse,OECD,
DE104,Wolfsburg,DE,composite,environment_score,Environment composite score,Environment,fua (composite),,score (0-100),70.32,,,,,derived (V1 approved composites),
DE104,Wolfsburg,DE,composite,mobility_score,Mobility composite score,Mobility,fua (composite),,score (0-100),66.84,,,,,derived (V1 approved composites),
DE104,Wolfsburg,DE,composite,economic_opportunity_score,Economic Opportunity composite score,Economic Opportunity,fua (composite),,score (0-100),71.43,,,,,derived (V1 approved composites),
DE104,Wolfsburg,DE,context,population,Population (total),Context,fua,370405,PS (persons),,2025,,,neutral (context),OECD,
DE104,Wolfsburg,DE,context,commuting_public_transport,Commuting mode share - public transport,Mobility (context),fua,,PT_WR (% of workers),,,,,higher=better,OECD,
DE104,Wolfsburg,DE,context,commuting_bike,Commuting mode share - bicycle,Mobility (context),fua,,PT_WR (% of workers),,,,,higher=better,OECD,
DE104,Wolfsburg,DE,context,commuting_walk,Commuting mode share - walking,Mobility (context),fua,,PT_WR (% of workers),,,,,higher=better,OECD,
DE104,Wolfsburg,DE,context,commuting_car,Commuting mode share - car,Mobility (context),fua,,PT_WR (% of workers),,,,,higher=worse,OECD,
DE105,Bremerhaven,DE,indicator,pm25,Mean PM2.5 population exposure,Environment,fua,29.26877761235106,MCG_M3 (ug/m3),47.71,2025,,,higher=worse,OECD,
DE105,Bremerhaven,DE,indicator,green_area,Green area per inhabitant (urban centre),Environment,fua,195,M2_PS (m2/person),78.81,2021,,,higher=better,OECD,
DE105,Bremerhaven,DE,indicator,public_transport_access,Population with access to public transport (15-minute walk),Mobility,fua,95.8,PT_POP (% population),57.43,2023,,,higher=better,OECD,
DE105,Bremerhaven,DE,indicator,employment_rate,Employment rate (15-64),Economic Opportunity,fua,,PT_POP_SUB (% of working-age population),,,,,higher=better,OECD,
DE105,Bremerhaven,DE,indicator,unemployment_rate,Unemployment rate (15-64),Economic Opportunity,fua,,PT_LF_SUB (% of labour force),,,,,higher=worse,OECD,
DE105,Bremerhaven,DE,composite,environment_score,Environment composite score,Environment,fua (composite),,score (0-100),63.26,,,,,derived (V1 approved composites),
DE105,Bremerhaven,DE,composite,mobility_score,Mobility composite score,Mobility,fua (composite),,score (0-100),57.43,,,,,derived (V1 approved composites),
DE105,Bremerhaven,DE,composite,economic_opportunity_score,Economic Opportunity composite score,Economic Opportunity,fua (composite),,score (0-100),,,,,,derived (V1 approved composites),
DE105,Bremerhaven,DE,context,population,Population (total),Context,fua,210436,PS (persons),,2025,,,neutral (context),OECD,
DE105,Bremerhaven,DE,context,commuting_public_transport,Commuting mode share - public transport,Mobility (context),fua,8,PT_WR (% of workers),,2016,,stale_commuting_context,higher=better,OECD,
DE105,Bremerhaven,DE,context,commuting_bike,Commuting mode share - bicycle,Mobility (context),fua,11.6,PT_WR (% of workers),,2016,,stale_commuting_context,higher=better,OECD,
DE105,Bremerhaven,DE,context,commuting_walk,Commuting mode share - walking,Mobility (context),fua,7.5,PT_WR (% of workers),,2016,,stale_commuting_context,higher=better,OECD,
DE105,Bremerhaven,DE,context,commuting_car,Commuting mode share - car,Mobility (context),fua,72.1,PT_WR (% of workers),,2016,,stale_commuting_context,higher=worse,OECD,
DE107,Heilbronn,DE,indicator,pm25,Mean PM2.5 population exposure,Environment,fua,36.408247479036994,MCG_M3 (ug/m3),23.19,2025,,,higher=worse,OECD,
DE107,Heilbronn,DE,indicator,green_area,Green area per inhabitant (urban centre),Environment,fua,161,M2_PS (m2/person),63.32,2021,,,higher=better,OECD,
DE107,Heilbronn,DE,indicator,public_transport_access,Population with access to public transport (15-minute walk),Mobility,fua,97.2,PT_POP (% population),72.68,2023,,,higher=better,OECD,
DE107,Heilbronn,DE,indicator,employment_rate,Employment rate (15-64),Economic Opportunity,fua,80.9,PT_POP_SUB (% of working-age population),95.2,2021,,,higher=better,OECD,
DE107,Heilbronn,DE,indicator,unemployment_rate,Unemployment rate (15-64),Economic Opportunity,fua,4.5,PT_LF_SUB (% of labour force),70.19,2021,,,higher=worse,OECD,
DE107,Heilbronn,DE,composite,environment_score,Environment composite score,Environment,fua (composite),,score (0-100),43.26,,,,,derived (V1 approved composites),
DE107,Heilbronn,DE,composite,mobility_score,Mobility composite score,Mobility,fua (composite),,score (0-100),72.68,,,,,derived (V1 approved composites),
DE107,Heilbronn,DE,composite,economic_opportunity_score,Economic Opportunity composite score,Economic Opportunity,fua (composite),,score (0-100),82.69,,,,,derived (V1 approved composites),
DE107,Heilbronn,DE,context,population,Population (total),Context,fua,392337,PS (persons),,2025,,,neutral (context),OECD,
DE107,Heilbronn,DE,context,commuting_public_transport,Commuting mode share - public transport,Mobility (context),fua,8.7,PT_WR (% of workers),,2016,,stale_commuting_context,higher=better,OECD,
DE107,Heilbronn,DE,context,commuting_bike,Commuting mode share - bicycle,Mobility (context),fua,4.5,PT_WR (% of workers),,2016,,stale_commuting_context,higher=better,OECD,
DE107,Heilbronn,DE,context,commuting_walk,Commuting mode share - walking,Mobility (context),fua,11.1,PT_WR (% of workers),,2016,,stale_commuting_context,higher=better,OECD,
DE107,Heilbronn,DE,context,commuting_car,Commuting mode share - car,Mobility (context),fua,74.7,PT_WR (% of workers),,2016,,stale_commuting_context,higher=worse,OECD,
DE108,Remscheid,DE,indicator,pm25,Mean PM2.5 population exposure,Environment,fua,29.591205404382624,MCG_M3 (ug/m3),46.38,2025,,,higher=worse,OECD,
DE108,Remscheid,DE,indicator,green_area,Green area per inhabitant (urban centre),Environment,fua,218,M2_PS (m2/person),86.6,2021,,,higher=better,OECD,
DE108,Remscheid,DE,indicator,public_transport_access,Population with access to public transport (15-minute walk),Mobility,fua,97.6,PT_POP (% population),78.78,2023,,,higher=better,OECD,
DE108,Remscheid,DE,indicator,employment_rate,Employment rate (15-64),Economic Opportunity,fua,,PT_POP_SUB (% of working-age population),,,,,higher=better,OECD,
DE108,Remscheid,DE,indicator,unemployment_rate,Unemployment rate (15-64),Economic Opportunity,fua,,PT_LF_SUB (% of labour force),,,,,higher=worse,OECD,
DE108,Remscheid,DE,composite,environment_score,Environment composite score,Environment,fua (composite),,score (0-100),66.49,,,,,derived (V1 approved composites),
DE108,Remscheid,DE,composite,mobility_score,Mobility composite score,Mobility,fua (composite),,score (0-100),78.78,,,,,derived (V1 approved composites),
DE108,Remscheid,DE,composite,economic_opportunity_score,Economic Opportunity composite score,Economic Opportunity,fua (composite),,score (0-100),,,,,,derived (V1 approved composites),
DE108,Remscheid,DE,context,population,Population (total),Context,fua,184248,PS (persons),,2025,,,neutral (context),OECD,
DE108,Remscheid,DE,context,commuting_public_transport,Commuting mode share - public transport,Mobility (context),fua,15,PT_WR (% of workers),,2016,,stale_commuting_context,higher=better,OECD,
DE108,Remscheid,DE,context,commuting_bike,Commuting mode share - bicycle,Mobility (context),fua,0,PT_WR (% of workers),,2016,,stale_commuting_context,higher=better,OECD,
DE108,Remscheid,DE,context,commuting_walk,Commuting mode share - walking,Mobility (context),fua,11.6,PT_WR (% of workers),,2016,,stale_commuting_context,higher=better,OECD,
DE108,Remscheid,DE,context,commuting_car,Commuting mode share - car,Mobility (context),fua,72.8,PT_WR (% of workers),,2016,,stale_commuting_context,higher=worse,OECD,
DE110,Ulm,DE,indicator,pm25,Mean PM2.5 population exposure,Environment,fua,32.92467954861994,MCG_M3 (ug/m3),33.53,2025,,,higher=worse,OECD,
DE110,Ulm,DE,indicator,green_area,Green area per inhabitant (urban centre),Environment,fua,190,M2_PS (m2/person),76.57,2021,,,higher=better,OECD,
DE110,Ulm,DE,indicator,public_transport_access,Population with access to public transport (15-minute walk),Mobility,fua,97.5,PT_POP (% population),77.06,2023,,,higher=better,OECD,
DE110,Ulm,DE,indicator,employment_rate,Employment rate (15-64),Economic Opportunity,fua,80.7,PT_POP_SUB (% of working-age population),94.65,2021,,,higher=better,OECD,
DE110,Ulm,DE,indicator,unemployment_rate,Unemployment rate (15-64),Economic Opportunity,fua,3.3,PT_LF_SUB (% of labour force),84.91,2021,,,higher=worse,OECD,
DE110,Ulm,DE,composite,environment_score,Environment composite score,Environment,fua (composite),,score (0-100),55.05,,,,,derived (V1 approved composites),
DE110,Ulm,DE,composite,mobility_score,Mobility composite score,Mobility,fua (composite),,score (0-100),77.06,,,,,derived (V1 approved composites),
DE110,Ulm,DE,composite,economic_opportunity_score,Economic Opportunity composite score,Economic Opportunity,fua (composite),,score (0-100),89.78,,,,,derived (V1 approved composites),
DE110,Ulm,DE,context,population,Population (total),Context,fua,481850,PS (persons),,2025,,,neutral (context),OECD,
DE110,Ulm,DE,context,commuting_public_transport,Commuting mode share - public transport,Mobility (context),fua,10.8,PT_WR (% of workers),,2016,,stale_commuting_context,higher=better,OECD,
DE110,Ulm,DE,context,commuting_bike,Commuting mode share - bicycle,Mobility (context),fua,8.2,PT_WR (% of workers),,2016,,stale_commuting_context,higher=better,OECD,
DE110,Ulm,DE,context,commuting_walk,Commuting mode share - walking,Mobility (context),fua,9.4,PT_WR (% of workers),,2016,,stale_commuting_context,higher=better,OECD,
DE110,Ulm,DE,context,commuting_car,Commuting mode share - car,Mobility (context),fua,69.9,PT_WR (% of workers),,2016,,stale_commuting_context,higher=worse,OECD,
DE111,Pforzheim,DE,indicator,pm25,Mean PM2.5 population exposure,Environment,fua,35.43505060361786,MCG_M3 (ug/m3),25.41,2025,,,higher=worse,OECD,
DE111,Pforzheim,DE,indicator,green_area,Green area per inhabitant (urban centre),Environment,fua,221,M2_PS (m2/person),87.48,2021,,,higher=better,OECD,
DE111,Pforzheim,DE,indicator,public_transport_access,Population with access to public transport (15-minute walk),Mobility,fua,98.6,PT_POP (% population),92.04,2023,,,higher=better,OECD,
DE111,Pforzheim,DE,indicator,employment_rate,Employment rate (15-64),Economic Opportunity,fua,78.9,PT_POP_SUB (% of working-age population),91.14,2021,,,higher=better,OECD,
DE111,Pforzheim,DE,indicator,unemployment_rate,Unemployment rate (15-64),Economic Opportunity,fua,5.4,PT_LF_SUB (% of labour force),63.02,2021,,,higher=worse,OECD,
DE111,Pforzheim,DE,composite,environment_score,Environment composite score,Environment,fua (composite),,score (0-100),56.45,,,,,derived (V1 approved composites),
DE111,Pforzheim,DE,composite,mobility_score,Mobility composite score,Mobility,fua (composite),,score (0-100),92.04,,,,,derived (V1 approved composites),
DE111,Pforzheim,DE,composite,economic_opportunity_score,Economic Opportunity composite score,Economic Opportunity,fua (composite),,score (0-100),77.08,,,,,derived (V1 approved composites),
DE111,Pforzheim,DE,context,population,Population (total),Context,fua,262085,PS (persons),,2025,,,neutral (context),OECD,
DE111,Pforzheim,DE,context,commuting_public_transport,Commuting mode share - public transport,Mobility (context),fua,12.8,PT_WR (% of workers),,2016,,stale_commuting_context,higher=better,OECD,
DE111,Pforzheim,DE,context,commuting_bike,Commuting mode share - bicycle,Mobility (context),fua,2,PT_WR (% of workers),,2016,,stale_commuting_context,higher=better,OECD,
DE111,Pforzheim,DE,context,commuting_walk,Commuting mode share - walking,Mobility (context),fua,10.6,PT_WR (% of workers),,2016,,stale_commuting_context,higher=better,OECD,
DE111,Pforzheim,DE,context,commuting_car,Commuting mode share - car,Mobility (context),fua,73.7,PT_WR (% of workers),,2016,,stale_commuting_context,higher=worse,OECD,
DE112,Ingolstadt,DE,indicator,pm25,Mean PM2.5 population exposure,Environment,fua,29.473115998788135,MCG_M3 (ug/m3),46.97,2025,,,higher=worse,OECD,
DE112,Ingolstadt,DE,indicator,green_area,Green area per inhabitant (urban centre),Environment,fua,153,M2_PS (m2/person),58.19,2021,,,higher=better,OECD,
DE112,Ingolstadt,DE,indicator,public_transport_access,Population with access to public transport (15-minute walk),Mobility,fua,92.3,PT_POP (% population),37.14,2023,,,higher=better,OECD,
DE112,Ingolstadt,DE,indicator,employment_rate,Employment rate (15-64),Economic Opportunity,fua,80.3,PT_POP_SUB (% of working-age population),94.1,2021,,,higher=better,OECD,
DE112,Ingolstadt,DE,indicator,unemployment_rate,Unemployment rate (15-64),Economic Opportunity,fua,2.9,PT_LF_SUB (% of labour force),90.19,2021,,,higher=worse,OECD,
DE112,Ingolstadt,DE,composite,environment_score,Environment composite score,Environment,fua (composite),,score (0-100),52.58,,,,,derived (V1 approved composites),
DE112,Ingolstadt,DE,composite,mobility_score,Mobility composite score,Mobility,fua (composite),,score (0-100),37.14,,,,,derived (V1 approved composites),
DE112,Ingolstadt,DE,composite,economic_opportunity_score,Economic Opportunity composite score,Economic Opportunity,fua (composite),,score (0-100),92.14,,,,,derived (V1 approved composites),
DE112,Ingolstadt,DE,context,population,Population (total),Context,fua,390349,PS (persons),,2025,,,neutral (context),OECD,
DE112,Ingolstadt,DE,context,commuting_public_transport,Commuting mode share - public transport,Mobility (context),fua,7.8,PT_WR (% of workers),,2016,,stale_commuting_context,higher=better,OECD,
DE112,Ingolstadt,DE,context,commuting_bike,Commuting mode share - bicycle,Mobility (context),fua,11.2,PT_WR (% of workers),,2016,,stale_commuting_context,higher=better,OECD,
DE112,Ingolstadt,DE,context,commuting_walk,Commuting mode share - walking,Mobility (context),fua,6.8,PT_WR (% of workers),,2016,,stale_commuting_context,higher=better,OECD,
DE112,Ingolstadt,DE,context,commuting_car,Commuting mode share - car,Mobility (context),fua,72.9,PT_WR (% of workers),,2016,,stale_commuting_context,higher=worse,OECD,
DE113,Gera,DE,indicator,pm25,Mean PM2.5 population exposure,Environment,fua,28.9838259871351,MCG_M3 (ug/m3),49.63,2025,,,higher=worse,OECD,
DE113,Gera,DE,indicator,green_area,Green area per inhabitant (urban centre),Environment,fua,240,M2_PS (m2/person),93.58,2021,,,higher=better,OECD,
DE113,Gera,DE,indicator,public_transport_access,Population with access to public transport (15-minute walk),Mobility,fua,97.2,PT_POP (% population),72.68,2023,,,higher=better,OECD,
DE113,Gera,DE,indicator,employment_rate,Employment rate (15-64),Economic Opportunity,fua,,PT_POP_SUB (% of working-age population),,,,,higher=better,OECD,
DE113,Gera,DE,indicator,unemployment_rate,Unemployment rate (15-64),Economic Opportunity,fua,,PT_LF_SUB (% of labour force),,,,,higher=worse,OECD,
DE113,Gera,DE,composite,environment_score,Environment composite score,Environment,fua (composite),,score (0-100),71.61,,,,,derived (V1 approved composites),
DE113,Gera,DE,composite,mobility_score,Mobility composite score,Mobility,fua (composite),,score (0-100),72.68,,,,,derived (V1 approved composites),
DE113,Gera,DE,composite,economic_opportunity_score,Economic Opportunity composite score,Economic Opportunity,fua (composite),,score (0-100),,,,,,derived (V1 approved composites),
DE113,Gera,DE,context,population,Population (total),Context,fua,140605,PS (persons),,2025,,,neutral (context),OECD,
DE113,Gera,DE,context,commuting_public_transport,Commuting mode share - public transport,Mobility (context),fua,8.4,PT_WR (% of workers),,2016,,stale_commuting_context,higher=better,OECD,
DE113,Gera,DE,context,commuting_bike,Commuting mode share - bicycle,Mobility (context),fua,5,PT_WR (% of workers),,2016,,stale_commuting_context,higher=better,OECD,
DE113,Gera,DE,context,commuting_walk,Commuting mode share - walking,Mobility (context),fua,12.9,PT_WR (% of workers),,2016,,stale_commuting_context,higher=better,OECD,
DE113,Gera,DE,context,commuting_car,Commuting mode share - car,Mobility (context),fua,71.6,PT_WR (% of workers),,2016,,stale_commuting_context,higher=worse,OECD,
DE115,Reutlingen,DE,indicator,pm25,Mean PM2.5 population exposure,Environment,fua,35.7534687532038,MCG_M3 (ug/m3),24.52,2025,,,higher=worse,OECD,
DE115,Reutlingen,DE,indicator,green_area,Green area per inhabitant (urban centre),Environment,fua,225,M2_PS (m2/person),89.65,2021,,,higher=better,OECD,
DE115,Reutlingen,DE,indicator,public_transport_access,Population with access to public transport (15-minute walk),Mobility,fua,97.8,PT_POP (% population),81.7,2023,,,higher=better,OECD,
DE115,Reutlingen,DE,indicator,employment_rate,Employment rate (15-64),Economic Opportunity,fua,,PT_POP_SUB (% of working-age population),,,,,higher=better,OECD,
DE115,Reutlingen,DE,indicator,unemployment_rate,Unemployment rate (15-64),Economic Opportunity,fua,,PT_LF_SUB (% of labour force),,,,,higher=worse,OECD,
DE115,Reutlingen,DE,composite,environment_score,Environment composite score,Environment,fua (composite),,score (0-100),57.09,,,,,derived (V1 approved composites),
DE115,Reutlingen,DE,composite,mobility_score,Mobility composite score,Mobility,fua (composite),,score (0-100),81.7,,,,,derived (V1 approved composites),
DE115,Reutlingen,DE,composite,economic_opportunity_score,Economic Opportunity composite score,Economic Opportunity,fua (composite),,score (0-100),,,,,,derived (V1 approved composites),
DE115,Reutlingen,DE,context,population,Population (total),Context,fua,199740,PS (persons),,2025,,,neutral (context),OECD,
DE115,Reutlingen,DE,context,commuting_public_transport,Commuting mode share - public transport,Mobility (context),fua,9.2,PT_WR (% of workers),,2016,,stale_commuting_context,higher=better,OECD,
DE115,Reutlingen,DE,context,commuting_bike,Commuting mode share - bicycle,Mobility (context),fua,6.5,PT_WR (% of workers),,2016,,stale_commuting_context,higher=better,OECD,
DE115,Reutlingen,DE,context,commuting_walk,Commuting mode share - walking,Mobility (context),fua,10.4,PT_WR (% of workers),,2016,,stale_commuting_context,higher=better,OECD,
DE115,Reutlingen,DE,context,commuting_car,Commuting mode share - car,Mobility (context),fua,72.8,PT_WR (% of workers),,2016,,stale_commuting_context,higher=worse,OECD,
DE117,Cottbus,DE,indicator,pm25,Mean PM2.5 population exposure,Environment,fua,27.310534525398314,MCG_M3 (ug/m3),59.97,2025,,,higher=worse,OECD,
DE117,Cottbus,DE,indicator,green_area,Green area per inhabitant (urban centre),Environment,fua,286,M2_PS (m2/person),97.91,2021,,,higher=better,OECD,
DE117,Cottbus,DE,indicator,public_transport_access,Population with access to public transport (15-minute walk),Mobility,fua,94,PT_POP (% population),47.08,2023,,,higher=better,OECD,
DE117,Cottbus,DE,indicator,employment_rate,Employment rate (15-64),Economic Opportunity,fua,,PT_POP_SUB (% of working-age population),,,,,higher=better,OECD,
DE117,Cottbus,DE,indicator,unemployment_rate,Unemployment rate (15-64),Economic Opportunity,fua,,PT_LF_SUB (% of labour force),,,,,higher=worse,OECD,
DE117,Cottbus,DE,composite,environment_score,Environment composite score,Environment,fua (composite),,score (0-100),78.94,,,,,derived (V1 approved composites),
DE117,Cottbus,DE,composite,mobility_score,Mobility composite score,Mobility,fua (composite),,score (0-100),47.08,,,,,derived (V1 approved composites),
DE117,Cottbus,DE,composite,economic_opportunity_score,Economic Opportunity composite score,Economic Opportunity,fua (composite),,score (0-100),,,,,,derived (V1 approved composites),
DE117,Cottbus,DE,context,population,Population (total),Context,fua,190998,PS (persons),,2025,,,neutral (context),OECD,
DE117,Cottbus,DE,context,commuting_public_transport,Commuting mode share - public transport,Mobility (context),fua,7.7,PT_WR (% of workers),,2016,,stale_commuting_context,higher=better,OECD,
DE117,Cottbus,DE,context,commuting_bike,Commuting mode share - bicycle,Mobility (context),fua,19.4,PT_WR (% of workers),,2016,,stale_commuting_context,higher=better,OECD,
DE117,Cottbus,DE,context,commuting_walk,Commuting mode share - walking,Mobility (context),fua,7.2,PT_WR (% of workers),,2016,,stale_commuting_context,higher=better,OECD,
DE117,Cottbus,DE,context,commuting_car,Commuting mode share - car,Mobility (context),fua,64.7,PT_WR (% of workers),,2016,,stale_commuting_context,higher=worse,OECD,
DE118,Siegen,DE,indicator,pm25,Mean PM2.5 population exposure,Environment,fua,27.262805933735233,MCG_M3 (ug/m3),60.71,2025,,,higher=worse,OECD,
DE118,Siegen,DE,indicator,green_area,Green area per inhabitant (urban centre),Environment,fua,265,M2_PS (m2/person),96.15,2021,,,higher=better,OECD,
DE118,Siegen,DE,indicator,public_transport_access,Population with access to public transport (15-minute walk),Mobility,fua,97.9,PT_POP (% population),83.29,2023,,,higher=better,OECD,
DE118,Siegen,DE,indicator,employment_rate,Employment rate (15-64),Economic Opportunity,fua,77.6,PT_POP_SUB (% of working-age population),86.72,2021,,,higher=better,OECD,
DE118,Siegen,DE,indicator,unemployment_rate,Unemployment rate (15-64),Economic Opportunity,fua,6,PT_LF_SUB (% of labour force),56.79,2021,,,higher=worse,OECD,
DE118,Siegen,DE,composite,environment_score,Environment composite score,Environment,fua (composite),,score (0-100),78.43,,,,,derived (V1 approved composites),
DE118,Siegen,DE,composite,mobility_score,Mobility composite score,Mobility,fua (composite),,score (0-100),83.29,,,,,derived (V1 approved composites),
DE118,Siegen,DE,composite,economic_opportunity_score,Economic Opportunity composite score,Economic Opportunity,fua (composite),,score (0-100),71.75,,,,,derived (V1 approved composites),
DE118,Siegen,DE,context,population,Population (total),Context,fua,244001,PS (persons),,2025,,,neutral (context),OECD,
DE118,Siegen,DE,context,commuting_public_transport,Commuting mode share - public transport,Mobility (context),fua,6.5,PT_WR (% of workers),,2016,,stale_commuting_context,higher=better,OECD,
DE118,Siegen,DE,context,commuting_bike,Commuting mode share - bicycle,Mobility (context),fua,1.5,PT_WR (% of workers),,2016,,stale_commuting_context,higher=better,OECD,
DE118,Siegen,DE,context,commuting_walk,Commuting mode share - walking,Mobility (context),fua,8.5,PT_WR (% of workers),,2016,,stale_commuting_context,higher=better,OECD,
DE118,Siegen,DE,context,commuting_car,Commuting mode share - car,Mobility (context),fua,82.1,PT_WR (% of workers),,2016,,stale_commuting_context,higher=worse,OECD,
DE120,Hildesheim,DE,indicator,pm25,Mean PM2.5 population exposure,Environment,fua,22.41546256280728,MCG_M3 (ug/m3),86.26,2025,,,higher=worse,OECD,
DE120,Hildesheim,DE,indicator,green_area,Green area per inhabitant (urban centre),Environment,fua,180,M2_PS (m2/person),72.63,2021,,,higher=better,OECD,
DE120,Hildesheim,DE,indicator,public_transport_access,Population with access to public transport (15-minute walk),Mobility,fua,96.8,PT_POP (% population),68.17,2023,,,higher=better,OECD,
DE120,Hildesheim,DE,indicator,employment_rate,Employment rate (15-64),Economic Opportunity,fua,,PT_POP_SUB (% of working-age population),,,,,higher=better,OECD,
DE120,Hildesheim,DE,indicator,unemployment_rate,Unemployment rate (15-64),Economic Opportunity,fua,,PT_LF_SUB (% of labour force),,,,,higher=worse,OECD,
DE120,Hildesheim,DE,composite,environment_score,Environment composite score,Environment,fua (composite),,score (0-100),79.44,,,,,derived (V1 approved composites),
DE120,Hildesheim,DE,composite,mobility_score,Mobility composite score,Mobility,fua (composite),,score (0-100),68.17,,,,,derived (V1 approved composites),
DE120,Hildesheim,DE,composite,economic_opportunity_score,Economic Opportunity composite score,Economic Opportunity,fua (composite),,score (0-100),,,,,,derived (V1 approved composites),
DE120,Hildesheim,DE,context,population,Population (total),Context,fua,185884,PS (persons),,2025,,,neutral (context),OECD,
DE120,Hildesheim,DE,context,commuting_public_transport,Commuting mode share - public transport,Mobility (context),fua,8.8,PT_WR (% of workers),,2016,,stale_commuting_context,higher=better,OECD,
DE120,Hildesheim,DE,context,commuting_bike,Commuting mode share - bicycle,Mobility (context),fua,10.4,PT_WR (% of workers),,2016,,stale_commuting_context,higher=better,OECD,
DE120,Hildesheim,DE,context,commuting_walk,Commuting mode share - walking,Mobility (context),fua,9.7,PT_WR (% of workers),,2016,,stale_commuting_context,higher=better,OECD,
DE120,Hildesheim,DE,context,commuting_car,Commuting mode share - car,Mobility (context),fua,70.2,PT_WR (% of workers),,2016,,stale_commuting_context,higher=worse,OECD,
DE124,Wuppertal,DE,indicator,pm25,Mean PM2.5 population exposure,Environment,fua,30.34569814545043,MCG_M3 (ug/m3),43.72,2025,,,higher=worse,OECD,
DE124,Wuppertal,DE,indicator,green_area,Green area per inhabitant (urban centre),Environment,fua,254,M2_PS (m2/person),95.02,2021,,,higher=better,OECD,
DE124,Wuppertal,DE,indicator,public_transport_access,Population with access to public transport (15-minute walk),Mobility,fua,99.4,PT_POP (% population),97.75,2023,,,higher=better,OECD,
DE124,Wuppertal,DE,indicator,employment_rate,Employment rate (15-64),Economic Opportunity,fua,68.5,PT_POP_SUB (% of working-age population),37.45,2021,,,higher=better,OECD,
DE124,Wuppertal,DE,indicator,unemployment_rate,Unemployment rate (15-64),Economic Opportunity,fua,10.5,PT_LF_SUB (% of labour force),10.57,2021,,,higher=worse,OECD,
DE124,Wuppertal,DE,composite,environment_score,Environment composite score,Environment,fua (composite),,score (0-100),69.37,,,,,derived (V1 approved composites),
DE124,Wuppertal,DE,composite,mobility_score,Mobility composite score,Mobility,fua (composite),,score (0-100),97.75,,,,,derived (V1 approved composites),
DE124,Wuppertal,DE,composite,economic_opportunity_score,Economic Opportunity composite score,Economic Opportunity,fua (composite),,score (0-100),24.01,,,,,derived (V1 approved composites),
DE124,Wuppertal,DE,context,population,Population (total),Context,fua,386146,PS (persons),,2025,,,neutral (context),OECD,
DE124,Wuppertal,DE,context,commuting_public_transport,Commuting mode share - public transport,Mobility (context),fua,23.1,PT_WR (% of workers),,2016,,stale_commuting_context,higher=better,OECD,
DE124,Wuppertal,DE,context,commuting_bike,Commuting mode share - bicycle,Mobility (context),fua,1.6,PT_WR (% of workers),,2016,,stale_commuting_context,higher=better,OECD,
DE124,Wuppertal,DE,context,commuting_walk,Commuting mode share - walking,Mobility (context),fua,10.8,PT_WR (% of workers),,2016,,stale_commuting_context,higher=better,OECD,
DE124,Wuppertal,DE,context,commuting_car,Commuting mode share - car,Mobility (context),fua,62.6,PT_WR (% of workers),,2016,,stale_commuting_context,higher=worse,OECD,
DE125,Jena,DE,indicator,pm25,Mean PM2.5 population exposure,Environment,fua,28.35205884428089,MCG_M3 (ug/m3),52.73,2025,,,higher=worse,OECD,
DE125,Jena,DE,indicator,green_area,Green area per inhabitant (urban centre),Environment,fua,198,M2_PS (m2/person),80.42,2021,,,higher=better,OECD,
DE125,Jena,DE,indicator,public_transport_access,Population with access to public transport (15-minute walk),Mobility,fua,97.4,PT_POP (% population),75.73,2023,,,higher=better,OECD,
DE125,Jena,DE,indicator,employment_rate,Employment rate (15-64),Economic Opportunity,fua,,PT_POP_SUB (% of working-age population),,,,,higher=better,OECD,
DE125,Jena,DE,indicator,unemployment_rate,Unemployment rate (15-64),Economic Opportunity,fua,,PT_LF_SUB (% of labour force),,,,,higher=worse,OECD,
DE125,Jena,DE,composite,environment_score,Environment composite score,Environment,fua (composite),,score (0-100),66.58,,,,,derived (V1 approved composites),
DE125,Jena,DE,composite,mobility_score,Mobility composite score,Mobility,fua (composite),,score (0-100),75.73,,,,,derived (V1 approved composites),
DE125,Jena,DE,composite,economic_opportunity_score,Economic Opportunity composite score,Economic Opportunity,fua (composite),,score (0-100),,,,,,derived (V1 approved composites),
DE125,Jena,DE,context,population,Population (total),Context,fua,182735,PS (persons),,2025,,,neutral (context),OECD,
DE125,Jena,DE,context,commuting_public_transport,Commuting mode share - public transport,Mobility (context),fua,11.4,PT_WR (% of workers),,2016,,stale_commuting_context,higher=better,OECD,
DE125,Jena,DE,context,commuting_bike,Commuting mode share - bicycle,Mobility (context),fua,10.6,PT_WR (% of workers),,2016,,stale_commuting_context,higher=better,OECD,
DE125,Jena,DE,context,commuting_walk,Commuting mode share - walking,Mobility (context),fua,15.1,PT_WR (% of workers),,2016,,stale_commuting_context,higher=better,OECD,
DE125,Jena,DE,context,commuting_car,Commuting mode share - car,Mobility (context),fua,60.8,PT_WR (% of workers),,2016,,stale_commuting_context,higher=worse,OECD,
DE126,"Düren, Stadt",DE,indicator,pm25,Mean PM2.5 population exposure,Environment,fua,26.296595072145376,MCG_M3 (ug/m3),65.58,2025,,,higher=worse,OECD,
DE126,"Düren, Stadt",DE,indicator,green_area,Green area per inhabitant (urban centre),Environment,fua,211,M2_PS (m2/person),85.31,2021,,,higher=better,OECD,
DE126,"Düren, Stadt",DE,indicator,public_transport_access,Population with access to public transport (15-minute walk),Mobility,fua,97.6,PT_POP (% population),78.78,2023,,,higher=better,OECD,
DE126,"Düren, Stadt",DE,indicator,employment_rate,Employment rate (15-64),Economic Opportunity,fua,,PT_POP_SUB (% of working-age population),,,,,higher=better,OECD,
DE126,"Düren, Stadt",DE,indicator,unemployment_rate,Unemployment rate (15-64),Economic Opportunity,fua,,PT_LF_SUB (% of labour force),,,,,higher=worse,OECD,
DE126,"Düren, Stadt",DE,composite,environment_score,Environment composite score,Environment,fua (composite),,score (0-100),75.44,,,,,derived (V1 approved composites),
DE126,"Düren, Stadt",DE,composite,mobility_score,Mobility composite score,Mobility,fua (composite),,score (0-100),78.78,,,,,derived (V1 approved composites),
DE126,"Düren, Stadt",DE,composite,economic_opportunity_score,Economic Opportunity composite score,Economic Opportunity,fua (composite),,score (0-100),,,,,,derived (V1 approved composites),
DE126,"Düren, Stadt",DE,context,population,Population (total),Context,fua,202879,PS (persons),,2025,,,neutral (context),OECD,
DE126,"Düren, Stadt",DE,context,commuting_public_transport,Commuting mode share - public transport,Mobility (context),fua,7,PT_WR (% of workers),,2016,,stale_commuting_context,higher=better,OECD,
DE126,"Düren, Stadt",DE,context,commuting_bike,Commuting mode share - bicycle,Mobility (context),fua,5.3,PT_WR (% of workers),,2016,,stale_commuting_context,higher=better,OECD,
DE126,"Düren, Stadt",DE,context,commuting_walk,Commuting mode share - walking,Mobility (context),fua,7.9,PT_WR (% of workers),,2016,,stale_commuting_context,higher=better,OECD,
DE126,"Düren, Stadt",DE,context,commuting_car,Commuting mode share - car,Mobility (context),fua,78.9,PT_WR (% of workers),,2016,,stale_commuting_context,higher=worse,OECD,
DK001,København,DK,indicator,pm25,Mean PM2.5 population exposure,Environment,fua,26.566409398894137,MCG_M3 (ug/m3),64.11,2025,,,higher=worse,OECD,
DK001,København,DK,indicator,green_area,Green area per inhabitant (urban centre),Environment,fua,127,M2_PS (m2/person),40.61,2021,,,higher=better,OECD,
DK001,København,DK,indicator,public_transport_access,Population with access to public transport (15-minute walk),Mobility,fua,97.5,PT_POP (% population),77.06,2023,,,higher=better,OECD,
DK001,København,DK,indicator,employment_rate,Employment rate (15-64),Economic Opportunity,fua,,PT_POP_SUB (% of working-age population),,,,,higher=better,OECD,
DK001,København,DK,indicator,unemployment_rate,Unemployment rate (15-64),Economic Opportunity,fua,,PT_LF_SUB (% of labour force),,,,,higher=worse,OECD,
DK001,København,DK,composite,environment_score,Environment composite score,Environment,fua (composite),,score (0-100),52.36,,,,,derived (V1 approved composites),
DK001,København,DK,composite,mobility_score,Mobility composite score,Mobility,fua (composite),,score (0-100),77.06,,,,,derived (V1 approved composites),
DK001,København,DK,composite,economic_opportunity_score,Economic Opportunity composite score,Economic Opportunity,fua (composite),,score (0-100),,,,,,derived (V1 approved composites),
DK001,København,DK,perception_dimension,perceived_safety,Perceived safety (safe walking at night after dark),Safety,city_core,86.5,"PC (sum of response-category shares, % of respondents)",100.0,2023,,,higher=better,Eurostat,DK001C
DK001,København,DK,perception_dimension,community,Trust / community (generalised trust),Community,city_core,83.9,"PC (sum of response-category shares, % of respondents)",99.38,2023,,,higher=better,Eurostat,DK001C
DK001,København,DK,perception_dimension,life_satisfaction,Life satisfaction (the life you lead),Life Balance,city_core,86.9,"PC (sum of response-category shares, % of respondents)",75.62,2023,,,higher=better,Eurostat,DK001C
DK001,København,DK,perception_dimension,housing_satisfaction,Housing satisfaction (easy to find good housing at a reasonable price),Housing,city_core,13.5,"PC (sum of response-category shares, % of respondents)",10.0,2023,,,higher=better,Eurostat,DK001C
DK001,København,DK,context,population,Population (total),Context,fua,2294858,PS (persons),,2025,,,neutral (context),OECD,
DK001,København,DK,context,commuting_public_transport,Commuting mode share - public transport,Mobility (context),fua,,PT_WR (% of workers),,,,,higher=better,OECD,
DK001,København,DK,context,commuting_bike,Commuting mode share - bicycle,Mobility (context),fua,,PT_WR (% of workers),,,,,higher=better,OECD,
DK001,København,DK,context,commuting_walk,Commuting mode share - walking,Mobility (context),fua,,PT_WR (% of workers),,,,,higher=better,OECD,
DK001,København,DK,context,commuting_car,Commuting mode share - car,Mobility (context),fua,,PT_WR (% of workers),,,,,higher=worse,OECD,
DK002,Århus,DK,indicator,pm25,Mean PM2.5 population exposure,Environment,fua,23.62761859523664,MCG_M3 (ug/m3),80.95,2025,,,higher=worse,OECD,
DK002,Århus,DK,indicator,green_area,Green area per inhabitant (urban centre),Environment,fua,173,M2_PS (m2/person),69.26,2021,,,higher=better,OECD,
DK002,Århus,DK,indicator,public_transport_access,Population with access to public transport (15-minute walk),Mobility,fua,92.2,PT_POP (% population),36.47,2023,,,higher=better,OECD,
DK002,Århus,DK,indicator,employment_rate,Employment rate (15-64),Economic Opportunity,fua,,PT_POP_SUB (% of working-age population),,,,,higher=better,OECD,
DK002,Århus,DK,indicator,unemployment_rate,Unemployment rate (15-64),Economic Opportunity,fua,,PT_LF_SUB (% of labour force),,,,,higher=worse,OECD,
DK002,Århus,DK,composite,environment_score,Environment composite score,Environment,fua (composite),,score (0-100),75.11,,,,,derived (V1 approved composites),
DK002,Århus,DK,composite,mobility_score,Mobility composite score,Mobility,fua (composite),,score (0-100),36.47,,,,,derived (V1 approved composites),
DK002,Århus,DK,composite,economic_opportunity_score,Economic Opportunity composite score,Economic Opportunity,fua (composite),,score (0-100),,,,,,derived (V1 approved composites),
DK002,Århus,DK,context,population,Population (total),Context,fua,556637,PS (persons),,2025,,,neutral (context),OECD,
DK002,Århus,DK,context,commuting_public_transport,Commuting mode share - public transport,Mobility (context),fua,13.4,PT_WR (% of workers),,2003,,stale_commuting_context,higher=better,OECD,
DK002,Århus,DK,context,commuting_bike,Commuting mode share - bicycle,Mobility (context),fua,22.6,PT_WR (% of workers),,2003,,stale_commuting_context,higher=better,OECD,
DK002,Århus,DK,context,commuting_walk,Commuting mode share - walking,Mobility (context),fua,6.3,PT_WR (% of workers),,2003,,stale_commuting_context,higher=better,OECD,
DK002,Århus,DK,context,commuting_car,Commuting mode share - car,Mobility (context),fua,52.5,PT_WR (% of workers),,2003,,stale_commuting_context,higher=worse,OECD,
DK003,Odense,DK,indicator,pm25,Mean PM2.5 population exposure,Environment,fua,24.535605168990394,MCG_M3 (ug/m3),74.15,2025,,,higher=worse,OECD,
DK003,Odense,DK,indicator,green_area,Green area per inhabitant (urban centre),Environment,fua,276,M2_PS (m2/person),97.11,2021,,,higher=better,OECD,
DK003,Odense,DK,indicator,public_transport_access,Population with access to public transport (15-minute walk),Mobility,fua,93.7,PT_POP (% population),42.84,2023,,,higher=better,OECD,
DK003,Odense,DK,indicator,employment_rate,Employment rate (15-64),Economic Opportunity,fua,,PT_POP_SUB (% of working-age population),,,,,higher=better,OECD,
DK003,Odense,DK,indicator,unemployment_rate,Unemployment rate (15-64),Economic Opportunity,fua,,PT_LF_SUB (% of labour force),,,,,higher=worse,OECD,
DK003,Odense,DK,composite,environment_score,Environment composite score,Environment,fua (composite),,score (0-100),85.63,,,,,derived (V1 approved composites),
DK003,Odense,DK,composite,mobility_score,Mobility composite score,Mobility,fua (composite),,score (0-100),42.84,,,,,derived (V1 approved composites),
DK003,Odense,DK,composite,economic_opportunity_score,Economic Opportunity composite score,Economic Opportunity,fua (composite),,score (0-100),,,,,,derived (V1 approved composites),
DK003,Odense,DK,context,population,Population (total),Context,fua,389126,PS (persons),,2025,,,neutral (context),OECD,
DK003,Odense,DK,context,commuting_public_transport,Commuting mode share - public transport,Mobility (context),fua,9.4,PT_WR (% of workers),,2003,,stale_commuting_context,higher=better,OECD,
DK003,Odense,DK,context,commuting_bike,Commuting mode share - bicycle,Mobility (context),fua,25.6,PT_WR (% of workers),,2003,,stale_commuting_context,higher=better,OECD,
DK003,Odense,DK,context,commuting_walk,Commuting mode share - walking,Mobility (context),fua,6,PT_WR (% of workers),,2003,,stale_commuting_context,higher=better,OECD,
DK003,Odense,DK,context,commuting_car,Commuting mode share - car,Mobility (context),fua,53.3,PT_WR (% of workers),,2003,,stale_commuting_context,higher=worse,OECD,
DK004,Aalborg,DK,indicator,pm25,Mean PM2.5 population exposure,Environment,fua,24.363985675531058,MCG_M3 (ug/m3),75.78,2025,,,higher=worse,OECD,
DK004,Aalborg,DK,indicator,green_area,Green area per inhabitant (urban centre),Environment,fua,212,M2_PS (m2/person),85.71,2021,,,higher=better,OECD,
DK004,Aalborg,DK,indicator,public_transport_access,Population with access to public transport (15-minute walk),Mobility,fua,88.2,PT_POP (% population),24.93,2023,,,higher=better,OECD,
DK004,Aalborg,DK,indicator,employment_rate,Employment rate (15-64),Economic Opportunity,fua,,PT_POP_SUB (% of working-age population),,,,,higher=better,OECD,
DK004,Aalborg,DK,indicator,unemployment_rate,Unemployment rate (15-64),Economic Opportunity,fua,,PT_LF_SUB (% of labour force),,,,,higher=worse,OECD,
DK004,Aalborg,DK,composite,environment_score,Environment composite score,Environment,fua (composite),,score (0-100),80.75,,,,,derived (V1 approved composites),
DK004,Aalborg,DK,composite,mobility_score,Mobility composite score,Mobility,fua (composite),,score (0-100),24.93,,,,,derived (V1 approved composites),
DK004,Aalborg,DK,composite,economic_opportunity_score,Economic Opportunity composite score,Economic Opportunity,fua (composite),,score (0-100),,,,,,derived (V1 approved composites),
DK004,Aalborg,DK,perception_dimension,perceived_safety,Perceived safety (safe walking at night after dark),Safety,city_core,83.3,"PC (sum of response-category shares, % of respondents)",92.5,2023,,,higher=better,Eurostat,DK004C
DK004,Aalborg,DK,perception_dimension,community,Trust / community (generalised trust),Community,city_core,83.9,"PC (sum of response-category shares, % of respondents)",99.38,2023,,,higher=better,Eurostat,DK004C
DK004,Aalborg,DK,perception_dimension,life_satisfaction,Life satisfaction (the life you lead),Life Balance,city_core,87.1,"PC (sum of response-category shares, % of respondents)",77.5,2023,,,higher=better,Eurostat,DK004C
DK004,Aalborg,DK,perception_dimension,housing_satisfaction,Housing satisfaction (easy to find good housing at a reasonable price),Housing,city_core,62.0,"PC (sum of response-category shares, % of respondents)",98.75,2023,,,higher=better,Eurostat,DK004C
DK004,Aalborg,DK,context,population,Population (total),Context,fua,330191,PS (persons),,2025,,,neutral (context),OECD,
DK004,Aalborg,DK,context,commuting_public_transport,Commuting mode share - public transport,Mobility (context),fua,7.7,PT_WR (% of workers),,2003,,stale_commuting_context,higher=better,OECD,
DK004,Aalborg,DK,context,commuting_bike,Commuting mode share - bicycle,Mobility (context),fua,18.2,PT_WR (% of workers),,2003,,stale_commuting_context,higher=better,OECD,
DK004,Aalborg,DK,context,commuting_walk,Commuting mode share - walking,Mobility (context),fua,5.8,PT_WR (% of workers),,2003,,stale_commuting_context,higher=better,OECD,
DK004,Aalborg,DK,context,commuting_car,Commuting mode share - car,Mobility (context),fua,60.9,PT_WR (% of workers),,2003,,stale_commuting_context,higher=worse,OECD,
EE001,Tallinn,EE,indicator,pm25,Mean PM2.5 population exposure,Environment,fua,20.20829021397953,MCG_M3 (ug/m3),92.61,2025,,,higher=worse,OECD,
EE001,Tallinn,EE,indicator,green_area,Green area per inhabitant (urban centre),Environment,fua,117,M2_PS (m2/person),33.79,2021,,,higher=better,OECD,
EE001,Tallinn,EE,indicator,public_transport_access,Population with access to public transport (15-minute walk),Mobility,fua,95.5,PT_POP (% population),56.1,2023,,,higher=better,OECD,
EE001,Tallinn,EE,indicator,employment_rate,Employment rate (15-64),Economic Opportunity,fua,77,PT_POP_SUB (% of working-age population),83.76,2024,,,higher=better,OECD,
EE001,Tallinn,EE,indicator,unemployment_rate,Unemployment rate (15-64),Economic Opportunity,fua,7.5,PT_LF_SUB (% of labour force),33.02,2024,,,higher=worse,OECD,
EE001,Tallinn,EE,composite,environment_score,Environment composite score,Environment,fua (composite),,score (0-100),63.2,,,,,derived (V1 approved composites),
EE001,Tallinn,EE,composite,mobility_score,Mobility composite score,Mobility,fua (composite),,score (0-100),56.1,,,,,derived (V1 approved composites),
EE001,Tallinn,EE,composite,economic_opportunity_score,Economic Opportunity composite score,Economic Opportunity,fua (composite),,score (0-100),58.39,,,,,derived (V1 approved composites),
EE001,Tallinn,EE,perception_dimension,perceived_safety,Perceived safety (safe walking at night after dark),Safety,city_core,77.5,"PC (sum of response-category shares, % of respondents)",76.25,2023,,,higher=better,Eurostat,EE001C
EE001,Tallinn,EE,perception_dimension,community,Trust / community (generalised trust),Community,city_core,55.7,"PC (sum of response-category shares, % of respondents)",31.25,2023,,,higher=better,Eurostat,EE001C
EE001,Tallinn,EE,perception_dimension,life_satisfaction,Life satisfaction (the life you lead),Life Balance,city_core,84.2,"PC (sum of response-category shares, % of respondents)",48.75,2023,,,higher=better,Eurostat,EE001C
EE001,Tallinn,EE,perception_dimension,housing_satisfaction,Housing satisfaction (easy to find good housing at a reasonable price),Housing,city_core,27.9,"PC (sum of response-category shares, % of respondents)",43.75,2023,,,higher=better,Eurostat,EE001C
EE001,Tallinn,EE,context,population,Population (total),Context,fua,731191,PS (persons),,2025,,,neutral (context),OECD,
EE001,Tallinn,EE,context,commuting_public_transport,Commuting mode share - public transport,Mobility (context),fua,32.1,PT_WR (% of workers),,2018,,stale_commuting_context,higher=better,OECD,
EE001,Tallinn,EE,context,commuting_bike,Commuting mode share - bicycle,Mobility (context),fua,1.2,PT_WR (% of workers),,2018,,stale_commuting_context,higher=better,OECD,
EE001,Tallinn,EE,context,commuting_walk,Commuting mode share - walking,Mobility (context),fua,10.9,PT_WR (% of workers),,2018,,stale_commuting_context,higher=better,OECD,
EE001,Tallinn,EE,context,commuting_car,Commuting mode share - car,Mobility (context),fua,55.8,PT_WR (% of workers),,2018,,stale_commuting_context,higher=worse,OECD,
EE002,Tartu,EE,indicator,pm25,Mean PM2.5 population exposure,Environment,fua,19.78882149666835,MCG_M3 (ug/m3),93.35,2025,,,higher=worse,OECD,
EE002,Tartu,EE,indicator,green_area,Green area per inhabitant (urban centre),Environment,fua,174,M2_PS (m2/person),69.82,2021,,,higher=better,OECD,
EE002,Tartu,EE,indicator,public_transport_access,Population with access to public transport (15-minute walk),Mobility,fua,93.5,PT_POP (% population),42.18,2023,,,higher=better,OECD,
EE002,Tartu,EE,indicator,employment_rate,Employment rate (15-64),Economic Opportunity,fua,,PT_POP_SUB (% of working-age population),,,,,higher=better,OECD,
EE002,Tartu,EE,indicator,unemployment_rate,Unemployment rate (15-64),Economic Opportunity,fua,,PT_LF_SUB (% of labour force),,,,,higher=worse,OECD,
EE002,Tartu,EE,composite,environment_score,Environment composite score,Environment,fua (composite),,score (0-100),81.58,,,,,derived (V1 approved composites),
EE002,Tartu,EE,composite,mobility_score,Mobility composite score,Mobility,fua (composite),,score (0-100),42.18,,,,,derived (V1 approved composites),
EE002,Tartu,EE,composite,economic_opportunity_score,Economic Opportunity composite score,Economic Opportunity,fua (composite),,score (0-100),,,,,,derived (V1 approved composites),
EE002,Tartu,EE,context,population,Population (total),Context,fua,188623,PS (persons),,2025,,,neutral (context),OECD,
EE002,Tartu,EE,context,commuting_public_transport,Commuting mode share - public transport,Mobility (context),fua,15.4,PT_WR (% of workers),,2018,,stale_commuting_context,higher=better,OECD,
EE002,Tartu,EE,context,commuting_bike,Commuting mode share - bicycle,Mobility (context),fua,4.6,PT_WR (% of workers),,2018,,stale_commuting_context,higher=better,OECD,
EE002,Tartu,EE,context,commuting_walk,Commuting mode share - walking,Mobility (context),fua,17.7,PT_WR (% of workers),,2018,,stale_commuting_context,higher=better,OECD,
EE002,Tartu,EE,context,commuting_car,Commuting mode share - car,Mobility (context),fua,62,PT_WR (% of workers),,2018,,stale_commuting_context,higher=worse,OECD,
ES001,Madrid,ES,indicator,pm25,Mean PM2.5 population exposure,Environment,fua,23.208333049314618,MCG_M3 (ug/m3),82.87,2025,,,higher=worse,OECD,
ES001,Madrid,ES,indicator,green_area,Green area per inhabitant (urban centre),Environment,fua,54,M2_PS (m2/person),6.18,2021,,,higher=better,OECD,
ES001,Madrid,ES,indicator,public_transport_access,Population with access to public transport (15-minute walk),Mobility,fua,93.8,PT_POP (% population),44.3,2023,,,higher=better,OECD,
ES001,Madrid,ES,indicator,employment_rate,Employment rate (15-64),Economic Opportunity,fua,70.6,PT_POP_SUB (% of working-age population),53.69,2024,,,higher=better,OECD,
ES001,Madrid,ES,indicator,unemployment_rate,Unemployment rate (15-64),Economic Opportunity,fua,9.1,PT_LF_SUB (% of labour force),17.74,2024,,,higher=worse,OECD,
ES001,Madrid,ES,composite,environment_score,Environment composite score,Environment,fua (composite),,score (0-100),44.53,,,,,derived (V1 approved composites),
ES001,Madrid,ES,composite,mobility_score,Mobility composite score,Mobility,fua (composite),,score (0-100),44.3,,,,,derived (V1 approved composites),
ES001,Madrid,ES,composite,economic_opportunity_score,Economic Opportunity composite score,Economic Opportunity,fua (composite),,score (0-100),35.71,,,,,derived (V1 approved composites),
ES001,Madrid,ES,perception_dimension,perceived_safety,Perceived safety (safe walking at night after dark),Safety,city_core,69.0,"PC (sum of response-category shares, % of respondents)",48.12,2023,,,higher=better,Eurostat,ES001C
ES001,Madrid,ES,perception_dimension,community,Trust / community (generalised trust),Community,city_core,64.8,"PC (sum of response-category shares, % of respondents)",48.75,2023,,,higher=better,Eurostat,ES001C
ES001,Madrid,ES,perception_dimension,life_satisfaction,Life satisfaction (the life you lead),Life Balance,city_core,82.0,"PC (sum of response-category shares, % of respondents)",33.75,2023,,,higher=better,Eurostat,ES001C
ES001,Madrid,ES,perception_dimension,housing_satisfaction,Housing satisfaction (easy to find good housing at a reasonable price),Housing,city_core,31.5,"PC (sum of response-category shares, % of respondents)",55.0,2023,,,higher=better,Eurostat,ES001C
ES001,Madrid,ES,context,population,Population (total),Context,fua,7124257,PS (persons),,2022,,,neutral (context),OECD,
ES001,Madrid,ES,context,commuting_public_transport,Commuting mode share - public transport,Mobility (context),fua,,PT_WR (% of workers),,,,,higher=better,OECD,
ES001,Madrid,ES,context,commuting_bike,Commuting mode share - bicycle,Mobility (context),fua,,PT_WR (% of workers),,,,,higher=better,OECD,
ES001,Madrid,ES,context,commuting_walk,Commuting mode share - walking,Mobility (context),fua,,PT_WR (% of workers),,,,,higher=better,OECD,
ES001,Madrid,ES,context,commuting_car,Commuting mode share - car,Mobility (context),fua,,PT_WR (% of workers),,,,,higher=worse,OECD,
ES002,Barcelona,ES,indicator,pm25,Mean PM2.5 population exposure,Environment,fua,28.179845382974566,MCG_M3 (ug/m3),54.36,2025,,,higher=worse,OECD,
ES002,Barcelona,ES,indicator,green_area,Green area per inhabitant (urban centre),Environment,fua,54,M2_PS (m2/person),6.18,2021,,,higher=better,OECD,
ES002,Barcelona,ES,indicator,public_transport_access,Population with access to public transport (15-minute walk),Mobility,fua,71.6,PT_POP (% population),7.16,2023,,,higher=better,OECD,
ES002,Barcelona,ES,indicator,employment_rate,Employment rate (15-64),Economic Opportunity,fua,70.7,PT_POP_SUB (% of working-age population),54.61,2024,,,higher=better,OECD,
ES002,Barcelona,ES,indicator,unemployment_rate,Unemployment rate (15-64),Economic Opportunity,fua,8.6,PT_LF_SUB (% of labour force),23.96,2024,,,higher=worse,OECD,
ES002,Barcelona,ES,composite,environment_score,Environment composite score,Environment,fua (composite),,score (0-100),30.27,,,,,derived (V1 approved composites),
ES002,Barcelona,ES,composite,mobility_score,Mobility composite score,Mobility,fua (composite),,score (0-100),7.16,,,,,derived (V1 approved composites),
ES002,Barcelona,ES,composite,economic_opportunity_score,Economic Opportunity composite score,Economic Opportunity,fua (composite),,score (0-100),39.28,,,,,derived (V1 approved composites),
ES002,Barcelona,ES,perception_dimension,perceived_safety,Perceived safety (safe walking at night after dark),Safety,city_core,67.0,"PC (sum of response-category shares, % of respondents)",40.0,2023,,,higher=better,Eurostat,ES002C
ES002,Barcelona,ES,perception_dimension,community,Trust / community (generalised trust),Community,city_core,67.3,"PC (sum of response-category shares, % of respondents)",61.25,2023,,,higher=better,Eurostat,ES002C
ES002,Barcelona,ES,perception_dimension,life_satisfaction,Life satisfaction (the life you lead),Life Balance,city_core,77.4,"PC (sum of response-category shares, % of respondents)",21.25,2023,,,higher=better,Eurostat,ES002C
ES002,Barcelona,ES,perception_dimension,housing_satisfaction,Housing satisfaction (easy to find good housing at a reasonable price),Housing,city_core,25.4,"PC (sum of response-category shares, % of respondents)",40.0,2023,,,higher=better,Eurostat,ES002C
ES002,Barcelona,ES,context,population,Population (total),Context,fua,5498795,PS (persons),,2022,,,neutral (context),OECD,
ES002,Barcelona,ES,context,commuting_public_transport,Commuting mode share - public transport,Mobility (context),fua,,PT_WR (% of workers),,,,,higher=better,OECD,
ES002,Barcelona,ES,context,commuting_bike,Commuting mode share - bicycle,Mobility (context),fua,,PT_WR (% of workers),,,,,higher=better,OECD,
ES002,Barcelona,ES,context,commuting_walk,Commuting mode share - walking,Mobility (context),fua,,PT_WR (% of workers),,,,,higher=better,OECD,
ES002,Barcelona,ES,context,commuting_car,Commuting mode share - car,Mobility (context),fua,,PT_WR (% of workers),,,,,higher=worse,OECD,
ES003,Valencia,ES,indicator,pm25,Mean PM2.5 population exposure,Environment,fua,23.640652221061917,MCG_M3 (ug/m3),80.8,2025,,,higher=worse,OECD,
ES003,Valencia,ES,indicator,green_area,Green area per inhabitant (urban centre),Environment,fua,84,M2_PS (m2/person),15.81,2021,,,higher=better,OECD,
ES003,Valencia,ES,indicator,public_transport_access,Population with access to public transport (15-minute walk),Mobility,fua,90,PT_POP (% population),29.84,2023,,,higher=better,OECD,
ES003,Valencia,ES,indicator,employment_rate,Employment rate (15-64),Economic Opportunity,fua,66.5,PT_POP_SUB (% of working-age population),26.75,2024,,,higher=better,OECD,
ES003,Valencia,ES,indicator,unemployment_rate,Unemployment rate (15-64),Economic Opportunity,fua,11.8,PT_LF_SUB (% of labour force),7.92,2024,,,higher=worse,OECD,
ES003,Valencia,ES,composite,environment_score,Environment composite score,Environment,fua (composite),,score (0-100),48.3,,,,,derived (V1 approved composites),
ES003,Valencia,ES,composite,mobility_score,Mobility composite score,Mobility,fua (composite),,score (0-100),29.84,,,,,derived (V1 approved composites),
ES003,Valencia,ES,composite,economic_opportunity_score,Economic Opportunity composite score,Economic Opportunity,fua (composite),,score (0-100),17.34,,,,,derived (V1 approved composites),
ES003,Valencia,ES,context,population,Population (total),Context,fua,2400134,PS (persons),,2022,,,neutral (context),OECD,
ES003,Valencia,ES,context,commuting_public_transport,Commuting mode share - public transport,Mobility (context),fua,,PT_WR (% of workers),,,,,higher=better,OECD,
ES003,Valencia,ES,context,commuting_bike,Commuting mode share - bicycle,Mobility (context),fua,,PT_WR (% of workers),,,,,higher=better,OECD,
ES003,Valencia,ES,context,commuting_walk,Commuting mode share - walking,Mobility (context),fua,,PT_WR (% of workers),,,,,higher=better,OECD,
ES003,Valencia,ES,context,commuting_car,Commuting mode share - car,Mobility (context),fua,,PT_WR (% of workers),,,,,higher=worse,OECD,
ES004,Sevilla,ES,indicator,pm25,Mean PM2.5 population exposure,Environment,fua,25.848459581380958,MCG_M3 (ug/m3),67.5,2025,,,higher=worse,OECD,
ES004,Sevilla,ES,indicator,green_area,Green area per inhabitant (urban centre),Environment,fua,69,M2_PS (m2/person),10.51,2021,,,higher=better,OECD,
ES004,Sevilla,ES,indicator,public_transport_access,Population with access to public transport (15-minute walk),Mobility,fua,,PT_POP (% population),,,,,higher=better,OECD,
ES004,Sevilla,ES,indicator,employment_rate,Employment rate (15-64),Economic Opportunity,fua,61.3,PT_POP_SUB (% of working-age population),14.39,2024,,,higher=better,OECD,
ES004,Sevilla,ES,indicator,unemployment_rate,Unemployment rate (15-64),Economic Opportunity,fua,13.9,PT_LF_SUB (% of labour force),3.02,2024,,,higher=worse,OECD,
ES004,Sevilla,ES,composite,environment_score,Environment composite score,Environment,fua (composite),,score (0-100),39.01,,,,,derived (V1 approved composites),
ES004,Sevilla,ES,composite,mobility_score,Mobility composite score,Mobility,fua (composite),,score (0-100),,,,,,derived (V1 approved composites),
ES004,Sevilla,ES,composite,economic_opportunity_score,Economic Opportunity composite score,Economic Opportunity,fua (composite),,score (0-100),8.71,,,,,derived (V1 approved composites),
ES004,Sevilla,ES,context,population,Population (total),Context,fua,1783243,PS (persons),,2022,,,neutral (context),OECD,
ES004,Sevilla,ES,context,commuting_public_transport,Commuting mode share - public transport,Mobility (context),fua,,PT_WR (% of workers),,,,,higher=better,OECD,
ES004,Sevilla,ES,context,commuting_bike,Commuting mode share - bicycle,Mobility (context),fua,,PT_WR (% of workers),,,,,higher=better,OECD,
ES004,Sevilla,ES,context,commuting_walk,Commuting mode share - walking,Mobility (context),fua,,PT_WR (% of workers),,,,,higher=better,OECD,
ES004,Sevilla,ES,context,commuting_car,Commuting mode share - car,Mobility (context),fua,,PT_WR (% of workers),,,,,higher=worse,OECD,
ES005,Zaragoza,ES,indicator,pm25,Mean PM2.5 population exposure,Environment,fua,21.659352531524775,MCG_M3 (ug/m3),89.66,2025,,,higher=worse,OECD,
ES005,Zaragoza,ES,indicator,green_area,Green area per inhabitant (urban centre),Environment,fua,83,M2_PS (m2/person),15.33,2021,,,higher=better,OECD,
ES005,Zaragoza,ES,indicator,public_transport_access,Population with access to public transport (15-minute walk),Mobility,fua,,PT_POP (% population),,,,,higher=better,OECD,
ES005,Zaragoza,ES,indicator,employment_rate,Employment rate (15-64),Economic Opportunity,fua,69.1,PT_POP_SUB (% of working-age population),39.85,2024,,,higher=better,OECD,
ES005,Zaragoza,ES,indicator,unemployment_rate,Unemployment rate (15-64),Economic Opportunity,fua,8.1,PT_LF_SUB (% of labour force),26.79,2024,,,higher=worse,OECD,
ES005,Zaragoza,ES,composite,environment_score,Environment composite score,Environment,fua (composite),,score (0-100),52.49,,,,,derived (V1 approved composites),
ES005,Zaragoza,ES,composite,mobility_score,Mobility composite score,Mobility,fua (composite),,score (0-100),,,,,,derived (V1 approved composites),
ES005,Zaragoza,ES,composite,economic_opportunity_score,Economic Opportunity composite score,Economic Opportunity,fua (composite),,score (0-100),33.32,,,,,derived (V1 approved composites),
ES005,Zaragoza,ES,context,population,Population (total),Context,fua,789086,PS (persons),,2022,,,neutral (context),OECD,
ES005,Zaragoza,ES,context,commuting_public_transport,Commuting mode share - public transport,Mobility (context),fua,,PT_WR (% of workers),,,,,higher=better,OECD,
ES005,Zaragoza,ES,context,commuting_bike,Commuting mode share - bicycle,Mobility (context),fua,,PT_WR (% of workers),,,,,higher=better,OECD,
ES005,Zaragoza,ES,context,commuting_walk,Commuting mode share - walking,Mobility (context),fua,,PT_WR (% of workers),,,,,higher=better,OECD,
ES005,Zaragoza,ES,context,commuting_car,Commuting mode share - car,Mobility (context),fua,,PT_WR (% of workers),,,,,higher=worse,OECD,
ES006,Málaga,ES,indicator,pm25,Mean PM2.5 population exposure,Environment,fua,27.445469990484657,MCG_M3 (ug/m3),59.38,2025,,,higher=worse,OECD,
ES006,Málaga,ES,indicator,green_area,Green area per inhabitant (urban centre),Environment,fua,103,M2_PS (m2/person),26.65,2021,,,higher=better,OECD,
ES006,Málaga,ES,indicator,public_transport_access,Population with access to public transport (15-minute walk),Mobility,fua,74.4,PT_POP (% population),7.96,2023,,,higher=better,OECD,
ES006,Málaga,ES,indicator,employment_rate,Employment rate (15-64),Economic Opportunity,fua,61.4,PT_POP_SUB (% of working-age population),14.94,2024,,,higher=better,OECD,
ES006,Málaga,ES,indicator,unemployment_rate,Unemployment rate (15-64),Economic Opportunity,fua,13.7,PT_LF_SUB (% of labour force),3.58,2024,,,higher=worse,OECD,
ES006,Málaga,ES,composite,environment_score,Environment composite score,Environment,fua (composite),,score (0-100),43.02,,,,,derived (V1 approved composites),
ES006,Málaga,ES,composite,mobility_score,Mobility composite score,Mobility,fua (composite),,score (0-100),7.96,,,,,derived (V1 approved composites),
ES006,Málaga,ES,composite,economic_opportunity_score,Economic Opportunity composite score,Economic Opportunity,fua (composite),,score (0-100),9.26,,,,,derived (V1 approved composites),
ES006,Málaga,ES,perception_dimension,perceived_safety,Perceived safety (safe walking at night after dark),Safety,city_core,79.4,"PC (sum of response-category shares, % of respondents)",83.12,2023,,,higher=better,Eurostat,ES006C
ES006,Málaga,ES,perception_dimension,community,Trust / community (generalised trust),Community,city_core,72.6,"PC (sum of response-category shares, % of respondents)",73.75,2023,,,higher=better,Eurostat,ES006C
ES006,Málaga,ES,perception_dimension,life_satisfaction,Life satisfaction (the life you lead),Life Balance,city_core,84.4,"PC (sum of response-category shares, % of respondents)",50.0,2023,,,higher=better,Eurostat,ES006C
ES006,Málaga,ES,perception_dimension,housing_satisfaction,Housing satisfaction (easy to find good housing at a reasonable price),Housing,city_core,49.0,"PC (sum of response-category shares, % of respondents)",90.0,2023,,,higher=better,Eurostat,ES006C
ES006,Málaga,ES,context,population,Population (total),Context,fua,1320777,PS (persons),,2022,,,neutral (context),OECD,
ES006,Málaga,ES,context,commuting_public_transport,Commuting mode share - public transport,Mobility (context),fua,,PT_WR (% of workers),,,,,higher=better,OECD,
ES006,Málaga,ES,context,commuting_bike,Commuting mode share - bicycle,Mobility (context),fua,,PT_WR (% of workers),,,,,higher=better,OECD,
ES006,Málaga,ES,context,commuting_walk,Commuting mode share - walking,Mobility (context),fua,,PT_WR (% of workers),,,,,higher=better,OECD,
ES006,Málaga,ES,context,commuting_car,Commuting mode share - car,Mobility (context),fua,,PT_WR (% of workers),,,,,higher=worse,OECD,
ES007,Murcia,ES,indicator,pm25,Mean PM2.5 population exposure,Environment,fua,28.10331262169153,MCG_M3 (ug/m3),55.1,2025,,,higher=worse,OECD,
ES007,Murcia,ES,indicator,green_area,Green area per inhabitant (urban centre),Environment,fua,213,M2_PS (m2/person),86.12,2021,,,higher=better,OECD,
ES007,Murcia,ES,indicator,public_transport_access,Population with access to public transport (15-minute walk),Mobility,fua,,PT_POP (% population),,,,,higher=better,OECD,
ES007,Murcia,ES,indicator,employment_rate,Employment rate (15-64),Economic Opportunity,fua,62.8,PT_POP_SUB (% of working-age population),17.34,2024,,,higher=better,OECD,
ES007,Murcia,ES,indicator,unemployment_rate,Unemployment rate (15-64),Economic Opportunity,fua,12.8,PT_LF_SUB (% of labour force),5.85,2024,,,higher=worse,OECD,
ES007,Murcia,ES,composite,environment_score,Environment composite score,Environment,fua (composite),,score (0-100),70.61,,,,,derived (V1 approved composites),
ES007,Murcia,ES,composite,mobility_score,Mobility composite score,Mobility,fua (composite),,score (0-100),,,,,,derived (V1 approved composites),
ES007,Murcia,ES,composite,economic_opportunity_score,Economic Opportunity composite score,Economic Opportunity,fua (composite),,score (0-100),11.59,,,,,derived (V1 approved composites),
ES007,Murcia,ES,context,population,Population (total),Context,fua,1246533,PS (persons),,2022,,,neutral (context),OECD,
ES007,Murcia,ES,context,commuting_public_transport,Commuting mode share - public transport,Mobility (context),fua,,PT_WR (% of workers),,,,,higher=better,OECD,
ES007,Murcia,ES,context,commuting_bike,Commuting mode share - bicycle,Mobility (context),fua,,PT_WR (% of workers),,,,,higher=better,OECD,
ES007,Murcia,ES,context,commuting_walk,Commuting mode share - walking,Mobility (context),fua,,PT_WR (% of workers),,,,,higher=better,OECD,
ES007,Murcia,ES,context,commuting_car,Commuting mode share - car,Mobility (context),fua,,PT_WR (% of workers),,,,,higher=worse,OECD,
ES009,Valladolid,ES,indicator,pm25,Mean PM2.5 population exposure,Environment,fua,18.45196346596642,MCG_M3 (ug/m3),95.13,2025,,,higher=worse,OECD,
ES009,Valladolid,ES,indicator,green_area,Green area per inhabitant (urban centre),Environment,fua,71,M2_PS (m2/person),11.72,2021,,,higher=better,OECD,
ES009,Valladolid,ES,indicator,public_transport_access,Population with access to public transport (15-minute walk),Mobility,fua,,PT_POP (% population),,,,,higher=better,OECD,
ES009,Valladolid,ES,indicator,employment_rate,Employment rate (15-64),Economic Opportunity,fua,69.9,PT_POP_SUB (% of working-age population),46.31,2024,,,higher=better,OECD,
ES009,Valladolid,ES,indicator,unemployment_rate,Unemployment rate (15-64),Economic Opportunity,fua,10,PT_LF_SUB (% of labour force),12.08,2024,,,higher=worse,OECD,
ES009,Valladolid,ES,composite,environment_score,Environment composite score,Environment,fua (composite),,score (0-100),53.42,,,,,derived (V1 approved composites),
ES009,Valladolid,ES,composite,mobility_score,Mobility composite score,Mobility,fua (composite),,score (0-100),,,,,,derived (V1 approved composites),
ES009,Valladolid,ES,composite,economic_opportunity_score,Economic Opportunity composite score,Economic Opportunity,fua (composite),,score (0-100),29.2,,,,,derived (V1 approved composites),
ES009,Valladolid,ES,context,population,Population (total),Context,fua,437623,PS (persons),,2022,,,neutral (context),OECD,
ES009,Valladolid,ES,context,commuting_public_transport,Commuting mode share - public transport,Mobility (context),fua,,PT_WR (% of workers),,,,,higher=better,OECD,
ES009,Valladolid,ES,context,commuting_bike,Commuting mode share - bicycle,Mobility (context),fua,,PT_WR (% of workers),,,,,higher=better,OECD,
ES009,Valladolid,ES,context,commuting_walk,Commuting mode share - walking,Mobility (context),fua,,PT_WR (% of workers),,,,,higher=better,OECD,
ES009,Valladolid,ES,context,commuting_car,Commuting mode share - car,Mobility (context),fua,,PT_WR (% of workers),,,,,higher=worse,OECD,
ES012,Vitoria/Gasteiz,ES,indicator,pm25,Mean PM2.5 population exposure,Environment,fua,17.65333908320412,MCG_M3 (ug/m3),96.01,2025,,,higher=worse,OECD,
ES012,Vitoria/Gasteiz,ES,indicator,green_area,Green area per inhabitant (urban centre),Environment,fua,57,M2_PS (m2/person),7.06,2021,,,higher=better,OECD,
ES012,Vitoria/Gasteiz,ES,indicator,public_transport_access,Population with access to public transport (15-minute walk),Mobility,fua,87.4,PT_POP (% population),22.94,2023,,,higher=better,OECD,
ES012,Vitoria/Gasteiz,ES,indicator,employment_rate,Employment rate (15-64),Economic Opportunity,fua,67.5,PT_POP_SUB (% of working-age population),31.73,2024,,,higher=better,OECD,
ES012,Vitoria/Gasteiz,ES,indicator,unemployment_rate,Unemployment rate (15-64),Economic Opportunity,fua,8.7,PT_LF_SUB (% of labour force),22.45,2024,,,higher=worse,OECD,
ES012,Vitoria/Gasteiz,ES,composite,environment_score,Environment composite score,Environment,fua (composite),,score (0-100),51.54,,,,,derived (V1 approved composites),
ES012,Vitoria/Gasteiz,ES,composite,mobility_score,Mobility composite score,Mobility,fua (composite),,score (0-100),22.94,,,,,derived (V1 approved composites),
ES012,Vitoria/Gasteiz,ES,composite,economic_opportunity_score,Economic Opportunity composite score,Economic Opportunity,fua (composite),,score (0-100),27.09,,,,,derived (V1 approved composites),
ES012,Vitoria/Gasteiz,ES,context,population,Population (total),Context,fua,297813,PS (persons),,2022,,,neutral (context),OECD,
ES012,Vitoria/Gasteiz,ES,context,commuting_public_transport,Commuting mode share - public transport,Mobility (context),fua,,PT_WR (% of workers),,,,,higher=better,OECD,
ES012,Vitoria/Gasteiz,ES,context,commuting_bike,Commuting mode share - bicycle,Mobility (context),fua,,PT_WR (% of workers),,,,,higher=better,OECD,
ES012,Vitoria/Gasteiz,ES,context,commuting_walk,Commuting mode share - walking,Mobility (context),fua,,PT_WR (% of workers),,,,,higher=better,OECD,
ES012,Vitoria/Gasteiz,ES,context,commuting_car,Commuting mode share - car,Mobility (context),fua,,PT_WR (% of workers),,,,,higher=worse,OECD,
ES013,Oviedo,ES,indicator,pm25,Mean PM2.5 population exposure,Environment,fua,22.180114002494136,MCG_M3 (ug/m3),87.15,2025,,,higher=worse,OECD,
ES013,Oviedo,ES,indicator,green_area,Green area per inhabitant (urban centre),Environment,fua,98,M2_PS (m2/person),24.16,2021,,,higher=better,OECD,
ES013,Oviedo,ES,indicator,public_transport_access,Population with access to public transport (15-minute walk),Mobility,fua,,PT_POP (% population),,,,,higher=better,OECD,
ES013,Oviedo,ES,indicator,employment_rate,Employment rate (15-64),Economic Opportunity,fua,64.9,PT_POP_SUB (% of working-age population),23.25,2024,,,higher=better,OECD,
ES013,Oviedo,ES,indicator,unemployment_rate,Unemployment rate (15-64),Economic Opportunity,fua,10.2,PT_LF_SUB (% of labour force),11.13,2024,,,higher=worse,OECD,
ES013,Oviedo,ES,composite,environment_score,Environment composite score,Environment,fua (composite),,score (0-100),55.66,,,,,derived (V1 approved composites),
ES013,Oviedo,ES,composite,mobility_score,Mobility composite score,Mobility,fua (composite),,score (0-100),,,,,,derived (V1 approved composites),
ES013,Oviedo,ES,composite,economic_opportunity_score,Economic Opportunity composite score,Economic Opportunity,fua (composite),,score (0-100),17.19,,,,,derived (V1 approved composites),
ES013,Oviedo,ES,perception_dimension,perceived_safety,Perceived safety (safe walking at night after dark),Safety,city_core,85.3,"PC (sum of response-category shares, % of respondents)",98.75,2023,,,higher=better,Eurostat,ES013C
ES013,Oviedo,ES,perception_dimension,community,Trust / community (generalised trust),Community,city_core,79.8,"PC (sum of response-category shares, % of respondents)",91.25,2023,,,higher=better,Eurostat,ES013C
ES013,Oviedo,ES,perception_dimension,life_satisfaction,Life satisfaction (the life you lead),Life Balance,city_core,83.1,"PC (sum of response-category shares, % of respondents)",38.12,2023,,,higher=better,Eurostat,ES013C
ES013,Oviedo,ES,perception_dimension,housing_satisfaction,Housing satisfaction (easy to find good housing at a reasonable price),Housing,city_core,53.0,"PC (sum of response-category shares, % of respondents)",94.38,2023,,,higher=better,Eurostat,ES013C
ES013,Oviedo,ES,context,population,Population (total),Context,fua,960590,PS (persons),,2022,,,neutral (context),OECD,
ES013,Oviedo,ES,context,commuting_public_transport,Commuting mode share - public transport,Mobility (context),fua,,PT_WR (% of workers),,,,,higher=better,OECD,
ES013,Oviedo,ES,context,commuting_bike,Commuting mode share - bicycle,Mobility (context),fua,,PT_WR (% of workers),,,,,higher=better,OECD,
ES013,Oviedo,ES,context,commuting_walk,Commuting mode share - walking,Mobility (context),fua,,PT_WR (% of workers),,,,,higher=better,OECD,
ES013,Oviedo,ES,context,commuting_car,Commuting mode share - car,Mobility (context),fua,,PT_WR (% of workers),,,,,higher=worse,OECD,
ES014,Pamplona/Iruña,ES,indicator,pm25,Mean PM2.5 population exposure,Environment,fua,23.81350494788865,MCG_M3 (ug/m3),79.47,2025,,,higher=worse,OECD,
ES014,Pamplona/Iruña,ES,indicator,green_area,Green area per inhabitant (urban centre),Environment,fua,51,M2_PS (m2/person),5.22,2021,,,higher=better,OECD,
ES014,Pamplona/Iruña,ES,indicator,public_transport_access,Population with access to public transport (15-minute walk),Mobility,fua,88,PT_POP (% population),24.14,2023,,,higher=better,OECD,
ES014,Pamplona/Iruña,ES,indicator,employment_rate,Employment rate (15-64),Economic Opportunity,fua,69.5,PT_POP_SUB (% of working-age population),40.22,2024,,,higher=better,OECD,
ES014,Pamplona/Iruña,ES,indicator,unemployment_rate,Unemployment rate (15-64),Economic Opportunity,fua,7.7,PT_LF_SUB (% of labour force),30.19,2024,,,higher=worse,OECD,
ES014,Pamplona/Iruña,ES,composite,environment_score,Environment composite score,Environment,fua (composite),,score (0-100),42.34,,,,,derived (V1 approved composites),
ES014,Pamplona/Iruña,ES,composite,mobility_score,Mobility composite score,Mobility,fua (composite),,score (0-100),24.14,,,,,derived (V1 approved composites),
ES014,Pamplona/Iruña,ES,composite,economic_opportunity_score,Economic Opportunity composite score,Economic Opportunity,fua (composite),,score (0-100),35.2,,,,,derived (V1 approved composites),
ES014,Pamplona/Iruña,ES,context,population,Population (total),Context,fua,427909,PS (persons),,2022,,,neutral (context),OECD,
ES014,Pamplona/Iruña,ES,context,commuting_public_transport,Commuting mode share - public transport,Mobility (context),fua,,PT_WR (% of workers),,,,,higher=better,OECD,
ES014,Pamplona/Iruña,ES,context,commuting_bike,Commuting mode share - bicycle,Mobility (context),fua,,PT_WR (% of workers),,,,,higher=better,OECD,
ES014,Pamplona/Iruña,ES,context,commuting_walk,Commuting mode share - walking,Mobility (context),fua,,PT_WR (% of workers),,,,,higher=better,OECD,
ES014,Pamplona/Iruña,ES,context,commuting_car,Commuting mode share - car,Mobility (context),fua,,PT_WR (% of workers),,,,,higher=worse,OECD,
ES015,Santander,ES,indicator,pm25,Mean PM2.5 population exposure,Environment,fua,28.33566403482301,MCG_M3 (ug/m3),52.88,2025,,,higher=worse,OECD,
ES015,Santander,ES,indicator,green_area,Green area per inhabitant (urban centre),Environment,fua,138,M2_PS (m2/person),47.35,2021,,,higher=better,OECD,
ES015,Santander,ES,indicator,public_transport_access,Population with access to public transport (15-minute walk),Mobility,fua,,PT_POP (% population),,,,,higher=better,OECD,
ES015,Santander,ES,indicator,employment_rate,Employment rate (15-64),Economic Opportunity,fua,67.8,PT_POP_SUB (% of working-age population),33.21,2024,,,higher=better,OECD,
ES015,Santander,ES,indicator,unemployment_rate,Unemployment rate (15-64),Economic Opportunity,fua,7.9,PT_LF_SUB (% of labour force),28.68,2024,,,higher=worse,OECD,
ES015,Santander,ES,composite,environment_score,Environment composite score,Environment,fua (composite),,score (0-100),50.12,,,,,derived (V1 approved composites),
ES015,Santander,ES,composite,mobility_score,Mobility composite score,Mobility,fua (composite),,score (0-100),,,,,,derived (V1 approved composites),
ES015,Santander,ES,composite,economic_opportunity_score,Economic Opportunity composite score,Economic Opportunity,fua (composite),,score (0-100),30.95,,,,,derived (V1 approved composites),
ES015,Santander,ES,context,population,Population (total),Context,fua,428733,PS (persons),,2022,,,neutral (context),OECD,
ES015,Santander,ES,context,commuting_public_transport,Commuting mode share - public transport,Mobility (context),fua,,PT_WR (% of workers),,,,,higher=better,OECD,
ES015,Santander,ES,context,commuting_bike,Commuting mode share - bicycle,Mobility (context),fua,,PT_WR (% of workers),,,,,higher=better,OECD,
ES015,Santander,ES,context,commuting_walk,Commuting mode share - walking,Mobility (context),fua,,PT_WR (% of workers),,,,,higher=better,OECD,
ES015,Santander,ES,context,commuting_car,Commuting mode share - car,Mobility (context),fua,,PT_WR (% of workers),,,,,higher=worse,OECD,
ES019,Bilbao,ES,indicator,pm25,Mean PM2.5 population exposure,Environment,fua,19.76075411034957,MCG_M3 (ug/m3),93.5,2025,,,higher=worse,OECD,
ES019,Bilbao,ES,indicator,green_area,Green area per inhabitant (urban centre),Environment,fua,95,M2_PS (m2/person),22.23,2021,,,higher=better,OECD,
ES019,Bilbao,ES,indicator,public_transport_access,Population with access to public transport (15-minute walk),Mobility,fua,91.7,PT_POP (% population),35.68,2023,,,higher=better,OECD,
ES019,Bilbao,ES,indicator,employment_rate,Employment rate (15-64),Economic Opportunity,fua,69.9,PT_POP_SUB (% of working-age population),46.31,2024,,,higher=better,OECD,
ES019,Bilbao,ES,indicator,unemployment_rate,Unemployment rate (15-64),Economic Opportunity,fua,9.1,PT_LF_SUB (% of labour force),17.74,2024,,,higher=worse,OECD,
ES019,Bilbao,ES,composite,environment_score,Environment composite score,Environment,fua (composite),,score (0-100),57.87,,,,,derived (V1 approved composites),
ES019,Bilbao,ES,composite,mobility_score,Mobility composite score,Mobility,fua (composite),,score (0-100),35.68,,,,,derived (V1 approved composites),
ES019,Bilbao,ES,composite,economic_opportunity_score,Economic Opportunity composite score,Economic Opportunity,fua (composite),,score (0-100),32.02,,,,,derived (V1 approved composites),
ES019,Bilbao,ES,context,population,Population (total),Context,fua,1148718,PS (persons),,2022,,,neutral (context),OECD,
ES019,Bilbao,ES,context,commuting_public_transport,Commuting mode share - public transport,Mobility (context),fua,,PT_WR (% of workers),,,,,higher=better,OECD,
ES019,Bilbao,ES,context,commuting_bike,Commuting mode share - bicycle,Mobility (context),fua,,PT_WR (% of workers),,,,,higher=better,OECD,
ES019,Bilbao,ES,context,commuting_walk,Commuting mode share - walking,Mobility (context),fua,,PT_WR (% of workers),,,,,higher=better,OECD,
ES019,Bilbao,ES,context,commuting_car,Commuting mode share - car,Mobility (context),fua,,PT_WR (% of workers),,,,,higher=worse,OECD,
ES020,Córdoba,ES,indicator,pm25,Mean PM2.5 population exposure,Environment,fua,25.23944401865194,MCG_M3 (ug/m3),70.9,2025,,,higher=worse,OECD,
ES020,Córdoba,ES,indicator,green_area,Green area per inhabitant (urban centre),Environment,fua,89,M2_PS (m2/person),18.54,2021,,,higher=better,OECD,
ES020,Córdoba,ES,indicator,public_transport_access,Population with access to public transport (15-minute walk),Mobility,fua,,PT_POP (% population),,,,,higher=better,OECD,
ES020,Córdoba,ES,indicator,employment_rate,Employment rate (15-64),Economic Opportunity,fua,60.4,PT_POP_SUB (% of working-age population),12.92,2024,,,higher=better,OECD,
ES020,Córdoba,ES,indicator,unemployment_rate,Unemployment rate (15-64),Economic Opportunity,fua,16.8,PT_LF_SUB (% of labour force),1.51,2024,,,higher=worse,OECD,
ES020,Córdoba,ES,composite,environment_score,Environment composite score,Environment,fua (composite),,score (0-100),44.72,,,,,derived (V1 approved composites),
ES020,Córdoba,ES,composite,mobility_score,Mobility composite score,Mobility,fua (composite),,score (0-100),,,,,,derived (V1 approved composites),
ES020,Córdoba,ES,composite,economic_opportunity_score,Economic Opportunity composite score,Economic Opportunity,fua (composite),,score (0-100),7.21,,,,,derived (V1 approved composites),
ES020,Córdoba,ES,context,population,Population (total),Context,fua,445333,PS (persons),,2022,,,neutral (context),OECD,
ES020,Córdoba,ES,context,commuting_public_transport,Commuting mode share - public transport,Mobility (context),fua,,PT_WR (% of workers),,,,,higher=better,OECD,
ES020,Córdoba,ES,context,commuting_bike,Commuting mode share - bicycle,Mobility (context),fua,,PT_WR (% of workers),,,,,higher=better,OECD,
ES020,Córdoba,ES,context,commuting_walk,Commuting mode share - walking,Mobility (context),fua,,PT_WR (% of workers),,,,,higher=better,OECD,
ES020,Córdoba,ES,context,commuting_car,Commuting mode share - car,Mobility (context),fua,,PT_WR (% of workers),,,,,higher=worse,OECD,
ES021,Alicante/Alacant,ES,indicator,pm25,Mean PM2.5 population exposure,Environment,fua,27.735492975778904,MCG_M3 (ug/m3),57.9,2025,,,higher=worse,OECD,
ES021,Alicante/Alacant,ES,indicator,green_area,Green area per inhabitant (urban centre),Environment,fua,146,M2_PS (m2/person),53.77,2021,,,higher=better,OECD,
ES021,Alicante/Alacant,ES,indicator,public_transport_access,Population with access to public transport (15-minute walk),Mobility,fua,84.7,PT_POP (% population),18.7,2023,,,higher=better,OECD,
ES021,Alicante/Alacant,ES,indicator,employment_rate,Employment rate (15-64),Economic Opportunity,fua,62.5,PT_POP_SUB (% of working-age population),16.24,2024,,,higher=better,OECD,
ES021,Alicante/Alacant,ES,indicator,unemployment_rate,Unemployment rate (15-64),Economic Opportunity,fua,13.6,PT_LF_SUB (% of labour force),4.53,2024,,,higher=worse,OECD,
ES021,Alicante/Alacant,ES,composite,environment_score,Environment composite score,Environment,fua (composite),,score (0-100),55.84,,,,,derived (V1 approved composites),
ES021,Alicante/Alacant,ES,composite,mobility_score,Mobility composite score,Mobility,fua (composite),,score (0-100),18.7,,,,,derived (V1 approved composites),
ES021,Alicante/Alacant,ES,composite,economic_opportunity_score,Economic Opportunity composite score,Economic Opportunity,fua (composite),,score (0-100),10.38,,,,,derived (V1 approved composites),
ES021,Alicante/Alacant,ES,context,population,Population (total),Context,fua,963467,PS (persons),,2022,,,neutral (context),OECD,
ES021,Alicante/Alacant,ES,context,commuting_public_transport,Commuting mode share - public transport,Mobility (context),fua,,PT_WR (% of workers),,,,,higher=better,OECD,
ES021,Alicante/Alacant,ES,context,commuting_bike,Commuting mode share - bicycle,Mobility (context),fua,,PT_WR (% of workers),,,,,higher=better,OECD,
ES021,Alicante/Alacant,ES,context,commuting_walk,Commuting mode share - walking,Mobility (context),fua,,PT_WR (% of workers),,,,,higher=better,OECD,
ES021,Alicante/Alacant,ES,context,commuting_car,Commuting mode share - car,Mobility (context),fua,,PT_WR (% of workers),,,,,higher=worse,OECD,
ES022,Vigo,ES,indicator,pm25,Mean PM2.5 population exposure,Environment,fua,25.251432720679222,MCG_M3 (ug/m3),70.75,2025,,,higher=worse,OECD,
ES022,Vigo,ES,indicator,green_area,Green area per inhabitant (urban centre),Environment,fua,154,M2_PS (m2/person),58.67,2021,,,higher=better,OECD,
ES022,Vigo,ES,indicator,public_transport_access,Population with access to public transport (15-minute walk),Mobility,fua,,PT_POP (% population),,,,,higher=better,OECD,
ES022,Vigo,ES,indicator,employment_rate,Employment rate (15-64),Economic Opportunity,fua,65.3,PT_POP_SUB (% of working-age population),24.35,2024,,,higher=better,OECD,
ES022,Vigo,ES,indicator,unemployment_rate,Unemployment rate (15-64),Economic Opportunity,fua,11.4,PT_LF_SUB (% of labour force),8.3,2024,,,higher=worse,OECD,
ES022,Vigo,ES,composite,environment_score,Environment composite score,Environment,fua (composite),,score (0-100),64.71,,,,,derived (V1 approved composites),
ES022,Vigo,ES,composite,mobility_score,Mobility composite score,Mobility,fua (composite),,score (0-100),,,,,,derived (V1 approved composites),
ES022,Vigo,ES,composite,economic_opportunity_score,Economic Opportunity composite score,Economic Opportunity,fua (composite),,score (0-100),16.33,,,,,derived (V1 approved composites),
ES022,Vigo,ES,context,population,Population (total),Context,fua,585151,PS (persons),,2022,,,neutral (context),OECD,
ES022,Vigo,ES,context,commuting_public_transport,Commuting mode share - public transport,Mobility (context),fua,,PT_WR (% of workers),,,,,higher=better,OECD,
ES022,Vigo,ES,context,commuting_bike,Commuting mode share - bicycle,Mobility (context),fua,,PT_WR (% of workers),,,,,higher=better,OECD,
ES022,Vigo,ES,context,commuting_walk,Commuting mode share - walking,Mobility (context),fua,,PT_WR (% of workers),,,,,higher=better,OECD,
ES022,Vigo,ES,context,commuting_car,Commuting mode share - car,Mobility (context),fua,,PT_WR (% of workers),,,,,higher=worse,OECD,
ES025,A Coruña,ES,indicator,pm25,Mean PM2.5 population exposure,Environment,fua,21.3352674456261,MCG_M3 (ug/m3),90.69,2025,,,higher=worse,OECD,
ES025,A Coruña,ES,indicator,green_area,Green area per inhabitant (urban centre),Environment,fua,92,M2_PS (m2/person),20.47,2021,,,higher=better,OECD,
ES025,A Coruña,ES,indicator,public_transport_access,Population with access to public transport (15-minute walk),Mobility,fua,,PT_POP (% population),,,,,higher=better,OECD,
ES025,A Coruña,ES,indicator,employment_rate,Employment rate (15-64),Economic Opportunity,fua,66.5,PT_POP_SUB (% of working-age population),26.75,2024,,,higher=better,OECD,
ES025,A Coruña,ES,indicator,unemployment_rate,Unemployment rate (15-64),Economic Opportunity,fua,8.1,PT_LF_SUB (% of labour force),26.79,2024,,,higher=worse,OECD,
ES025,A Coruña,ES,composite,environment_score,Environment composite score,Environment,fua (composite),,score (0-100),55.58,,,,,derived (V1 approved composites),
ES025,A Coruña,ES,composite,mobility_score,Mobility composite score,Mobility,fua (composite),,score (0-100),,,,,,derived (V1 approved composites),
ES025,A Coruña,ES,composite,economic_opportunity_score,Economic Opportunity composite score,Economic Opportunity,fua (composite),,score (0-100),26.77,,,,,derived (V1 approved composites),
ES025,A Coruña,ES,context,population,Population (total),Context,fua,518641,PS (persons),,2022,,,neutral (context),OECD,
ES025,A Coruña,ES,context,commuting_public_transport,Commuting mode share - public transport,Mobility (context),fua,,PT_WR (% of workers),,,,,higher=better,OECD,
ES025,A Coruña,ES,context,commuting_bike,Commuting mode share - bicycle,Mobility (context),fua,,PT_WR (% of workers),,,,,higher=better,OECD,
ES025,A Coruña,ES,context,commuting_walk,Commuting mode share - walking,Mobility (context),fua,,PT_WR (% of workers),,,,,higher=better,OECD,
ES025,A Coruña,ES,context,commuting_car,Commuting mode share - car,Mobility (context),fua,,PT_WR (% of workers),,,,,higher=worse,OECD,
ES059,Granada,ES,indicator,pm25,Mean PM2.5 population exposure,Environment,fua,25.63254530645536,MCG_M3 (ug/m3),68.83,2025,,,higher=worse,OECD,
ES059,Granada,ES,indicator,green_area,Green area per inhabitant (urban centre),Environment,fua,86,M2_PS (m2/person),17.26,2021,,,higher=better,OECD,
ES059,Granada,ES,indicator,public_transport_access,Population with access to public transport (15-minute walk),Mobility,fua,,PT_POP (% population),,,,,higher=better,OECD,
ES059,Granada,ES,indicator,employment_rate,Employment rate (15-64),Economic Opportunity,fua,55.2,PT_POP_SUB (% of working-age population),7.38,2024,,,higher=better,OECD,
ES059,Granada,ES,indicator,unemployment_rate,Unemployment rate (15-64),Economic Opportunity,fua,21.6,PT_LF_SUB (% of labour force),0.0,2024,,,higher=worse,OECD,
ES059,Granada,ES,composite,environment_score,Environment composite score,Environment,fua (composite),,score (0-100),43.05,,,,,derived (V1 approved composites),
ES059,Granada,ES,composite,mobility_score,Mobility composite score,Mobility,fua (composite),,score (0-100),,,,,,derived (V1 approved composites),
ES059,Granada,ES,composite,economic_opportunity_score,Economic Opportunity composite score,Economic Opportunity,fua (composite),,score (0-100),3.69,,,,,derived (V1 approved composites),
ES059,Granada,ES,context,population,Population (total),Context,fua,583709,PS (persons),,2022,,,neutral (context),OECD,
ES059,Granada,ES,context,commuting_public_transport,Commuting mode share - public transport,Mobility (context),fua,,PT_WR (% of workers),,,,,higher=better,OECD,
ES059,Granada,ES,context,commuting_bike,Commuting mode share - bicycle,Mobility (context),fua,,PT_WR (% of workers),,,,,higher=better,OECD,
ES059,Granada,ES,context,commuting_walk,Commuting mode share - walking,Mobility (context),fua,,PT_WR (% of workers),,,,,higher=better,OECD,
ES059,Granada,ES,context,commuting_car,Commuting mode share - car,Mobility (context),fua,,PT_WR (% of workers),,,,,higher=worse,OECD,
ES062,Jerez de la Frontera,ES,indicator,pm25,Mean PM2.5 population exposure,Environment,fua,27.521707042833544,MCG_M3 (ug/m3),58.94,2025,,,higher=worse,OECD,
ES062,Jerez de la Frontera,ES,indicator,green_area,Green area per inhabitant (urban centre),Environment,fua,86,M2_PS (m2/person),17.26,2021,,,higher=better,OECD,
ES062,Jerez de la Frontera,ES,indicator,public_transport_access,Population with access to public transport (15-minute walk),Mobility,fua,,PT_POP (% population),,,,,higher=better,OECD,
ES062,Jerez de la Frontera,ES,indicator,employment_rate,Employment rate (15-64),Economic Opportunity,fua,53.4,PT_POP_SUB (% of working-age population),6.46,2024,,,higher=better,OECD,
ES062,Jerez de la Frontera,ES,indicator,unemployment_rate,Unemployment rate (15-64),Economic Opportunity,fua,21.1,PT_LF_SUB (% of labour force),0.38,2024,,,higher=worse,OECD,
ES062,Jerez de la Frontera,ES,composite,environment_score,Environment composite score,Environment,fua (composite),,score (0-100),38.1,,,,,derived (V1 approved composites),
ES062,Jerez de la Frontera,ES,composite,mobility_score,Mobility composite score,Mobility,fua (composite),,score (0-100),,,,,,derived (V1 approved composites),
ES062,Jerez de la Frontera,ES,composite,economic_opportunity_score,Economic Opportunity composite score,Economic Opportunity,fua (composite),,score (0-100),3.42,,,,,derived (V1 approved composites),
ES062,Jerez de la Frontera,ES,context,population,Population (total),Context,fua,217183,PS (persons),,2022,,,neutral (context),OECD,
ES062,Jerez de la Frontera,ES,context,commuting_public_transport,Commuting mode share - public transport,Mobility (context),fua,,PT_WR (% of workers),,,,,higher=better,OECD,
ES062,Jerez de la Frontera,ES,context,commuting_bike,Commuting mode share - bicycle,Mobility (context),fua,,PT_WR (% of workers),,,,,higher=better,OECD,
ES062,Jerez de la Frontera,ES,context,commuting_walk,Commuting mode share - walking,Mobility (context),fua,,PT_WR (% of workers),,,,,higher=better,OECD,
ES062,Jerez de la Frontera,ES,context,commuting_car,Commuting mode share - car,Mobility (context),fua,,PT_WR (% of workers),,,,,higher=worse,OECD,
ES063,San Sebastián/Donostia,ES,indicator,pm25,Mean PM2.5 population exposure,Environment,fua,22.00993329561451,MCG_M3 (ug/m3),88.48,2025,,,higher=worse,OECD,
ES063,San Sebastián/Donostia,ES,indicator,green_area,Green area per inhabitant (urban centre),Environment,fua,119,M2_PS (m2/person),34.83,2021,,,higher=better,OECD,
ES063,San Sebastián/Donostia,ES,indicator,public_transport_access,Population with access to public transport (15-minute walk),Mobility,fua,75.9,PT_POP (% population),9.28,2023,,,higher=better,OECD,
ES063,San Sebastián/Donostia,ES,indicator,employment_rate,Employment rate (15-64),Economic Opportunity,fua,66.3,PT_POP_SUB (% of working-age population),26.2,2024,,,higher=better,OECD,
ES063,San Sebastián/Donostia,ES,indicator,unemployment_rate,Unemployment rate (15-64),Economic Opportunity,fua,6.4,PT_LF_SUB (% of labour force),49.25,2024,,,higher=worse,OECD,
ES063,San Sebastián/Donostia,ES,composite,environment_score,Environment composite score,Environment,fua (composite),,score (0-100),61.66,,,,,derived (V1 approved composites),
ES063,San Sebastián/Donostia,ES,composite,mobility_score,Mobility composite score,Mobility,fua (composite),,score (0-100),9.28,,,,,derived (V1 approved composites),
ES063,San Sebastián/Donostia,ES,composite,economic_opportunity_score,Economic Opportunity composite score,Economic Opportunity,fua (composite),,score (0-100),37.73,,,,,derived (V1 approved composites),
ES063,San Sebastián/Donostia,ES,context,population,Population (total),Context,fua,503031,PS (persons),,2022,,,neutral (context),OECD,
ES063,San Sebastián/Donostia,ES,context,commuting_public_transport,Commuting mode share - public transport,Mobility (context),fua,,PT_WR (% of workers),,,,,higher=better,OECD,
ES063,San Sebastián/Donostia,ES,context,commuting_bike,Commuting mode share - bicycle,Mobility (context),fua,,PT_WR (% of workers),,,,,higher=better,OECD,
ES063,San Sebastián/Donostia,ES,context,commuting_walk,Commuting mode share - walking,Mobility (context),fua,,PT_WR (% of workers),,,,,higher=better,OECD,
ES063,San Sebastián/Donostia,ES,context,commuting_car,Commuting mode share - car,Mobility (context),fua,,PT_WR (% of workers),,,,,higher=worse,OECD,
ES069,Castellón de la Plana/Castelló de la Plana,ES,indicator,pm25,Mean PM2.5 population exposure,Environment,fua,20.03979912918266,MCG_M3 (ug/m3),92.76,2025,,,higher=worse,OECD,
ES069,Castellón de la Plana/Castelló de la Plana,ES,indicator,green_area,Green area per inhabitant (urban centre),Environment,fua,129,M2_PS (m2/person),42.13,2021,,,higher=better,OECD,
ES069,Castellón de la Plana/Castelló de la Plana,ES,indicator,public_transport_access,Population with access to public transport (15-minute walk),Mobility,fua,82.1,PT_POP (% population),16.45,2023,,,higher=better,OECD,
ES069,Castellón de la Plana/Castelló de la Plana,ES,indicator,employment_rate,Employment rate (15-64),Economic Opportunity,fua,64.2,PT_POP_SUB (% of working-age population),20.48,2024,,,higher=better,OECD,
ES069,Castellón de la Plana/Castelló de la Plana,ES,indicator,unemployment_rate,Unemployment rate (15-64),Economic Opportunity,fua,13.6,PT_LF_SUB (% of labour force),4.53,2024,,,higher=worse,OECD,
ES069,Castellón de la Plana/Castelló de la Plana,ES,composite,environment_score,Environment composite score,Environment,fua (composite),,score (0-100),67.45,,,,,derived (V1 approved composites),
ES069,Castellón de la Plana/Castelló de la Plana,ES,composite,mobility_score,Mobility composite score,Mobility,fua (composite),,score (0-100),16.45,,,,,derived (V1 approved composites),
ES069,Castellón de la Plana/Castelló de la Plana,ES,composite,economic_opportunity_score,Economic Opportunity composite score,Economic Opportunity,fua (composite),,score (0-100),12.51,,,,,derived (V1 approved composites),
ES069,Castellón de la Plana/Castelló de la Plana,ES,context,population,Population (total),Context,fua,352841,PS (persons),,2022,,,neutral (context),OECD,
ES069,Castellón de la Plana/Castelló de la Plana,ES,context,commuting_public_transport,Commuting mode share - public transport,Mobility (context),fua,,PT_WR (% of workers),,,,,higher=better,OECD,
ES069,Castellón de la Plana/Castelló de la Plana,ES,context,commuting_bike,Commuting mode share - bicycle,Mobility (context),fua,,PT_WR (% of workers),,,,,higher=better,OECD,
ES069,Castellón de la Plana/Castelló de la Plana,ES,context,commuting_walk,Commuting mode share - walking,Mobility (context),fua,,PT_WR (% of workers),,,,,higher=better,OECD,
ES069,Castellón de la Plana/Castelló de la Plana,ES,context,commuting_car,Commuting mode share - car,Mobility (context),fua,,PT_WR (% of workers),,,,,higher=worse,OECD,
FI001,Helsinki/Helsingfors,FI,indicator,pm25,Mean PM2.5 population exposure,Environment,fua,18.151177727126246,MCG_M3 (ug/m3),95.57,2025,,,higher=worse,OECD,
FI001,Helsinki/Helsingfors,FI,indicator,green_area,Green area per inhabitant (urban centre),Environment,fua,186,M2_PS (m2/person),74.96,2021,,,higher=better,OECD,
FI001,Helsinki/Helsingfors,FI,indicator,public_transport_access,Population with access to public transport (15-minute walk),Mobility,fua,89.8,PT_POP (% population),29.44,2023,,,higher=better,OECD,
FI001,Helsinki/Helsingfors,FI,indicator,employment_rate,Employment rate (15-64),Economic Opportunity,fua,73.2,PT_POP_SUB (% of working-age population),66.05,2024,,,higher=better,OECD,
FI001,Helsinki/Helsingfors,FI,indicator,unemployment_rate,Unemployment rate (15-64),Economic Opportunity,fua,9.1,PT_LF_SUB (% of labour force),17.74,2024,,,higher=worse,OECD,
FI001,Helsinki/Helsingfors,FI,composite,environment_score,Environment composite score,Environment,fua (composite),,score (0-100),85.26,,,,,derived (V1 approved composites),
FI001,Helsinki/Helsingfors,FI,composite,mobility_score,Mobility composite score,Mobility,fua (composite),,score (0-100),29.44,,,,,derived (V1 approved composites),
FI001,Helsinki/Helsingfors,FI,composite,economic_opportunity_score,Economic Opportunity composite score,Economic Opportunity,fua (composite),,score (0-100),41.89,,,,,derived (V1 approved composites),
FI001,Helsinki/Helsingfors,FI,perception_dimension,perceived_safety,Perceived safety (safe walking at night after dark),Safety,city_core,79.1,"PC (sum of response-category shares, % of respondents)",81.25,2023,,,higher=better,Eurostat,FI001C
FI001,Helsinki/Helsingfors,FI,perception_dimension,community,Trust / community (generalised trust),Community,city_core,77.1,"PC (sum of response-category shares, % of respondents)",85.0,2023,,,higher=better,Eurostat,FI001C
FI001,Helsinki/Helsingfors,FI,perception_dimension,life_satisfaction,Life satisfaction (the life you lead),Life Balance,city_core,86.7,"PC (sum of response-category shares, % of respondents)",73.75,2023,,,higher=better,Eurostat,FI001C
FI001,Helsinki/Helsingfors,FI,perception_dimension,housing_satisfaction,Housing satisfaction (easy to find good housing at a reasonable price),Housing,city_core,16.0,"PC (sum of response-category shares, % of respondents)",16.25,2023,,,higher=better,Eurostat,FI001C
FI001,Helsinki/Helsingfors,FI,context,population,Population (total),Context,fua,1773305,PS (persons),,2024,,,neutral (context),OECD,
FI001,Helsinki/Helsingfors,FI,context,commuting_public_transport,Commuting mode share - public transport,Mobility (context),fua,37,PT_WR (% of workers),,2018,,stale_commuting_context,higher=better,OECD,
FI001,Helsinki/Helsingfors,FI,context,commuting_bike,Commuting mode share - bicycle,Mobility (context),fua,13,PT_WR (% of workers),,2018,,stale_commuting_context,higher=better,OECD,
FI001,Helsinki/Helsingfors,FI,context,commuting_walk,Commuting mode share - walking,Mobility (context),fua,7,PT_WR (% of workers),,2018,,stale_commuting_context,higher=better,OECD,
FI001,Helsinki/Helsingfors,FI,context,commuting_car,Commuting mode share - car,Mobility (context),fua,43,PT_WR (% of workers),,2018,,stale_commuting_context,higher=worse,OECD,
FI002,Tampere/Tammerfors,FI,indicator,pm25,Mean PM2.5 population exposure,Environment,fua,14.297576005061213,MCG_M3 (ug/m3),97.93,2025,,,higher=worse,OECD,
FI002,Tampere/Tammerfors,FI,indicator,green_area,Green area per inhabitant (urban centre),Environment,fua,222,M2_PS (m2/person),87.96,2021,,,higher=better,OECD,
FI002,Tampere/Tammerfors,FI,indicator,public_transport_access,Population with access to public transport (15-minute walk),Mobility,fua,84,PT_POP (% population),17.64,2023,,,higher=better,OECD,
FI002,Tampere/Tammerfors,FI,indicator,employment_rate,Employment rate (15-64),Economic Opportunity,fua,72.6,PT_POP_SUB (% of working-age population),63.1,2024,,,higher=better,OECD,
FI002,Tampere/Tammerfors,FI,indicator,unemployment_rate,Unemployment rate (15-64),Economic Opportunity,fua,8,PT_LF_SUB (% of labour force),27.92,2024,,,higher=worse,OECD,
FI002,Tampere/Tammerfors,FI,composite,environment_score,Environment composite score,Environment,fua (composite),,score (0-100),92.94,,,,,derived (V1 approved composites),
FI002,Tampere/Tammerfors,FI,composite,mobility_score,Mobility composite score,Mobility,fua (composite),,score (0-100),17.64,,,,,derived (V1 approved composites),
FI002,Tampere/Tammerfors,FI,composite,economic_opportunity_score,Economic Opportunity composite score,Economic Opportunity,fua (composite),,score (0-100),45.51,,,,,derived (V1 approved composites),
FI002,Tampere/Tammerfors,FI,context,population,Population (total),Context,fua,477107,PS (persons),,2024,,,neutral (context),OECD,
FI002,Tampere/Tammerfors,FI,context,commuting_public_transport,Commuting mode share - public transport,Mobility (context),fua,14,PT_WR (% of workers),,2018,,stale_commuting_context,higher=better,OECD,
FI002,Tampere/Tammerfors,FI,context,commuting_bike,Commuting mode share - bicycle,Mobility (context),fua,11,PT_WR (% of workers),,2018,,stale_commuting_context,higher=better,OECD,
FI002,Tampere/Tammerfors,FI,context,commuting_walk,Commuting mode share - walking,Mobility (context),fua,12,PT_WR (% of workers),,2018,,stale_commuting_context,higher=better,OECD,
FI002,Tampere/Tammerfors,FI,context,commuting_car,Commuting mode share - car,Mobility (context),fua,62,PT_WR (% of workers),,2018,,stale_commuting_context,higher=worse,OECD,
FI003,Turku/Åbo,FI,indicator,pm25,Mean PM2.5 population exposure,Environment,fua,14.222377475159998,MCG_M3 (ug/m3),98.08,2025,,,higher=worse,OECD,
FI003,Turku/Åbo,FI,indicator,green_area,Green area per inhabitant (urban centre),Environment,fua,202,M2_PS (m2/person),82.34,2021,,,higher=better,OECD,
FI003,Turku/Åbo,FI,indicator,public_transport_access,Population with access to public transport (15-minute walk),Mobility,fua,82.2,PT_POP (% population),16.71,2023,,,higher=better,OECD,
FI003,Turku/Åbo,FI,indicator,employment_rate,Employment rate (15-64),Economic Opportunity,fua,71.3,PT_POP_SUB (% of working-age population),58.67,2024,,,higher=better,OECD,
FI003,Turku/Åbo,FI,indicator,unemployment_rate,Unemployment rate (15-64),Economic Opportunity,fua,9.2,PT_LF_SUB (% of labour force),16.42,2024,,,higher=worse,OECD,
FI003,Turku/Åbo,FI,composite,environment_score,Environment composite score,Environment,fua (composite),,score (0-100),90.21,,,,,derived (V1 approved composites),
FI003,Turku/Åbo,FI,composite,mobility_score,Mobility composite score,Mobility,fua (composite),,score (0-100),16.71,,,,,derived (V1 approved composites),
FI003,Turku/Åbo,FI,composite,economic_opportunity_score,Economic Opportunity composite score,Economic Opportunity,fua (composite),,score (0-100),37.55,,,,,derived (V1 approved composites),
FI003,Turku/Åbo,FI,context,population,Population (total),Context,fua,381936,PS (persons),,2024,,,neutral (context),OECD,
FI003,Turku/Åbo,FI,context,commuting_public_transport,Commuting mode share - public transport,Mobility (context),fua,,PT_WR (% of workers),,,,,higher=better,OECD,
FI003,Turku/Åbo,FI,context,commuting_bike,Commuting mode share - bicycle,Mobility (context),fua,,PT_WR (% of workers),,,,,higher=better,OECD,
FI003,Turku/Åbo,FI,context,commuting_walk,Commuting mode share - walking,Mobility (context),fua,,PT_WR (% of workers),,,,,higher=better,OECD,
FI003,Turku/Åbo,FI,context,commuting_car,Commuting mode share - car,Mobility (context),fua,,PT_WR (% of workers),,,,,higher=worse,OECD,
FI004,Oulu/Uleåborg,FI,indicator,pm25,Mean PM2.5 population exposure,Environment,fua,14.816910128262231,MCG_M3 (ug/m3),97.34,2025,,,higher=worse,OECD,
FI004,Oulu/Uleåborg,FI,indicator,green_area,Green area per inhabitant (urban centre),Environment,fua,278,M2_PS (m2/person),97.35,2021,,,higher=better,OECD,
FI004,Oulu/Uleåborg,FI,indicator,public_transport_access,Population with access to public transport (15-minute walk),Mobility,fua,84.7,PT_POP (% population),18.7,2023,,,higher=better,OECD,
FI004,Oulu/Uleåborg,FI,indicator,employment_rate,Employment rate (15-64),Economic Opportunity,fua,70.9,PT_POP_SUB (% of working-age population),56.64,2024,,,higher=better,OECD,
FI004,Oulu/Uleåborg,FI,indicator,unemployment_rate,Unemployment rate (15-64),Economic Opportunity,fua,7.9,PT_LF_SUB (% of labour force),28.68,2024,,,higher=worse,OECD,
FI004,Oulu/Uleåborg,FI,composite,environment_score,Environment composite score,Environment,fua (composite),,score (0-100),97.34,,,,,derived (V1 approved composites),
FI004,Oulu/Uleåborg,FI,composite,mobility_score,Mobility composite score,Mobility,fua (composite),,score (0-100),18.7,,,,,derived (V1 approved composites),
FI004,Oulu/Uleåborg,FI,composite,economic_opportunity_score,Economic Opportunity composite score,Economic Opportunity,fua (composite),,score (0-100),42.66,,,,,derived (V1 approved composites),
FI004,Oulu/Uleåborg,FI,perception_dimension,perceived_safety,Perceived safety (safe walking at night after dark),Safety,city_core,81.5,"PC (sum of response-category shares, % of respondents)",88.75,2023,,,higher=better,Eurostat,FI004C
FI004,Oulu/Uleåborg,FI,perception_dimension,community,Trust / community (generalised trust),Community,city_core,82.1,"PC (sum of response-category shares, % of respondents)",93.75,2023,,,higher=better,Eurostat,FI004C
FI004,Oulu/Uleåborg,FI,perception_dimension,life_satisfaction,Life satisfaction (the life you lead),Life Balance,city_core,85.8,"PC (sum of response-category shares, % of respondents)",58.13,2023,,,higher=better,Eurostat,FI004C
FI004,Oulu/Uleåborg,FI,perception_dimension,housing_satisfaction,Housing satisfaction (easy to find good housing at a reasonable price),Housing,city_core,65.2,"PC (sum of response-category shares, % of respondents)",100.0,2023,,,higher=better,Eurostat,FI004C
FI004,Oulu/Uleåborg,FI,context,population,Population (total),Context,fua,276456,PS (persons),,2024,,,neutral (context),OECD,
FI004,Oulu/Uleåborg,FI,context,commuting_public_transport,Commuting mode share - public transport,Mobility (context),fua,6,PT_WR (% of workers),,2011,,stale_commuting_context,higher=better,OECD,
FI004,Oulu/Uleåborg,FI,context,commuting_bike,Commuting mode share - bicycle,Mobility (context),fua,18,PT_WR (% of workers),,2011,,stale_commuting_context,higher=better,OECD,
FI004,Oulu/Uleåborg,FI,context,commuting_walk,Commuting mode share - walking,Mobility (context),fua,7,PT_WR (% of workers),,2011,,stale_commuting_context,higher=better,OECD,
FI004,Oulu/Uleåborg,FI,context,commuting_car,Commuting mode share - car,Mobility (context),fua,68,PT_WR (% of workers),,2011,,stale_commuting_context,higher=worse,OECD,
FI009,Jyväskylä,FI,indicator,pm25,Mean PM2.5 population exposure,Environment,fua,10.16579268500039,MCG_M3 (ug/m3),99.56,2025,,,higher=worse,OECD,
FI009,Jyväskylä,FI,indicator,green_area,Green area per inhabitant (urban centre),Environment,fua,219,M2_PS (m2/person),86.92,2021,,,higher=better,OECD,
FI009,Jyväskylä,FI,indicator,public_transport_access,Population with access to public transport (15-minute walk),Mobility,fua,84,PT_POP (% population),17.64,2023,,,higher=better,OECD,
FI009,Jyväskylä,FI,indicator,employment_rate,Employment rate (15-64),Economic Opportunity,fua,,PT_POP_SUB (% of working-age population),,,,,higher=better,OECD,
FI009,Jyväskylä,FI,indicator,unemployment_rate,Unemployment rate (15-64),Economic Opportunity,fua,,PT_LF_SUB (% of labour force),,,,,higher=worse,OECD,
FI009,Jyväskylä,FI,composite,environment_score,Environment composite score,Environment,fua (composite),,score (0-100),93.24,,,,,derived (V1 approved composites),
FI009,Jyväskylä,FI,composite,mobility_score,Mobility composite score,Mobility,fua (composite),,score (0-100),17.64,,,,,derived (V1 approved composites),
FI009,Jyväskylä,FI,composite,economic_opportunity_score,Economic Opportunity composite score,Economic Opportunity,fua (composite),,score (0-100),,,,,,derived (V1 approved composites),
FI009,Jyväskylä,FI,context,population,Population (total),Context,fua,192753,PS (persons),,2024,,,neutral (context),OECD,
FI009,Jyväskylä,FI,context,commuting_public_transport,Commuting mode share - public transport,Mobility (context),fua,,PT_WR (% of workers),,,,,higher=better,OECD,
FI009,Jyväskylä,FI,context,commuting_bike,Commuting mode share - bicycle,Mobility (context),fua,,PT_WR (% of workers),,,,,higher=better,OECD,
FI009,Jyväskylä,FI,context,commuting_walk,Commuting mode share - walking,Mobility (context),fua,,PT_WR (% of workers),,,,,higher=better,OECD,
FI009,Jyväskylä,FI,context,commuting_car,Commuting mode share - car,Mobility (context),fua,,PT_WR (% of workers),,,,,higher=worse,OECD,
FR001,Paris,FR,indicator,pm25,Mean PM2.5 population exposure,Environment,fua,29.28496561121476,MCG_M3 (ug/m3),47.42,2025,,,higher=worse,OECD,
FR001,Paris,FR,indicator,green_area,Green area per inhabitant (urban centre),Environment,fua,75,M2_PS (m2/person),13.72,2021,,,higher=better,OECD,
FR001,Paris,FR,indicator,public_transport_access,Population with access to public transport (15-minute walk),Mobility,fua,93.9,PT_POP (% population),45.62,2023,,,higher=better,OECD,
FR001,Paris,FR,indicator,employment_rate,Employment rate (15-64),Economic Opportunity,fua,68.6,PT_POP_SUB (% of working-age population),38.01,2024,,,higher=better,OECD,
FR001,Paris,FR,indicator,unemployment_rate,Unemployment rate (15-64),Economic Opportunity,fua,8.1,PT_LF_SUB (% of labour force),26.79,2024,,,higher=worse,OECD,
FR001,Paris,FR,composite,environment_score,Environment composite score,Environment,fua (composite),,score (0-100),30.57,,,,,derived (V1 approved composites),
FR001,Paris,FR,composite,mobility_score,Mobility composite score,Mobility,fua (composite),,score (0-100),45.62,,,,,derived (V1 approved composites),
FR001,Paris,FR,composite,economic_opportunity_score,Economic Opportunity composite score,Economic Opportunity,fua (composite),,score (0-100),32.4,,,,,derived (V1 approved composites),
FR001,Paris,FR,perception_dimension,perceived_safety,Perceived safety (safe walking at night after dark),Safety,city_core,64.8,"PC (sum of response-category shares, % of respondents)",32.5,2023,,,higher=better,Eurostat,FR001C
FR001,Paris,FR,perception_dimension,community,Trust / community (generalised trust),Community,city_core,48.8,"PC (sum of response-category shares, % of respondents)",18.75,2023,,,higher=better,Eurostat,FR001C
FR001,Paris,FR,perception_dimension,life_satisfaction,Life satisfaction (the life you lead),Life Balance,city_core,79.5,"PC (sum of response-category shares, % of respondents)",25.0,2023,,,higher=better,Eurostat,FR001C
FR001,Paris,FR,perception_dimension,housing_satisfaction,Housing satisfaction (easy to find good housing at a reasonable price),Housing,city_core,11.9,"PC (sum of response-category shares, % of respondents)",8.75,2023,,,higher=better,Eurostat,FR001C
FR001,Paris,FR,context,population,Population (total),Context,fua,13195545,PS (persons),,2022,,,neutral (context),OECD,
FR001,Paris,FR,context,commuting_public_transport,Commuting mode share - public transport,Mobility (context),fua,43.2,PT_WR (% of workers),,2022,,current,higher=better,OECD,
FR001,Paris,FR,context,commuting_bike,Commuting mode share - bicycle,Mobility (context),fua,4,PT_WR (% of workers),,2022,,current,higher=better,OECD,
FR001,Paris,FR,context,commuting_walk,Commuting mode share - walking,Mobility (context),fua,7.2,PT_WR (% of workers),,2022,,current,higher=better,OECD,
FR001,Paris,FR,context,commuting_car,Commuting mode share - car,Mobility (context),fua,42.9,PT_WR (% of workers),,2022,,current,higher=worse,OECD,
FR002,Lyon,FR,indicator,pm25,Mean PM2.5 population exposure,Environment,fua,28.988547762790766,MCG_M3 (ug/m3),49.48,2025,,,higher=worse,OECD,
FR002,Lyon,FR,indicator,green_area,Green area per inhabitant (urban centre),Environment,fua,84,M2_PS (m2/person),15.81,2021,,,higher=better,OECD,
FR002,Lyon,FR,indicator,public_transport_access,Population with access to public transport (15-minute walk),Mobility,fua,80.6,PT_POP (% population),13.66,2023,,,higher=better,OECD,
FR002,Lyon,FR,indicator,employment_rate,Employment rate (15-64),Economic Opportunity,fua,69.7,PT_POP_SUB (% of working-age population),42.07,2024,,,higher=better,OECD,
FR002,Lyon,FR,indicator,unemployment_rate,Unemployment rate (15-64),Economic Opportunity,fua,7,PT_LF_SUB (% of labour force),41.13,2024,,,higher=worse,OECD,
FR002,Lyon,FR,composite,environment_score,Environment composite score,Environment,fua (composite),,score (0-100),32.64,,,,,derived (V1 approved composites),
FR002,Lyon,FR,composite,mobility_score,Mobility composite score,Mobility,fua (composite),,score (0-100),13.66,,,,,derived (V1 approved composites),
FR002,Lyon,FR,composite,economic_opportunity_score,Economic Opportunity composite score,Economic Opportunity,fua (composite),,score (0-100),41.6,,,,,derived (V1 approved composites),
FR002,Lyon,FR,context,population,Population (total),Context,fua,2283325,PS (persons),,2022,,,neutral (context),OECD,
FR002,Lyon,FR,context,commuting_public_transport,Commuting mode share - public transport,Mobility (context),fua,22.5,PT_WR (% of workers),,2022,,current,higher=better,OECD,
FR002,Lyon,FR,context,commuting_bike,Commuting mode share - bicycle,Mobility (context),fua,5.4,PT_WR (% of workers),,2022,,current,higher=better,OECD,
FR002,Lyon,FR,context,commuting_walk,Commuting mode share - walking,Mobility (context),fua,7.4,PT_WR (% of workers),,2022,,current,higher=better,OECD,
FR002,Lyon,FR,context,commuting_car,Commuting mode share - car,Mobility (context),fua,63.3,PT_WR (% of workers),,2022,,current,higher=worse,OECD,
FR003,Lille,FR,indicator,pm25,Mean PM2.5 population exposure,Environment,fua,29.866156673973514,MCG_M3 (ug/m3),45.2,2025,,,higher=worse,OECD,
FR003,Lille,FR,indicator,green_area,Green area per inhabitant (urban centre),Environment,fua,99,M2_PS (m2/person),25.04,2021,,,higher=better,OECD,
FR003,Lille,FR,indicator,public_transport_access,Population with access to public transport (15-minute walk),Mobility,fua,79.1,PT_POP (% population),12.6,2023,,,higher=better,OECD,
FR003,Lille,FR,indicator,employment_rate,Employment rate (15-64),Economic Opportunity,fua,63.7,PT_POP_SUB (% of working-age population),19.37,2024,,,higher=better,OECD,
FR003,Lille,FR,indicator,unemployment_rate,Unemployment rate (15-64),Economic Opportunity,fua,8.9,PT_LF_SUB (% of labour force),20.38,2024,,,higher=worse,OECD,
FR003,Lille,FR,composite,environment_score,Environment composite score,Environment,fua (composite),,score (0-100),35.12,,,,,derived (V1 approved composites),
FR003,Lille,FR,composite,mobility_score,Mobility composite score,Mobility,fua (composite),,score (0-100),12.6,,,,,derived (V1 approved composites),
FR003,Lille,FR,composite,economic_opportunity_score,Economic Opportunity composite score,Economic Opportunity,fua (composite),,score (0-100),19.88,,,,,derived (V1 approved composites),
FR003,Lille,FR,perception_dimension,perceived_safety,Perceived safety (safe walking at night after dark),Safety,city_core,53.7,"PC (sum of response-category shares, % of respondents)",16.25,2023,,,higher=better,Eurostat,FR003C
FR003,Lille,FR,perception_dimension,community,Trust / community (generalised trust),Community,city_core,55.2,"PC (sum of response-category shares, % of respondents)",28.75,2023,,,higher=better,Eurostat,FR003C
FR003,Lille,FR,perception_dimension,life_satisfaction,Life satisfaction (the life you lead),Life Balance,city_core,81.6,"PC (sum of response-category shares, % of respondents)",31.25,2023,,,higher=better,Eurostat,FR003C
FR003,Lille,FR,perception_dimension,housing_satisfaction,Housing satisfaction (easy to find good housing at a reasonable price),Housing,city_core,30.2,"PC (sum of response-category shares, % of respondents)",52.5,2023,,,higher=better,Eurostat,FR003C
FR003,Lille,FR,context,population,Population (total),Context,fua,1584649,PS (persons),,2022,,,neutral (context),OECD,
FR003,Lille,FR,context,commuting_public_transport,Commuting mode share - public transport,Mobility (context),fua,16.4,PT_WR (% of workers),,2022,,current,higher=better,OECD,
FR003,Lille,FR,context,commuting_bike,Commuting mode share - bicycle,Mobility (context),fua,4,PT_WR (% of workers),,2022,,current,higher=better,OECD,
FR003,Lille,FR,context,commuting_walk,Commuting mode share - walking,Mobility (context),fua,5.9,PT_WR (% of workers),,2022,,current,higher=better,OECD,
FR003,Lille,FR,context,commuting_car,Commuting mode share - car,Mobility (context),fua,72.8,PT_WR (% of workers),,2022,,current,higher=worse,OECD,
FR004,Marseille,FR,indicator,pm25,Mean PM2.5 population exposure,Environment,fua,28.242497071915995,MCG_M3 (ug/m3),54.06,2025,,,higher=worse,OECD,
FR004,Marseille,FR,indicator,green_area,Green area per inhabitant (urban centre),Environment,fua,113,M2_PS (m2/person),31.86,2021,,,higher=better,OECD,
FR004,Marseille,FR,indicator,public_transport_access,Population with access to public transport (15-minute walk),Mobility,fua,68.2,PT_POP (% population),5.04,2023,,,higher=better,OECD,
FR004,Marseille,FR,indicator,employment_rate,Employment rate (15-64),Economic Opportunity,fua,64.3,PT_POP_SUB (% of working-age population),21.59,2024,,,higher=better,OECD,
FR004,Marseille,FR,indicator,unemployment_rate,Unemployment rate (15-64),Economic Opportunity,fua,6.9,PT_LF_SUB (% of labour force),43.4,2024,,,higher=worse,OECD,
FR004,Marseille,FR,composite,environment_score,Environment composite score,Environment,fua (composite),,score (0-100),42.96,,,,,derived (V1 approved composites),
FR004,Marseille,FR,composite,mobility_score,Mobility composite score,Mobility,fua (composite),,score (0-100),5.04,,,,,derived (V1 approved composites),
FR004,Marseille,FR,composite,economic_opportunity_score,Economic Opportunity composite score,Economic Opportunity,fua (composite),,score (0-100),32.49,,,,,derived (V1 approved composites),
FR004,Marseille,FR,perception_dimension,perceived_safety,Perceived safety (safe walking at night after dark),Safety,city_core,42.3,"PC (sum of response-category shares, % of respondents)",3.75,2023,,,higher=better,Eurostat,FR004C
FR004,Marseille,FR,perception_dimension,community,Trust / community (generalised trust),Community,city_core,41.1,"PC (sum of response-category shares, % of respondents)",8.75,2023,,,higher=better,Eurostat,FR004C
FR004,Marseille,FR,perception_dimension,life_satisfaction,Life satisfaction (the life you lead),Life Balance,city_core,82.3,"PC (sum of response-category shares, % of respondents)",36.25,2023,,,higher=better,Eurostat,FR004C
FR004,Marseille,FR,perception_dimension,housing_satisfaction,Housing satisfaction (easy to find good housing at a reasonable price),Housing,city_core,28.3,"PC (sum of response-category shares, % of respondents)",46.25,2023,,,higher=better,Eurostat,FR004C
FR004,Marseille,FR,context,population,Population (total),Context,fua,1762567,PS (persons),,2022,,,neutral (context),OECD,
FR004,Marseille,FR,context,commuting_public_transport,Commuting mode share - public transport,Mobility (context),fua,17.2,PT_WR (% of workers),,2022,,current,higher=better,OECD,
FR004,Marseille,FR,context,commuting_bike,Commuting mode share - bicycle,Mobility (context),fua,2.1,PT_WR (% of workers),,2022,,current,higher=better,OECD,
FR004,Marseille,FR,context,commuting_walk,Commuting mode share - walking,Mobility (context),fua,7.2,PT_WR (% of workers),,2022,,current,higher=better,OECD,
FR004,Marseille,FR,context,commuting_car,Commuting mode share - car,Mobility (context),fua,69.7,PT_WR (% of workers),,2022,,current,higher=worse,OECD,
FR005,Bordeaux,FR,indicator,pm25,Mean PM2.5 population exposure,Environment,fua,23.660565021745033,MCG_M3 (ug/m3),80.35,2025,,,higher=worse,OECD,
FR005,Bordeaux,FR,indicator,green_area,Green area per inhabitant (urban centre),Environment,fua,111,M2_PS (m2/person),30.82,2021,,,higher=better,OECD,
FR005,Bordeaux,FR,indicator,public_transport_access,Population with access to public transport (15-minute walk),Mobility,fua,,PT_POP (% population),,,,,higher=better,OECD,
FR005,Bordeaux,FR,indicator,employment_rate,Employment rate (15-64),Economic Opportunity,fua,69.8,PT_POP_SUB (% of working-age population),44.65,2024,,,higher=better,OECD,
FR005,Bordeaux,FR,indicator,unemployment_rate,Unemployment rate (15-64),Economic Opportunity,fua,6.4,PT_LF_SUB (% of labour force),49.25,2024,,,higher=worse,OECD,
FR005,Bordeaux,FR,composite,environment_score,Environment composite score,Environment,fua (composite),,score (0-100),55.58,,,,,derived (V1 approved composites),
FR005,Bordeaux,FR,composite,mobility_score,Mobility composite score,Mobility,fua (composite),,score (0-100),,,,,,derived (V1 approved composites),
FR005,Bordeaux,FR,composite,economic_opportunity_score,Economic Opportunity composite score,Economic Opportunity,fua (composite),,score (0-100),46.95,,,,,derived (V1 approved composites),
FR005,Bordeaux,FR,perception_dimension,perceived_safety,Perceived safety (safe walking at night after dark),Safety,city_core,65.1,"PC (sum of response-category shares, % of respondents)",33.75,2023,,,higher=better,Eurostat,FR005C
FR005,Bordeaux,FR,perception_dimension,community,Trust / community (generalised trust),Community,city_core,60.1,"PC (sum of response-category shares, % of respondents)",36.25,2023,,,higher=better,Eurostat,FR005C
FR005,Bordeaux,FR,perception_dimension,life_satisfaction,Life satisfaction (the life you lead),Life Balance,city_core,86.0,"PC (sum of response-category shares, % of respondents)",63.12,2023,,,higher=better,Eurostat,FR005C
FR005,Bordeaux,FR,perception_dimension,housing_satisfaction,Housing satisfaction (easy to find good housing at a reasonable price),Housing,city_core,23.4,"PC (sum of response-category shares, % of respondents)",35.0,2023,,,higher=better,Eurostat,FR005C
FR005,Bordeaux,FR,context,population,Population (total),Context,fua,1433276,PS (persons),,2022,,,neutral (context),OECD,
FR005,Bordeaux,FR,context,commuting_public_transport,Commuting mode share - public transport,Mobility (context),fua,14.1,PT_WR (% of workers),,2022,,current,higher=better,OECD,
FR005,Bordeaux,FR,context,commuting_bike,Commuting mode share - bicycle,Mobility (context),fua,7.2,PT_WR (% of workers),,2022,,current,higher=better,OECD,
FR005,Bordeaux,FR,context,commuting_walk,Commuting mode share - walking,Mobility (context),fua,4.5,PT_WR (% of workers),,2022,,current,higher=better,OECD,
FR005,Bordeaux,FR,context,commuting_car,Commuting mode share - car,Mobility (context),fua,72,PT_WR (% of workers),,2022,,current,higher=worse,OECD,
FR006,Toulouse,FR,indicator,pm25,Mean PM2.5 population exposure,Environment,fua,24.527106125834287,MCG_M3 (ug/m3),74.45,2025,,,higher=worse,OECD,
FR006,Toulouse,FR,indicator,green_area,Green area per inhabitant (urban centre),Environment,fua,131,M2_PS (m2/person),43.18,2021,,,higher=better,OECD,
FR006,Toulouse,FR,indicator,public_transport_access,Population with access to public transport (15-minute walk),Mobility,fua,67.3,PT_POP (% population),3.98,2023,,,higher=better,OECD,
FR006,Toulouse,FR,indicator,employment_rate,Employment rate (15-64),Economic Opportunity,fua,66.6,PT_POP_SUB (% of working-age population),27.86,2024,,,higher=better,OECD,
FR006,Toulouse,FR,indicator,unemployment_rate,Unemployment rate (15-64),Economic Opportunity,fua,7.6,PT_LF_SUB (% of labour force),31.32,2024,,,higher=worse,OECD,
FR006,Toulouse,FR,composite,environment_score,Environment composite score,Environment,fua (composite),,score (0-100),58.81,,,,,derived (V1 approved composites),
FR006,Toulouse,FR,composite,mobility_score,Mobility composite score,Mobility,fua (composite),,score (0-100),3.98,,,,,derived (V1 approved composites),
FR006,Toulouse,FR,composite,economic_opportunity_score,Economic Opportunity composite score,Economic Opportunity,fua (composite),,score (0-100),29.59,,,,,derived (V1 approved composites),
FR006,Toulouse,FR,context,population,Population (total),Context,fua,1505147,PS (persons),,2022,,,neutral (context),OECD,
FR006,Toulouse,FR,context,commuting_public_transport,Commuting mode share - public transport,Mobility (context),fua,14,PT_WR (% of workers),,2022,,current,higher=better,OECD,
FR006,Toulouse,FR,context,commuting_bike,Commuting mode share - bicycle,Mobility (context),fua,5.7,PT_WR (% of workers),,2022,,current,higher=better,OECD,
FR006,Toulouse,FR,context,commuting_walk,Commuting mode share - walking,Mobility (context),fua,4.5,PT_WR (% of workers),,2022,,current,higher=better,OECD,
FR006,Toulouse,FR,context,commuting_car,Commuting mode share - car,Mobility (context),fua,73.7,PT_WR (% of workers),,2022,,current,higher=worse,OECD,
FR007,Nantes,FR,indicator,pm25,Mean PM2.5 population exposure,Environment,fua,22.613817514454094,MCG_M3 (ug/m3),85.52,2025,,,higher=worse,OECD,
FR007,Nantes,FR,indicator,green_area,Green area per inhabitant (urban centre),Environment,fua,132,M2_PS (m2/person),43.82,2021,,,higher=better,OECD,
FR007,Nantes,FR,indicator,public_transport_access,Population with access to public transport (15-minute walk),Mobility,fua,80.7,PT_POP (% population),14.06,2023,,,higher=better,OECD,
FR007,Nantes,FR,indicator,employment_rate,Employment rate (15-64),Economic Opportunity,fua,70.8,PT_POP_SUB (% of working-age population),55.72,2024,,,higher=better,OECD,
FR007,Nantes,FR,indicator,unemployment_rate,Unemployment rate (15-64),Economic Opportunity,fua,6.3,PT_LF_SUB (% of labour force),52.64,2024,,,higher=worse,OECD,
FR007,Nantes,FR,composite,environment_score,Environment composite score,Environment,fua (composite),,score (0-100),64.67,,,,,derived (V1 approved composites),
FR007,Nantes,FR,composite,mobility_score,Mobility composite score,Mobility,fua (composite),,score (0-100),14.06,,,,,derived (V1 approved composites),
FR007,Nantes,FR,composite,economic_opportunity_score,Economic Opportunity composite score,Economic Opportunity,fua (composite),,score (0-100),54.18,,,,,derived (V1 approved composites),
FR007,Nantes,FR,context,population,Population (total),Context,fua,1039224,PS (persons),,2022,,,neutral (context),OECD,
FR007,Nantes,FR,context,commuting_public_transport,Commuting mode share - public transport,Mobility (context),fua,15.7,PT_WR (% of workers),,2022,,current,higher=better,OECD,
FR007,Nantes,FR,context,commuting_bike,Commuting mode share - bicycle,Mobility (context),fua,7,PT_WR (% of workers),,2022,,current,higher=better,OECD,
FR007,Nantes,FR,context,commuting_walk,Commuting mode share - walking,Mobility (context),fua,4.9,PT_WR (% of workers),,2022,,current,higher=better,OECD,
FR007,Nantes,FR,context,commuting_car,Commuting mode share - car,Mobility (context),fua,70.5,PT_WR (% of workers),,2022,,current,higher=worse,OECD,
FR008,Nice,FR,indicator,pm25,Mean PM2.5 population exposure,Environment,fua,30.759235358710264,MCG_M3 (ug/m3),41.06,2025,,,higher=worse,OECD,
FR008,Nice,FR,indicator,green_area,Green area per inhabitant (urban centre),Environment,fua,168,M2_PS (m2/person),66.53,2021,,,higher=better,OECD,
FR008,Nice,FR,indicator,public_transport_access,Population with access to public transport (15-minute walk),Mobility,fua,,PT_POP (% population),,,,,higher=better,OECD,
FR008,Nice,FR,indicator,employment_rate,Employment rate (15-64),Economic Opportunity,fua,64.3,PT_POP_SUB (% of working-age population),21.59,2024,,,higher=better,OECD,
FR008,Nice,FR,indicator,unemployment_rate,Unemployment rate (15-64),Economic Opportunity,fua,6.9,PT_LF_SUB (% of labour force),43.4,2024,,,higher=worse,OECD,
FR008,Nice,FR,composite,environment_score,Environment composite score,Environment,fua (composite),,score (0-100),53.8,,,,,derived (V1 approved composites),
FR008,Nice,FR,composite,mobility_score,Mobility composite score,Mobility,fua (composite),,score (0-100),,,,,,derived (V1 approved composites),
FR008,Nice,FR,composite,economic_opportunity_score,Economic Opportunity composite score,Economic Opportunity,fua (composite),,score (0-100),32.49,,,,,derived (V1 approved composites),
FR008,Nice,FR,context,population,Population (total),Context,fua,632341,PS (persons),,2022,,,neutral (context),OECD,
FR008,Nice,FR,context,commuting_public_transport,Commuting mode share - public transport,Mobility (context),fua,19.9,PT_WR (% of workers),,2022,,current,higher=better,OECD,
FR008,Nice,FR,context,commuting_bike,Commuting mode share - bicycle,Mobility (context),fua,2.5,PT_WR (% of workers),,2022,,current,higher=better,OECD,
FR008,Nice,FR,context,commuting_walk,Commuting mode share - walking,Mobility (context),fua,9.2,PT_WR (% of workers),,2022,,current,higher=better,OECD,
FR008,Nice,FR,context,commuting_car,Commuting mode share - car,Mobility (context),fua,61.5,PT_WR (% of workers),,2022,,current,higher=worse,OECD,
FR009,Strasbourg,FR,indicator,pm25,Mean PM2.5 population exposure,Environment,fua,32.62696468291454,MCG_M3 (ug/m3),34.86,2025,,,higher=worse,OECD,
FR009,Strasbourg,FR,indicator,green_area,Green area per inhabitant (urban centre),Environment,fua,112,M2_PS (m2/person),31.22,2021,,,higher=better,OECD,
FR009,Strasbourg,FR,indicator,public_transport_access,Population with access to public transport (15-minute walk),Mobility,fua,,PT_POP (% population),,,,,higher=better,OECD,
FR009,Strasbourg,FR,indicator,employment_rate,Employment rate (15-64),Economic Opportunity,fua,66.7,PT_POP_SUB (% of working-age population),29.89,2024,,,higher=better,OECD,
FR009,Strasbourg,FR,indicator,unemployment_rate,Unemployment rate (15-64),Economic Opportunity,fua,7.4,PT_LF_SUB (% of labour force),35.47,2024,,,higher=worse,OECD,
FR009,Strasbourg,FR,composite,environment_score,Environment composite score,Environment,fua (composite),,score (0-100),33.04,,,,,derived (V1 approved composites),
FR009,Strasbourg,FR,composite,mobility_score,Mobility composite score,Mobility,fua (composite),,score (0-100),,,,,,derived (V1 approved composites),
FR009,Strasbourg,FR,composite,economic_opportunity_score,Economic Opportunity composite score,Economic Opportunity,fua (composite),,score (0-100),32.68,,,,,derived (V1 approved composites),
FR009,Strasbourg,FR,perception_dimension,perceived_safety,Perceived safety (safe walking at night after dark),Safety,city_core,73.7,"PC (sum of response-category shares, % of respondents)",64.38,2023,,,higher=better,Eurostat,FR009C
FR009,Strasbourg,FR,perception_dimension,community,Trust / community (generalised trust),Community,city_core,69.8,"PC (sum of response-category shares, % of respondents)",67.5,2023,,,higher=better,Eurostat,FR009C
FR009,Strasbourg,FR,perception_dimension,life_satisfaction,Life satisfaction (the life you lead),Life Balance,city_core,90.9,"PC (sum of response-category shares, % of respondents)",95.62,2023,,,higher=better,Eurostat,FR009C
FR009,Strasbourg,FR,perception_dimension,housing_satisfaction,Housing satisfaction (easy to find good housing at a reasonable price),Housing,city_core,29.7,"PC (sum of response-category shares, % of respondents)",50.0,2023,,,higher=better,Eurostat,FR009C
FR009,Strasbourg,FR,context,population,Population (total),Context,fua,856123,PS (persons),,2022,,,neutral (context),OECD,
FR009,Strasbourg,FR,context,commuting_public_transport,Commuting mode share - public transport,Mobility (context),fua,16.6,PT_WR (% of workers),,2022,,current,higher=better,OECD,
FR009,Strasbourg,FR,context,commuting_bike,Commuting mode share - bicycle,Mobility (context),fua,10.3,PT_WR (% of workers),,2022,,current,higher=better,OECD,
FR009,Strasbourg,FR,context,commuting_walk,Commuting mode share - walking,Mobility (context),fua,6.1,PT_WR (% of workers),,2022,,current,higher=better,OECD,
FR009,Strasbourg,FR,context,commuting_car,Commuting mode share - car,Mobility (context),fua,66.1,PT_WR (% of workers),,2022,,current,higher=worse,OECD,
FR010,Rouen,FR,indicator,pm25,Mean PM2.5 population exposure,Environment,fua,26.72237875619311,MCG_M3 (ug/m3),63.07,2025,,,higher=worse,OECD,
FR010,Rouen,FR,indicator,green_area,Green area per inhabitant (urban centre),Environment,fua,158,M2_PS (m2/person),61.24,2021,,,higher=better,OECD,
FR010,Rouen,FR,indicator,public_transport_access,Population with access to public transport (15-minute walk),Mobility,fua,,PT_POP (% population),,,,,higher=better,OECD,
FR010,Rouen,FR,indicator,employment_rate,Employment rate (15-64),Economic Opportunity,fua,66.1,PT_POP_SUB (% of working-age population),25.46,2024,,,higher=better,OECD,
FR010,Rouen,FR,indicator,unemployment_rate,Unemployment rate (15-64),Economic Opportunity,fua,7.5,PT_LF_SUB (% of labour force),33.02,2024,,,higher=worse,OECD,
FR010,Rouen,FR,composite,environment_score,Environment composite score,Environment,fua (composite),,score (0-100),62.16,,,,,derived (V1 approved composites),
FR010,Rouen,FR,composite,mobility_score,Mobility composite score,Mobility,fua (composite),,score (0-100),,,,,,derived (V1 approved composites),
FR010,Rouen,FR,composite,economic_opportunity_score,Economic Opportunity composite score,Economic Opportunity,fua (composite),,score (0-100),29.24,,,,,derived (V1 approved composites),
FR010,Rouen,FR,context,population,Population (total),Context,fua,712776,PS (persons),,2022,,,neutral (context),OECD,
FR010,Rouen,FR,context,commuting_public_transport,Commuting mode share - public transport,Mobility (context),fua,13.3,PT_WR (% of workers),,2022,,current,higher=better,OECD,
FR010,Rouen,FR,context,commuting_bike,Commuting mode share - bicycle,Mobility (context),fua,2.3,PT_WR (% of workers),,2022,,current,higher=better,OECD,
FR010,Rouen,FR,context,commuting_walk,Commuting mode share - walking,Mobility (context),fua,6.2,PT_WR (% of workers),,2022,,current,higher=better,OECD,
FR010,Rouen,FR,context,commuting_car,Commuting mode share - car,Mobility (context),fua,77.1,PT_WR (% of workers),,2022,,current,higher=worse,OECD,
FR011,Montpellier,FR,indicator,pm25,Mean PM2.5 population exposure,Environment,fua,27.081029483166212,MCG_M3 (ug/m3),61.6,2025,,,higher=worse,OECD,
FR011,Montpellier,FR,indicator,green_area,Green area per inhabitant (urban centre),Environment,fua,90,M2_PS (m2/person),19.5,2021,,,higher=better,OECD,
FR011,Montpellier,FR,indicator,public_transport_access,Population with access to public transport (15-minute walk),Mobility,fua,,PT_POP (% population),,,,,higher=better,OECD,
FR011,Montpellier,FR,indicator,employment_rate,Employment rate (15-64),Economic Opportunity,fua,66.6,PT_POP_SUB (% of working-age population),27.86,2024,,,higher=better,OECD,
FR011,Montpellier,FR,indicator,unemployment_rate,Unemployment rate (15-64),Economic Opportunity,fua,7.6,PT_LF_SUB (% of labour force),31.32,2024,,,higher=worse,OECD,
FR011,Montpellier,FR,composite,environment_score,Environment composite score,Environment,fua (composite),,score (0-100),40.55,,,,,derived (V1 approved composites),
FR011,Montpellier,FR,composite,mobility_score,Mobility composite score,Mobility,fua (composite),,score (0-100),,,,,,derived (V1 approved composites),
FR011,Montpellier,FR,composite,economic_opportunity_score,Economic Opportunity composite score,Economic Opportunity,fua (composite),,score (0-100),29.59,,,,,derived (V1 approved composites),
FR011,Montpellier,FR,context,population,Population (total),Context,fua,807773,PS (persons),,2022,,,neutral (context),OECD,
FR011,Montpellier,FR,context,commuting_public_transport,Commuting mode share - public transport,Mobility (context),fua,11.7,PT_WR (% of workers),,2022,,current,higher=better,OECD,
FR011,Montpellier,FR,context,commuting_bike,Commuting mode share - bicycle,Mobility (context),fua,6.4,PT_WR (% of workers),,2022,,current,higher=better,OECD,
FR011,Montpellier,FR,context,commuting_walk,Commuting mode share - walking,Mobility (context),fua,6.3,PT_WR (% of workers),,2022,,current,higher=better,OECD,
FR011,Montpellier,FR,context,commuting_car,Commuting mode share - car,Mobility (context),fua,73,PT_WR (% of workers),,2022,,current,higher=worse,OECD,
FR012,Grenoble,FR,indicator,pm25,Mean PM2.5 population exposure,Environment,fua,28.473799330401846,MCG_M3 (ug/m3),51.55,2025,,,higher=worse,OECD,
FR012,Grenoble,FR,indicator,green_area,Green area per inhabitant (urban centre),Environment,fua,103,M2_PS (m2/person),26.65,2021,,,higher=better,OECD,
FR012,Grenoble,FR,indicator,public_transport_access,Population with access to public transport (15-minute walk),Mobility,fua,,PT_POP (% population),,,,,higher=better,OECD,
FR012,Grenoble,FR,indicator,employment_rate,Employment rate (15-64),Economic Opportunity,fua,69.7,PT_POP_SUB (% of working-age population),42.07,2024,,,higher=better,OECD,
FR012,Grenoble,FR,indicator,unemployment_rate,Unemployment rate (15-64),Economic Opportunity,fua,7,PT_LF_SUB (% of labour force),41.13,2024,,,higher=worse,OECD,
FR012,Grenoble,FR,composite,environment_score,Environment composite score,Environment,fua (composite),,score (0-100),39.1,,,,,derived (V1 approved composites),
FR012,Grenoble,FR,composite,mobility_score,Mobility composite score,Mobility,fua (composite),,score (0-100),,,,,,derived (V1 approved composites),
FR012,Grenoble,FR,composite,economic_opportunity_score,Economic Opportunity composite score,Economic Opportunity,fua (composite),,score (0-100),41.6,,,,,derived (V1 approved composites),
FR012,Grenoble,FR,context,population,Population (total),Context,fua,695286,PS (persons),,2022,,,neutral (context),OECD,
FR012,Grenoble,FR,context,commuting_public_transport,Commuting mode share - public transport,Mobility (context),fua,16.1,PT_WR (% of workers),,2022,,current,higher=better,OECD,
FR012,Grenoble,FR,context,commuting_bike,Commuting mode share - bicycle,Mobility (context),fua,9.8,PT_WR (% of workers),,2022,,current,higher=better,OECD,
FR012,Grenoble,FR,context,commuting_walk,Commuting mode share - walking,Mobility (context),fua,6.9,PT_WR (% of workers),,2022,,current,higher=better,OECD,
FR012,Grenoble,FR,context,commuting_car,Commuting mode share - car,Mobility (context),fua,66.2,PT_WR (% of workers),,2022,,current,higher=worse,OECD,
FR013,Tours,FR,indicator,pm25,Mean PM2.5 population exposure,Environment,fua,23.280368935005246,MCG_M3 (ug/m3),82.57,2025,,,higher=worse,OECD,
FR013,Tours,FR,indicator,green_area,Green area per inhabitant (urban centre),Environment,fua,142,M2_PS (m2/person),50.32,2021,,,higher=better,OECD,
FR013,Tours,FR,indicator,public_transport_access,Population with access to public transport (15-minute walk),Mobility,fua,62.7,PT_POP (% population),2.12,2023,,,higher=better,OECD,
FR013,Tours,FR,indicator,employment_rate,Employment rate (15-64),Economic Opportunity,fua,70.7,PT_POP_SUB (% of working-age population),54.61,2024,,,higher=better,OECD,
FR013,Tours,FR,indicator,unemployment_rate,Unemployment rate (15-64),Economic Opportunity,fua,5.7,PT_LF_SUB (% of labour force),59.62,2024,,,higher=worse,OECD,
FR013,Tours,FR,composite,environment_score,Environment composite score,Environment,fua (composite),,score (0-100),66.44,,,,,derived (V1 approved composites),
FR013,Tours,FR,composite,mobility_score,Mobility composite score,Mobility,fua (composite),,score (0-100),2.12,,,,,derived (V1 approved composites),
FR013,Tours,FR,composite,economic_opportunity_score,Economic Opportunity composite score,Economic Opportunity,fua (composite),,score (0-100),57.11,,,,,derived (V1 approved composites),
FR013,Tours,FR,context,population,Population (total),Context,fua,532835,PS (persons),,2022,,,neutral (context),OECD,
FR013,Tours,FR,context,commuting_public_transport,Commuting mode share - public transport,Mobility (context),fua,11.1,PT_WR (% of workers),,2022,,current,higher=better,OECD,
FR013,Tours,FR,context,commuting_bike,Commuting mode share - bicycle,Mobility (context),fua,4.4,PT_WR (% of workers),,2022,,current,higher=better,OECD,
FR013,Tours,FR,context,commuting_walk,Commuting mode share - walking,Mobility (context),fua,5.7,PT_WR (% of workers),,2022,,current,higher=better,OECD,
FR013,Tours,FR,context,commuting_car,Commuting mode share - car,Mobility (context),fua,77.4,PT_WR (% of workers),,2022,,current,higher=worse,OECD,
FR014,Cannes-Antibes,FR,indicator,pm25,Mean PM2.5 population exposure,Environment,fua,31.986835376704946,MCG_M3 (ug/m3),36.63,2025,,,higher=worse,OECD,
FR014,Cannes-Antibes,FR,indicator,green_area,Green area per inhabitant (urban centre),Environment,fua,208,M2_PS (m2/person),84.59,2021,,,higher=better,OECD,
FR014,Cannes-Antibes,FR,indicator,public_transport_access,Population with access to public transport (15-minute walk),Mobility,fua,91.1,PT_POP (% population),33.55,2023,,,higher=better,OECD,
FR014,Cannes-Antibes,FR,indicator,employment_rate,Employment rate (15-64),Economic Opportunity,fua,64.3,PT_POP_SUB (% of working-age population),21.59,2024,,,higher=better,OECD,
FR014,Cannes-Antibes,FR,indicator,unemployment_rate,Unemployment rate (15-64),Economic Opportunity,fua,6.9,PT_LF_SUB (% of labour force),43.4,2024,,,higher=worse,OECD,
FR014,Cannes-Antibes,FR,composite,environment_score,Environment composite score,Environment,fua (composite),,score (0-100),60.61,,,,,derived (V1 approved composites),
FR014,Cannes-Antibes,FR,composite,mobility_score,Mobility composite score,Mobility,fua (composite),,score (0-100),33.55,,,,,derived (V1 approved composites),
FR014,Cannes-Antibes,FR,composite,economic_opportunity_score,Economic Opportunity composite score,Economic Opportunity,fua (composite),,score (0-100),32.49,,,,,derived (V1 approved composites),
FR014,Cannes-Antibes,FR,context,population,Population (total),Context,fua,392833,PS (persons),,2022,,,neutral (context),OECD,
FR014,Cannes-Antibes,FR,context,commuting_public_transport,Commuting mode share - public transport,Mobility (context),fua,8.8,PT_WR (% of workers),,2022,,current,higher=better,OECD,
FR014,Cannes-Antibes,FR,context,commuting_bike,Commuting mode share - bicycle,Mobility (context),fua,1.9,PT_WR (% of workers),,2022,,current,higher=better,OECD,
FR014,Cannes-Antibes,FR,context,commuting_walk,Commuting mode share - walking,Mobility (context),fua,7.4,PT_WR (% of workers),,2022,,current,higher=better,OECD,
FR014,Cannes-Antibes,FR,context,commuting_car,Commuting mode share - car,Mobility (context),fua,76,PT_WR (% of workers),,2022,,current,higher=worse,OECD,
FR015,Toulon,FR,indicator,pm25,Mean PM2.5 population exposure,Environment,fua,27.789188692763826,MCG_M3 (ug/m3),57.31,2025,,,higher=worse,OECD,
FR015,Toulon,FR,indicator,green_area,Green area per inhabitant (urban centre),Environment,fua,206,M2_PS (m2/person),83.55,2021,,,higher=better,OECD,
FR015,Toulon,FR,indicator,public_transport_access,Population with access to public transport (15-minute walk),Mobility,fua,76.4,PT_POP (% population),9.55,2023,,,higher=better,OECD,
FR015,Toulon,FR,indicator,employment_rate,Employment rate (15-64),Economic Opportunity,fua,64.3,PT_POP_SUB (% of working-age population),21.59,2024,,,higher=better,OECD,
FR015,Toulon,FR,indicator,unemployment_rate,Unemployment rate (15-64),Economic Opportunity,fua,6.9,PT_LF_SUB (% of labour force),43.4,2024,,,higher=worse,OECD,
FR015,Toulon,FR,composite,environment_score,Environment composite score,Environment,fua (composite),,score (0-100),70.43,,,,,derived (V1 approved composites),
FR015,Toulon,FR,composite,mobility_score,Mobility composite score,Mobility,fua (composite),,score (0-100),9.55,,,,,derived (V1 approved composites),
FR015,Toulon,FR,composite,economic_opportunity_score,Economic Opportunity composite score,Economic Opportunity,fua (composite),,score (0-100),32.49,,,,,derived (V1 approved composites),
FR015,Toulon,FR,context,population,Population (total),Context,fua,590375,PS (persons),,2022,,,neutral (context),OECD,
FR015,Toulon,FR,context,commuting_public_transport,Commuting mode share - public transport,Mobility (context),fua,8.8,PT_WR (% of workers),,2022,,current,higher=better,OECD,
FR015,Toulon,FR,context,commuting_bike,Commuting mode share - bicycle,Mobility (context),fua,3.2,PT_WR (% of workers),,2022,,current,higher=better,OECD,
FR015,Toulon,FR,context,commuting_walk,Commuting mode share - walking,Mobility (context),fua,7.1,PT_WR (% of workers),,2022,,current,higher=better,OECD,
FR015,Toulon,FR,context,commuting_car,Commuting mode share - car,Mobility (context),fua,76.6,PT_WR (% of workers),,2022,,current,higher=worse,OECD,
FR016,Rennes,FR,indicator,pm25,Mean PM2.5 population exposure,Environment,fua,24.621414419315435,MCG_M3 (ug/m3),73.26,2025,,,higher=worse,OECD,
FR016,Rennes,FR,indicator,green_area,Green area per inhabitant (urban centre),Environment,fua,115,M2_PS (m2/person),32.5,2021,,,higher=better,OECD,
FR016,Rennes,FR,indicator,public_transport_access,Population with access to public transport (15-minute walk),Mobility,fua,72.1,PT_POP (% population),7.69,2023,,,higher=better,OECD,
FR016,Rennes,FR,indicator,employment_rate,Employment rate (15-64),Economic Opportunity,fua,71.6,PT_POP_SUB (% of working-age population),59.23,2024,,,higher=better,OECD,
FR016,Rennes,FR,indicator,unemployment_rate,Unemployment rate (15-64),Economic Opportunity,fua,5.7,PT_LF_SUB (% of labour force),59.62,2024,,,higher=worse,OECD,
FR016,Rennes,FR,composite,environment_score,Environment composite score,Environment,fua (composite),,score (0-100),52.88,,,,,derived (V1 approved composites),
FR016,Rennes,FR,composite,mobility_score,Mobility composite score,Mobility,fua (composite),,score (0-100),7.69,,,,,derived (V1 approved composites),
FR016,Rennes,FR,composite,economic_opportunity_score,Economic Opportunity composite score,Economic Opportunity,fua (composite),,score (0-100),59.42,,,,,derived (V1 approved composites),
FR016,Rennes,FR,perception_dimension,perceived_safety,Perceived safety (safe walking at night after dark),Safety,city_core,68.8,"PC (sum of response-category shares, % of respondents)",46.25,2023,,,higher=better,Eurostat,FR016C
FR016,Rennes,FR,perception_dimension,community,Trust / community (generalised trust),Community,city_core,66.1,"PC (sum of response-category shares, % of respondents)",56.88,2023,,,higher=better,Eurostat,FR016C
FR016,Rennes,FR,perception_dimension,life_satisfaction,Life satisfaction (the life you lead),Life Balance,city_core,86.1,"PC (sum of response-category shares, % of respondents)",65.62,2023,,,higher=better,Eurostat,FR016C
FR016,Rennes,FR,perception_dimension,housing_satisfaction,Housing satisfaction (easy to find good housing at a reasonable price),Housing,city_core,42.2,"PC (sum of response-category shares, % of respondents)",79.38,2023,,,higher=better,Eurostat,FR016C
FR016,Rennes,FR,context,population,Population (total),Context,fua,787473,PS (persons),,2022,,,neutral (context),OECD,
FR016,Rennes,FR,context,commuting_public_transport,Commuting mode share - public transport,Mobility (context),fua,13.8,PT_WR (% of workers),,2022,,current,higher=better,OECD,
FR016,Rennes,FR,context,commuting_bike,Commuting mode share - bicycle,Mobility (context),fua,5.6,PT_WR (% of workers),,2022,,current,higher=better,OECD,
FR016,Rennes,FR,context,commuting_walk,Commuting mode share - walking,Mobility (context),fua,5.4,PT_WR (% of workers),,2022,,current,higher=better,OECD,
FR016,Rennes,FR,context,commuting_car,Commuting mode share - car,Mobility (context),fua,74,PT_WR (% of workers),,2022,,current,higher=worse,OECD,
FR017,Reims,FR,indicator,pm25,Mean PM2.5 population exposure,Environment,fua,25.05009342946054,MCG_M3 (ug/m3),71.49,2025,,,higher=worse,OECD,
FR017,Reims,FR,indicator,green_area,Green area per inhabitant (urban centre),Environment,fua,93,M2_PS (m2/person),21.11,2021,,,higher=better,OECD,
FR017,Reims,FR,indicator,public_transport_access,Population with access to public transport (15-minute walk),Mobility,fua,,PT_POP (% population),,,,,higher=better,OECD,
FR017,Reims,FR,indicator,employment_rate,Employment rate (15-64),Economic Opportunity,fua,66.7,PT_POP_SUB (% of working-age population),29.89,2024,,,higher=better,OECD,
FR017,Reims,FR,indicator,unemployment_rate,Unemployment rate (15-64),Economic Opportunity,fua,7.4,PT_LF_SUB (% of labour force),35.47,2024,,,higher=worse,OECD,
FR017,Reims,FR,composite,environment_score,Environment composite score,Environment,fua (composite),,score (0-100),46.3,,,,,derived (V1 approved composites),
FR017,Reims,FR,composite,mobility_score,Mobility composite score,Mobility,fua (composite),,score (0-100),,,,,,derived (V1 approved composites),
FR017,Reims,FR,composite,economic_opportunity_score,Economic Opportunity composite score,Economic Opportunity,fua (composite),,score (0-100),32.68,,,,,derived (V1 approved composites),
FR017,Reims,FR,context,population,Population (total),Context,fua,359088,PS (persons),,2022,,,neutral (context),OECD,
FR017,Reims,FR,context,commuting_public_transport,Commuting mode share - public transport,Mobility (context),fua,10,PT_WR (% of workers),,2022,,current,higher=better,OECD,
FR017,Reims,FR,context,commuting_bike,Commuting mode share - bicycle,Mobility (context),fua,3.1,PT_WR (% of workers),,2022,,current,higher=better,OECD,
FR017,Reims,FR,context,commuting_walk,Commuting mode share - walking,Mobility (context),fua,7.9,PT_WR (% of workers),,2022,,current,higher=better,OECD,
FR017,Reims,FR,context,commuting_car,Commuting mode share - car,Mobility (context),fua,78.1,PT_WR (% of workers),,2022,,current,higher=worse,OECD,
FR018,Orléans,FR,indicator,pm25,Mean PM2.5 population exposure,Environment,fua,24.283335127932144,MCG_M3 (ug/m3),76.37,2025,,,higher=worse,OECD,
FR018,Orléans,FR,indicator,green_area,Green area per inhabitant (urban centre),Environment,fua,145,M2_PS (m2/person),52.65,2021,,,higher=better,OECD,
FR018,Orléans,FR,indicator,public_transport_access,Population with access to public transport (15-minute walk),Mobility,fua,,PT_POP (% population),,,,,higher=better,OECD,
FR018,Orléans,FR,indicator,employment_rate,Employment rate (15-64),Economic Opportunity,fua,70.7,PT_POP_SUB (% of working-age population),54.61,2024,,,higher=better,OECD,
FR018,Orléans,FR,indicator,unemployment_rate,Unemployment rate (15-64),Economic Opportunity,fua,5.7,PT_LF_SUB (% of labour force),59.62,2024,,,higher=worse,OECD,
FR018,Orléans,FR,composite,environment_score,Environment composite score,Environment,fua (composite),,score (0-100),64.51,,,,,derived (V1 approved composites),
FR018,Orléans,FR,composite,mobility_score,Mobility composite score,Mobility,fua (composite),,score (0-100),,,,,,derived (V1 approved composites),
FR018,Orléans,FR,composite,economic_opportunity_score,Economic Opportunity composite score,Economic Opportunity,fua (composite),,score (0-100),57.11,,,,,derived (V1 approved composites),
FR018,Orléans,FR,context,population,Population (total),Context,fua,460103,PS (persons),,2022,,,neutral (context),OECD,
FR018,Orléans,FR,context,commuting_public_transport,Commuting mode share - public transport,Mobility (context),fua,11.6,PT_WR (% of workers),,2022,,current,higher=better,OECD,
FR018,Orléans,FR,context,commuting_bike,Commuting mode share - bicycle,Mobility (context),fua,3.9,PT_WR (% of workers),,2022,,current,higher=better,OECD,
FR018,Orléans,FR,context,commuting_walk,Commuting mode share - walking,Mobility (context),fua,5.6,PT_WR (% of workers),,2022,,current,higher=better,OECD,
FR018,Orléans,FR,context,commuting_car,Commuting mode share - car,Mobility (context),fua,77.7,PT_WR (% of workers),,2022,,current,higher=worse,OECD,
FR019,Nancy,FR,indicator,pm25,Mean PM2.5 population exposure,Environment,fua,26.04242707653039,MCG_M3 (ug/m3),66.91,2025,,,higher=worse,OECD,
FR019,Nancy,FR,indicator,green_area,Green area per inhabitant (urban centre),Environment,fua,107,M2_PS (m2/person),29.05,2021,,,higher=better,OECD,
FR019,Nancy,FR,indicator,public_transport_access,Population with access to public transport (15-minute walk),Mobility,fua,,PT_POP (% population),,,,,higher=better,OECD,
FR019,Nancy,FR,indicator,employment_rate,Employment rate (15-64),Economic Opportunity,fua,66.7,PT_POP_SUB (% of working-age population),29.89,2024,,,higher=better,OECD,
FR019,Nancy,FR,indicator,unemployment_rate,Unemployment rate (15-64),Economic Opportunity,fua,7.4,PT_LF_SUB (% of labour force),35.47,2024,,,higher=worse,OECD,
FR019,Nancy,FR,composite,environment_score,Environment composite score,Environment,fua (composite),,score (0-100),47.98,,,,,derived (V1 approved composites),
FR019,Nancy,FR,composite,mobility_score,Mobility composite score,Mobility,fua (composite),,score (0-100),,,,,,derived (V1 approved composites),
FR019,Nancy,FR,composite,economic_opportunity_score,Economic Opportunity composite score,Economic Opportunity,fua (composite),,score (0-100),32.68,,,,,derived (V1 approved composites),
FR019,Nancy,FR,context,population,Population (total),Context,fua,510946,PS (persons),,2022,,,neutral (context),OECD,
FR019,Nancy,FR,context,commuting_public_transport,Commuting mode share - public transport,Mobility (context),fua,11.4,PT_WR (% of workers),,2022,,current,higher=better,OECD,
FR019,Nancy,FR,context,commuting_bike,Commuting mode share - bicycle,Mobility (context),fua,2.9,PT_WR (% of workers),,2022,,current,higher=better,OECD,
FR019,Nancy,FR,context,commuting_walk,Commuting mode share - walking,Mobility (context),fua,8.4,PT_WR (% of workers),,2022,,current,higher=better,OECD,
FR019,Nancy,FR,context,commuting_car,Commuting mode share - car,Mobility (context),fua,76.4,PT_WR (% of workers),,2022,,current,higher=worse,OECD,
FR020,Dijon,FR,indicator,pm25,Mean PM2.5 population exposure,Environment,fua,22.88180056646814,MCG_M3 (ug/m3),83.9,2025,,,higher=worse,OECD,
FR020,Dijon,FR,indicator,green_area,Green area per inhabitant (urban centre),Environment,fua,92,M2_PS (m2/person),20.47,2021,,,higher=better,OECD,
FR020,Dijon,FR,indicator,public_transport_access,Population with access to public transport (15-minute walk),Mobility,fua,,PT_POP (% population),,,,,higher=better,OECD,
FR020,Dijon,FR,indicator,employment_rate,Employment rate (15-64),Economic Opportunity,fua,67.8,PT_POP_SUB (% of working-age population),33.21,2024,,,higher=better,OECD,
FR020,Dijon,FR,indicator,unemployment_rate,Unemployment rate (15-64),Economic Opportunity,fua,6.2,PT_LF_SUB (% of labour force),54.91,2024,,,higher=worse,OECD,
FR020,Dijon,FR,composite,environment_score,Environment composite score,Environment,fua (composite),,score (0-100),52.19,,,,,derived (V1 approved composites),
FR020,Dijon,FR,composite,mobility_score,Mobility composite score,Mobility,fua (composite),,score (0-100),,,,,,derived (V1 approved composites),
FR020,Dijon,FR,composite,economic_opportunity_score,Economic Opportunity composite score,Economic Opportunity,fua (composite),,score (0-100),44.06,,,,,derived (V1 approved composites),
FR020,Dijon,FR,context,population,Population (total),Context,fua,411778,PS (persons),,2022,,,neutral (context),OECD,
FR020,Dijon,FR,context,commuting_public_transport,Commuting mode share - public transport,Mobility (context),fua,13.7,PT_WR (% of workers),,2022,,current,higher=better,OECD,
FR020,Dijon,FR,context,commuting_bike,Commuting mode share - bicycle,Mobility (context),fua,4.8,PT_WR (% of workers),,2022,,current,higher=better,OECD,
FR020,Dijon,FR,context,commuting_walk,Commuting mode share - walking,Mobility (context),fua,7.8,PT_WR (% of workers),,2022,,current,higher=better,OECD,
FR020,Dijon,FR,context,commuting_car,Commuting mode share - car,Mobility (context),fua,72.8,PT_WR (% of workers),,2022,,current,higher=worse,OECD,
FR021,Clermont-Ferrand,FR,indicator,pm25,Mean PM2.5 population exposure,Environment,fua,23.45185008617904,MCG_M3 (ug/m3),81.54,2025,,,higher=worse,OECD,
FR021,Clermont-Ferrand,FR,indicator,green_area,Green area per inhabitant (urban centre),Environment,fua,110,M2_PS (m2/person),30.5,2021,,,higher=better,OECD,
FR021,Clermont-Ferrand,FR,indicator,public_transport_access,Population with access to public transport (15-minute walk),Mobility,fua,,PT_POP (% population),,,,,higher=better,OECD,
FR021,Clermont-Ferrand,FR,indicator,employment_rate,Employment rate (15-64),Economic Opportunity,fua,69.7,PT_POP_SUB (% of working-age population),42.07,2024,,,higher=better,OECD,
FR021,Clermont-Ferrand,FR,indicator,unemployment_rate,Unemployment rate (15-64),Economic Opportunity,fua,7,PT_LF_SUB (% of labour force),41.13,2024,,,higher=worse,OECD,
FR021,Clermont-Ferrand,FR,composite,environment_score,Environment composite score,Environment,fua (composite),,score (0-100),56.02,,,,,derived (V1 approved composites),
FR021,Clermont-Ferrand,FR,composite,mobility_score,Mobility composite score,Mobility,fua (composite),,score (0-100),,,,,,derived (V1 approved composites),
FR021,Clermont-Ferrand,FR,composite,economic_opportunity_score,Economic Opportunity composite score,Economic Opportunity,fua (composite),,score (0-100),41.6,,,,,derived (V1 approved composites),
FR021,Clermont-Ferrand,FR,context,population,Population (total),Context,fua,516400,PS (persons),,2022,,,neutral (context),OECD,
FR021,Clermont-Ferrand,FR,context,commuting_public_transport,Commuting mode share - public transport,Mobility (context),fua,8.1,PT_WR (% of workers),,2022,,current,higher=better,OECD,
FR021,Clermont-Ferrand,FR,context,commuting_bike,Commuting mode share - bicycle,Mobility (context),fua,2.6,PT_WR (% of workers),,2022,,current,higher=better,OECD,
FR021,Clermont-Ferrand,FR,context,commuting_walk,Commuting mode share - walking,Mobility (context),fua,7.2,PT_WR (% of workers),,2022,,current,higher=better,OECD,
FR021,Clermont-Ferrand,FR,context,commuting_car,Commuting mode share - car,Mobility (context),fua,80.9,PT_WR (% of workers),,2022,,current,higher=worse,OECD,
FR022,Le Havre,FR,indicator,pm25,Mean PM2.5 population exposure,Environment,fua,26.672274769392306,MCG_M3 (ug/m3),63.66,2025,,,higher=worse,OECD,
FR022,Le Havre,FR,indicator,green_area,Green area per inhabitant (urban centre),Environment,fua,152,M2_PS (m2/person),57.38,2021,,,higher=better,OECD,
FR022,Le Havre,FR,indicator,public_transport_access,Population with access to public transport (15-minute walk),Mobility,fua,,PT_POP (% population),,,,,higher=better,OECD,
FR022,Le Havre,FR,indicator,employment_rate,Employment rate (15-64),Economic Opportunity,fua,66.1,PT_POP_SUB (% of working-age population),25.46,2024,,,higher=better,OECD,
FR022,Le Havre,FR,indicator,unemployment_rate,Unemployment rate (15-64),Economic Opportunity,fua,7.5,PT_LF_SUB (% of labour force),33.02,2024,,,higher=worse,OECD,
FR022,Le Havre,FR,composite,environment_score,Environment composite score,Environment,fua (composite),,score (0-100),60.52,,,,,derived (V1 approved composites),
FR022,Le Havre,FR,composite,mobility_score,Mobility composite score,Mobility,fua (composite),,score (0-100),,,,,,derived (V1 approved composites),
FR022,Le Havre,FR,composite,economic_opportunity_score,Economic Opportunity composite score,Economic Opportunity,fua (composite),,score (0-100),29.24,,,,,derived (V1 approved composites),
FR022,Le Havre,FR,context,population,Population (total),Context,fua,345582,PS (persons),,2022,,,neutral (context),OECD,
FR022,Le Havre,FR,context,commuting_public_transport,Commuting mode share - public transport,Mobility (context),fua,10.4,PT_WR (% of workers),,2022,,current,higher=better,OECD,
FR022,Le Havre,FR,context,commuting_bike,Commuting mode share - bicycle,Mobility (context),fua,2.3,PT_WR (% of workers),,2022,,current,higher=better,OECD,
FR022,Le Havre,FR,context,commuting_walk,Commuting mode share - walking,Mobility (context),fua,6.7,PT_WR (% of workers),,2022,,current,higher=better,OECD,
FR022,Le Havre,FR,context,commuting_car,Commuting mode share - car,Mobility (context),fua,79.2,PT_WR (% of workers),,2022,,current,higher=worse,OECD,
FR023,Saint-Étienne,FR,indicator,pm25,Mean PM2.5 population exposure,Environment,fua,27.037083910087212,MCG_M3 (ug/m3),61.74,2025,,,higher=worse,OECD,
FR023,Saint-Étienne,FR,indicator,green_area,Green area per inhabitant (urban centre),Environment,fua,121,M2_PS (m2/person),35.96,2021,,,higher=better,OECD,
FR023,Saint-Étienne,FR,indicator,public_transport_access,Population with access to public transport (15-minute walk),Mobility,fua,,PT_POP (% population),,,,,higher=better,OECD,
FR023,Saint-Étienne,FR,indicator,employment_rate,Employment rate (15-64),Economic Opportunity,fua,69.7,PT_POP_SUB (% of working-age population),42.07,2024,,,higher=better,OECD,
FR023,Saint-Étienne,FR,indicator,unemployment_rate,Unemployment rate (15-64),Economic Opportunity,fua,7,PT_LF_SUB (% of labour force),41.13,2024,,,higher=worse,OECD,
FR023,Saint-Étienne,FR,composite,environment_score,Environment composite score,Environment,fua (composite),,score (0-100),48.85,,,,,derived (V1 approved composites),
FR023,Saint-Étienne,FR,composite,mobility_score,Mobility composite score,Mobility,fua (composite),,score (0-100),,,,,,derived (V1 approved composites),
FR023,Saint-Étienne,FR,composite,economic_opportunity_score,Economic Opportunity composite score,Economic Opportunity,fua (composite),,score (0-100),41.6,,,,,derived (V1 approved composites),
FR023,Saint-Étienne,FR,context,population,Population (total),Context,fua,505931,PS (persons),,2022,,,neutral (context),OECD,
FR023,Saint-Étienne,FR,context,commuting_public_transport,Commuting mode share - public transport,Mobility (context),fua,10.8,PT_WR (% of workers),,2022,,current,higher=better,OECD,
FR023,Saint-Étienne,FR,context,commuting_bike,Commuting mode share - bicycle,Mobility (context),fua,1.5,PT_WR (% of workers),,2022,,current,higher=better,OECD,
FR023,Saint-Étienne,FR,context,commuting_walk,Commuting mode share - walking,Mobility (context),fua,6.9,PT_WR (% of workers),,2022,,current,higher=better,OECD,
FR023,Saint-Étienne,FR,context,commuting_car,Commuting mode share - car,Mobility (context),fua,80.2,PT_WR (% of workers),,2022,,current,higher=worse,OECD,
FR024,Angers,FR,indicator,pm25,Mean PM2.5 population exposure,Environment,fua,24.747676409584805,MCG_M3 (ug/m3),72.97,2025,,,higher=worse,OECD,
FR024,Angers,FR,indicator,green_area,Green area per inhabitant (urban centre),Environment,fua,159,M2_PS (m2/person),62.12,2021,,,higher=better,OECD,
FR024,Angers,FR,indicator,public_transport_access,Population with access to public transport (15-minute walk),Mobility,fua,,PT_POP (% population),,,,,higher=better,OECD,
FR024,Angers,FR,indicator,employment_rate,Employment rate (15-64),Economic Opportunity,fua,70.8,PT_POP_SUB (% of working-age population),55.72,2024,,,higher=better,OECD,
FR024,Angers,FR,indicator,unemployment_rate,Unemployment rate (15-64),Economic Opportunity,fua,6.3,PT_LF_SUB (% of labour force),52.64,2024,,,higher=worse,OECD,
FR024,Angers,FR,composite,environment_score,Environment composite score,Environment,fua (composite),,score (0-100),67.55,,,,,derived (V1 approved composites),
FR024,Angers,FR,composite,mobility_score,Mobility composite score,Mobility,fua (composite),,score (0-100),,,,,,derived (V1 approved composites),
FR024,Angers,FR,composite,economic_opportunity_score,Economic Opportunity composite score,Economic Opportunity,fua (composite),,score (0-100),54.18,,,,,derived (V1 approved composites),
FR024,Angers,FR,context,population,Population (total),Context,fua,451621,PS (persons),,2022,,,neutral (context),OECD,
FR024,Angers,FR,context,commuting_public_transport,Commuting mode share - public transport,Mobility (context),fua,8.9,PT_WR (% of workers),,2022,,current,higher=better,OECD,
FR024,Angers,FR,context,commuting_bike,Commuting mode share - bicycle,Mobility (context),fua,5.5,PT_WR (% of workers),,2022,,current,higher=better,OECD,
FR024,Angers,FR,context,commuting_walk,Commuting mode share - walking,Mobility (context),fua,6.1,PT_WR (% of workers),,2022,,current,higher=better,OECD,
FR024,Angers,FR,context,commuting_car,Commuting mode share - car,Mobility (context),fua,77.9,PT_WR (% of workers),,2022,,current,higher=worse,OECD,
FR025,Mulhouse,FR,indicator,pm25,Mean PM2.5 population exposure,Environment,fua,32.65502342189176,MCG_M3 (ug/m3),34.71,2025,,,higher=worse,OECD,
FR025,Mulhouse,FR,indicator,green_area,Green area per inhabitant (urban centre),Environment,fua,140,M2_PS (m2/person),48.96,2021,,,higher=better,OECD,
FR025,Mulhouse,FR,indicator,public_transport_access,Population with access to public transport (15-minute walk),Mobility,fua,,PT_POP (% population),,,,,higher=better,OECD,
FR025,Mulhouse,FR,indicator,employment_rate,Employment rate (15-64),Economic Opportunity,fua,66.7,PT_POP_SUB (% of working-age population),29.89,2024,,,higher=better,OECD,
FR025,Mulhouse,FR,indicator,unemployment_rate,Unemployment rate (15-64),Economic Opportunity,fua,7.4,PT_LF_SUB (% of labour force),35.47,2024,,,higher=worse,OECD,
FR025,Mulhouse,FR,composite,environment_score,Environment composite score,Environment,fua (composite),,score (0-100),41.84,,,,,derived (V1 approved composites),
FR025,Mulhouse,FR,composite,mobility_score,Mobility composite score,Mobility,fua (composite),,score (0-100),,,,,,derived (V1 approved composites),
FR025,Mulhouse,FR,composite,economic_opportunity_score,Economic Opportunity composite score,Economic Opportunity,fua (composite),,score (0-100),32.68,,,,,derived (V1 approved composites),
FR025,Mulhouse,FR,context,population,Population (total),Context,fua,395432,PS (persons),,2022,,,neutral (context),OECD,
FR025,Mulhouse,FR,context,commuting_public_transport,Commuting mode share - public transport,Mobility (context),fua,8.5,PT_WR (% of workers),,2022,,current,higher=better,OECD,
FR025,Mulhouse,FR,context,commuting_bike,Commuting mode share - bicycle,Mobility (context),fua,2.8,PT_WR (% of workers),,2022,,current,higher=better,OECD,
FR025,Mulhouse,FR,context,commuting_walk,Commuting mode share - walking,Mobility (context),fua,5.4,PT_WR (% of workers),,2022,,current,higher=better,OECD,
FR025,Mulhouse,FR,context,commuting_car,Commuting mode share - car,Mobility (context),fua,82.6,PT_WR (% of workers),,2022,,current,higher=worse,OECD,
FR026,Lens,FR,indicator,pm25,Mean PM2.5 population exposure,Environment,fua,30.54984754506751,MCG_M3 (ug/m3),42.54,2025,,,higher=worse,OECD,
FR026,Lens,FR,indicator,green_area,Green area per inhabitant (urban centre),Environment,fua,242,M2_PS (m2/person),93.9,2021,,,higher=better,OECD,
FR026,Lens,FR,indicator,public_transport_access,Population with access to public transport (15-minute walk),Mobility,fua,,PT_POP (% population),,,,,higher=better,OECD,
FR026,Lens,FR,indicator,employment_rate,Employment rate (15-64),Economic Opportunity,fua,63.7,PT_POP_SUB (% of working-age population),19.37,2024,,,higher=better,OECD,
FR026,Lens,FR,indicator,unemployment_rate,Unemployment rate (15-64),Economic Opportunity,fua,8.9,PT_LF_SUB (% of labour force),20.38,2024,,,higher=worse,OECD,
FR026,Lens,FR,composite,environment_score,Environment composite score,Environment,fua (composite),,score (0-100),68.22,,,,,derived (V1 approved composites),
FR026,Lens,FR,composite,mobility_score,Mobility composite score,Mobility,fua (composite),,score (0-100),,,,,,derived (V1 approved composites),
FR026,Lens,FR,composite,economic_opportunity_score,Economic Opportunity composite score,Economic Opportunity,fua (composite),,score (0-100),19.88,,,,,derived (V1 approved composites),
FR026,Lens,FR,context,population,Population (total),Context,fua,302205,PS (persons),,2022,,,neutral (context),OECD,
FR026,Lens,FR,context,commuting_public_transport,Commuting mode share - public transport,Mobility (context),fua,5.4,PT_WR (% of workers),,2022,,current,higher=better,OECD,
FR026,Lens,FR,context,commuting_bike,Commuting mode share - bicycle,Mobility (context),fua,1.5,PT_WR (% of workers),,2022,,current,higher=better,OECD,
FR026,Lens,FR,context,commuting_walk,Commuting mode share - walking,Mobility (context),fua,4.3,PT_WR (% of workers),,2022,,current,higher=better,OECD,
FR026,Lens,FR,context,commuting_car,Commuting mode share - car,Mobility (context),fua,87.6,PT_WR (% of workers),,2022,,current,higher=worse,OECD,
FR027,Metz,FR,indicator,pm25,Mean PM2.5 population exposure,Environment,fua,27.572508146095007,MCG_M3 (ug/m3),58.79,2025,,,higher=worse,OECD,
FR027,Metz,FR,indicator,green_area,Green area per inhabitant (urban centre),Environment,fua,156,M2_PS (m2/person),59.87,2021,,,higher=better,OECD,
FR027,Metz,FR,indicator,public_transport_access,Population with access to public transport (15-minute walk),Mobility,fua,,PT_POP (% population),,,,,higher=better,OECD,
FR027,Metz,FR,indicator,employment_rate,Employment rate (15-64),Economic Opportunity,fua,66.7,PT_POP_SUB (% of working-age population),29.89,2024,,,higher=better,OECD,
FR027,Metz,FR,indicator,unemployment_rate,Unemployment rate (15-64),Economic Opportunity,fua,7.4,PT_LF_SUB (% of labour force),35.47,2024,,,higher=worse,OECD,
FR027,Metz,FR,composite,environment_score,Environment composite score,Environment,fua (composite),,score (0-100),59.33,,,,,derived (V1 approved composites),
FR027,Metz,FR,composite,mobility_score,Mobility composite score,Mobility,fua (composite),,score (0-100),,,,,,derived (V1 approved composites),
FR027,Metz,FR,composite,economic_opportunity_score,Economic Opportunity composite score,Economic Opportunity,fua (composite),,score (0-100),32.68,,,,,derived (V1 approved composites),
FR027,Metz,FR,context,population,Population (total),Context,fua,374909,PS (persons),,2022,,,neutral (context),OECD,
FR027,Metz,FR,context,commuting_public_transport,Commuting mode share - public transport,Mobility (context),fua,13,PT_WR (% of workers),,2022,,current,higher=better,OECD,
FR027,Metz,FR,context,commuting_bike,Commuting mode share - bicycle,Mobility (context),fua,2,PT_WR (% of workers),,2022,,current,higher=better,OECD,
FR027,Metz,FR,context,commuting_walk,Commuting mode share - walking,Mobility (context),fua,6.6,PT_WR (% of workers),,2022,,current,higher=better,OECD,
FR027,Metz,FR,context,commuting_car,Commuting mode share - car,Mobility (context),fua,77.9,PT_WR (% of workers),,2022,,current,higher=worse,OECD,
FR028,Nîmes,FR,indicator,pm25,Mean PM2.5 population exposure,Environment,fua,27.917605758060326,MCG_M3 (ug/m3),55.98,2025,,,higher=worse,OECD,
FR028,Nîmes,FR,indicator,green_area,Green area per inhabitant (urban centre),Environment,fua,150,M2_PS (m2/person),56.18,2021,,,higher=better,OECD,
FR028,Nîmes,FR,indicator,public_transport_access,Population with access to public transport (15-minute walk),Mobility,fua,,PT_POP (% population),,,,,higher=better,OECD,
FR028,Nîmes,FR,indicator,employment_rate,Employment rate (15-64),Economic Opportunity,fua,66.6,PT_POP_SUB (% of working-age population),27.86,2024,,,higher=better,OECD,
FR028,Nîmes,FR,indicator,unemployment_rate,Unemployment rate (15-64),Economic Opportunity,fua,7.6,PT_LF_SUB (% of labour force),31.32,2024,,,higher=worse,OECD,
FR028,Nîmes,FR,composite,environment_score,Environment composite score,Environment,fua (composite),,score (0-100),56.08,,,,,derived (V1 approved composites),
FR028,Nîmes,FR,composite,mobility_score,Mobility composite score,Mobility,fua (composite),,score (0-100),,,,,,derived (V1 approved composites),
FR028,Nîmes,FR,composite,economic_opportunity_score,Economic Opportunity composite score,Economic Opportunity,fua (composite),,score (0-100),29.59,,,,,derived (V1 approved composites),
FR028,Nîmes,FR,context,population,Population (total),Context,fua,358562,PS (persons),,2022,,,neutral (context),OECD,
FR028,Nîmes,FR,context,commuting_public_transport,Commuting mode share - public transport,Mobility (context),fua,5.6,PT_WR (% of workers),,2022,,current,higher=better,OECD,
FR028,Nîmes,FR,context,commuting_bike,Commuting mode share - bicycle,Mobility (context),fua,2.9,PT_WR (% of workers),,2022,,current,higher=better,OECD,
FR028,Nîmes,FR,context,commuting_walk,Commuting mode share - walking,Mobility (context),fua,6.5,PT_WR (% of workers),,2022,,current,higher=better,OECD,
FR028,Nîmes,FR,context,commuting_car,Commuting mode share - car,Mobility (context),fua,83.3,PT_WR (% of workers),,2022,,current,higher=worse,OECD,
FR029,Le Mans,FR,indicator,pm25,Mean PM2.5 population exposure,Environment,fua,24.35346056138907,MCG_M3 (ug/m3),75.92,2025,,,higher=worse,OECD,
FR029,Le Mans,FR,indicator,green_area,Green area per inhabitant (urban centre),Environment,fua,151,M2_PS (m2/person),56.66,2021,,,higher=better,OECD,
FR029,Le Mans,FR,indicator,public_transport_access,Population with access to public transport (15-minute walk),Mobility,fua,,PT_POP (% population),,,,,higher=better,OECD,
FR029,Le Mans,FR,indicator,employment_rate,Employment rate (15-64),Economic Opportunity,fua,70.8,PT_POP_SUB (% of working-age population),55.72,2024,,,higher=better,OECD,
FR029,Le Mans,FR,indicator,unemployment_rate,Unemployment rate (15-64),Economic Opportunity,fua,6.3,PT_LF_SUB (% of labour force),52.64,2024,,,higher=worse,OECD,
FR029,Le Mans,FR,composite,environment_score,Environment composite score,Environment,fua (composite),,score (0-100),66.29,,,,,derived (V1 approved composites),
FR029,Le Mans,FR,composite,mobility_score,Mobility composite score,Mobility,fua (composite),,score (0-100),,,,,,derived (V1 approved composites),
FR029,Le Mans,FR,composite,economic_opportunity_score,Economic Opportunity composite score,Economic Opportunity,fua (composite),,score (0-100),54.18,,,,,derived (V1 approved composites),
FR029,Le Mans,FR,context,population,Population (total),Context,fua,380059,PS (persons),,2022,,,neutral (context),OECD,
FR029,Le Mans,FR,context,commuting_public_transport,Commuting mode share - public transport,Mobility (context),fua,10.1,PT_WR (% of workers),,2022,,current,higher=better,OECD,
FR029,Le Mans,FR,context,commuting_bike,Commuting mode share - bicycle,Mobility (context),fua,3.6,PT_WR (% of workers),,2022,,current,higher=better,OECD,
FR029,Le Mans,FR,context,commuting_walk,Commuting mode share - walking,Mobility (context),fua,5.2,PT_WR (% of workers),,2022,,current,higher=better,OECD,
FR029,Le Mans,FR,context,commuting_car,Commuting mode share - car,Mobility (context),fua,79.6,PT_WR (% of workers),,2022,,current,higher=worse,OECD,
FR030,Saint-Denis,FR,indicator,pm25,Mean PM2.5 population exposure,Environment,fua,33.78409600439879,MCG_M3 (ug/m3),29.99,2025,,,higher=worse,OECD,
FR030,Saint-Denis,FR,indicator,green_area,Green area per inhabitant (urban centre),Environment,fua,166,M2_PS (m2/person),65.41,2021,,,higher=better,OECD,
FR030,Saint-Denis,FR,indicator,public_transport_access,Population with access to public transport (15-minute walk),Mobility,fua,,PT_POP (% population),,,,,higher=better,OECD,
FR030,Saint-Denis,FR,indicator,employment_rate,Employment rate (15-64),Economic Opportunity,fua,50.7,PT_POP_SUB (% of working-age population),4.8,2024,,,higher=better,OECD,
FR030,Saint-Denis,FR,indicator,unemployment_rate,Unemployment rate (15-64),Economic Opportunity,fua,17.6,PT_LF_SUB (% of labour force),1.13,2024,,,higher=worse,OECD,
FR030,Saint-Denis,FR,composite,environment_score,Environment composite score,Environment,fua (composite),,score (0-100),47.7,,,,,derived (V1 approved composites),
FR030,Saint-Denis,FR,composite,mobility_score,Mobility composite score,Mobility,fua (composite),,score (0-100),,,,,,derived (V1 approved composites),
FR030,Saint-Denis,FR,composite,economic_opportunity_score,Economic Opportunity composite score,Economic Opportunity,fua (composite),,score (0-100),2.96,,,,,derived (V1 approved composites),
FR030,Saint-Denis,FR,context,population,Population (total),Context,fua,323655,PS (persons),,2022,,,neutral (context),OECD,
FR030,Saint-Denis,FR,context,commuting_public_transport,Commuting mode share - public transport,Mobility (context),fua,8.7,PT_WR (% of workers),,2022,,current,higher=better,OECD,
FR030,Saint-Denis,FR,context,commuting_bike,Commuting mode share - bicycle,Mobility (context),fua,1.9,PT_WR (% of workers),,2022,,current,higher=better,OECD,
FR030,Saint-Denis,FR,context,commuting_walk,Commuting mode share - walking,Mobility (context),fua,7.1,PT_WR (% of workers),,2022,,current,higher=better,OECD,
FR030,Saint-Denis,FR,context,commuting_car,Commuting mode share - car,Mobility (context),fua,79.7,PT_WR (% of workers),,2022,,current,higher=worse,OECD,
FR031,Caen,FR,indicator,pm25,Mean PM2.5 population exposure,Environment,fua,26.728158519899495,MCG_M3 (ug/m3),62.78,2025,,,higher=worse,OECD,
FR031,Caen,FR,indicator,green_area,Green area per inhabitant (urban centre),Environment,fua,162,M2_PS (m2/person),63.88,2021,,,higher=better,OECD,
FR031,Caen,FR,indicator,public_transport_access,Population with access to public transport (15-minute walk),Mobility,fua,,PT_POP (% population),,,,,higher=better,OECD,
FR031,Caen,FR,indicator,employment_rate,Employment rate (15-64),Economic Opportunity,fua,66.1,PT_POP_SUB (% of working-age population),25.46,2024,,,higher=better,OECD,
FR031,Caen,FR,indicator,unemployment_rate,Unemployment rate (15-64),Economic Opportunity,fua,7.5,PT_LF_SUB (% of labour force),33.02,2024,,,higher=worse,OECD,
FR031,Caen,FR,composite,environment_score,Environment composite score,Environment,fua (composite),,score (0-100),63.33,,,,,derived (V1 approved composites),
FR031,Caen,FR,composite,mobility_score,Mobility composite score,Mobility,fua (composite),,score (0-100),,,,,,derived (V1 approved composites),
FR031,Caen,FR,composite,economic_opportunity_score,Economic Opportunity composite score,Economic Opportunity,fua (composite),,score (0-100),29.24,,,,,derived (V1 approved composites),
FR031,Caen,FR,context,population,Population (total),Context,fua,483231,PS (persons),,2022,,,neutral (context),OECD,
FR031,Caen,FR,context,commuting_public_transport,Commuting mode share - public transport,Mobility (context),fua,7.2,PT_WR (% of workers),,2022,,current,higher=better,OECD,
FR031,Caen,FR,context,commuting_bike,Commuting mode share - bicycle,Mobility (context),fua,3.8,PT_WR (% of workers),,2022,,current,higher=better,OECD,
FR031,Caen,FR,context,commuting_walk,Commuting mode share - walking,Mobility (context),fua,5.5,PT_WR (% of workers),,2022,,current,higher=better,OECD,
FR031,Caen,FR,context,commuting_car,Commuting mode share - car,Mobility (context),fua,82.3,PT_WR (% of workers),,2022,,current,higher=worse,OECD,
FR032,Limoges,FR,indicator,pm25,Mean PM2.5 population exposure,Environment,fua,22.061009531779355,MCG_M3 (ug/m3),88.18,2025,,,higher=worse,OECD,
FR032,Limoges,FR,indicator,green_area,Green area per inhabitant (urban centre),Environment,fua,208,M2_PS (m2/person),84.59,2021,,,higher=better,OECD,
FR032,Limoges,FR,indicator,public_transport_access,Population with access to public transport (15-minute walk),Mobility,fua,,PT_POP (% population),,,,,higher=better,OECD,
FR032,Limoges,FR,indicator,employment_rate,Employment rate (15-64),Economic Opportunity,fua,69.8,PT_POP_SUB (% of working-age population),44.65,2024,,,higher=better,OECD,
FR032,Limoges,FR,indicator,unemployment_rate,Unemployment rate (15-64),Economic Opportunity,fua,6.4,PT_LF_SUB (% of labour force),49.25,2024,,,higher=worse,OECD,
FR032,Limoges,FR,composite,environment_score,Environment composite score,Environment,fua (composite),,score (0-100),86.39,,,,,derived (V1 approved composites),
FR032,Limoges,FR,composite,mobility_score,Mobility composite score,Mobility,fua (composite),,score (0-100),,,,,,derived (V1 approved composites),
FR032,Limoges,FR,composite,economic_opportunity_score,Economic Opportunity composite score,Economic Opportunity,fua (composite),,score (0-100),46.95,,,,,derived (V1 approved composites),
FR032,Limoges,FR,context,population,Population (total),Context,fua,325736,PS (persons),,2022,,,neutral (context),OECD,
FR032,Limoges,FR,context,commuting_public_transport,Commuting mode share - public transport,Mobility (context),fua,5.7,PT_WR (% of workers),,2022,,current,higher=better,OECD,
FR032,Limoges,FR,context,commuting_bike,Commuting mode share - bicycle,Mobility (context),fua,1.3,PT_WR (% of workers),,2022,,current,higher=better,OECD,
FR032,Limoges,FR,context,commuting_walk,Commuting mode share - walking,Mobility (context),fua,6.3,PT_WR (% of workers),,2022,,current,higher=better,OECD,
FR032,Limoges,FR,context,commuting_car,Commuting mode share - car,Mobility (context),fua,85.7,PT_WR (% of workers),,2022,,current,higher=worse,OECD,
FR034,Brest,FR,indicator,pm25,Mean PM2.5 population exposure,Environment,fua,24.713914629074836,MCG_M3 (ug/m3),73.12,2025,,,higher=worse,OECD,
FR034,Brest,FR,indicator,green_area,Green area per inhabitant (urban centre),Environment,fua,155,M2_PS (m2/person),59.15,2021,,,higher=better,OECD,
FR034,Brest,FR,indicator,public_transport_access,Population with access to public transport (15-minute walk),Mobility,fua,78.3,PT_POP (% population),11.14,2023,,,higher=better,OECD,
FR034,Brest,FR,indicator,employment_rate,Employment rate (15-64),Economic Opportunity,fua,71.6,PT_POP_SUB (% of working-age population),59.23,2024,,,higher=better,OECD,
FR034,Brest,FR,indicator,unemployment_rate,Unemployment rate (15-64),Economic Opportunity,fua,5.7,PT_LF_SUB (% of labour force),59.62,2024,,,higher=worse,OECD,
FR034,Brest,FR,composite,environment_score,Environment composite score,Environment,fua (composite),,score (0-100),66.14,,,,,derived (V1 approved composites),
FR034,Brest,FR,composite,mobility_score,Mobility composite score,Mobility,fua (composite),,score (0-100),11.14,,,,,derived (V1 approved composites),
FR034,Brest,FR,composite,economic_opportunity_score,Economic Opportunity composite score,Economic Opportunity,fua (composite),,score (0-100),59.42,,,,,derived (V1 approved composites),
FR034,Brest,FR,context,population,Population (total),Context,fua,372856,PS (persons),,2022,,,neutral (context),OECD,
FR034,Brest,FR,context,commuting_public_transport,Commuting mode share - public transport,Mobility (context),fua,8.4,PT_WR (% of workers),,2022,,current,higher=better,OECD,
FR034,Brest,FR,context,commuting_bike,Commuting mode share - bicycle,Mobility (context),fua,3.2,PT_WR (% of workers),,2022,,current,higher=better,OECD,
FR034,Brest,FR,context,commuting_walk,Commuting mode share - walking,Mobility (context),fua,5.7,PT_WR (% of workers),,2022,,current,higher=better,OECD,
FR034,Brest,FR,context,commuting_car,Commuting mode share - car,Mobility (context),fua,81.5,PT_WR (% of workers),,2022,,current,higher=worse,OECD,
FR035,Amiens,FR,indicator,pm25,Mean PM2.5 population exposure,Environment,fua,25.065944289501903,MCG_M3 (ug/m3),71.34,2025,,,higher=worse,OECD,
FR035,Amiens,FR,indicator,green_area,Green area per inhabitant (urban centre),Environment,fua,141,M2_PS (m2/person),49.68,2021,,,higher=better,OECD,
FR035,Amiens,FR,indicator,public_transport_access,Population with access to public transport (15-minute walk),Mobility,fua,,PT_POP (% population),,,,,higher=better,OECD,
FR035,Amiens,FR,indicator,employment_rate,Employment rate (15-64),Economic Opportunity,fua,63.7,PT_POP_SUB (% of working-age population),19.37,2024,,,higher=better,OECD,
FR035,Amiens,FR,indicator,unemployment_rate,Unemployment rate (15-64),Economic Opportunity,fua,8.9,PT_LF_SUB (% of labour force),20.38,2024,,,higher=worse,OECD,
FR035,Amiens,FR,composite,environment_score,Environment composite score,Environment,fua (composite),,score (0-100),60.51,,,,,derived (V1 approved composites),
FR035,Amiens,FR,composite,mobility_score,Mobility composite score,Mobility,fua (composite),,score (0-100),,,,,,derived (V1 approved composites),
FR035,Amiens,FR,composite,economic_opportunity_score,Economic Opportunity composite score,Economic Opportunity,fua (composite),,score (0-100),19.88,,,,,derived (V1 approved composites),
FR035,Amiens,FR,context,population,Population (total),Context,fua,353933,PS (persons),,2022,,,neutral (context),OECD,
FR035,Amiens,FR,context,commuting_public_transport,Commuting mode share - public transport,Mobility (context),fua,9.3,PT_WR (% of workers),,2022,,current,higher=better,OECD,
FR035,Amiens,FR,context,commuting_bike,Commuting mode share - bicycle,Mobility (context),fua,3.4,PT_WR (% of workers),,2022,,current,higher=better,OECD,
FR035,Amiens,FR,context,commuting_walk,Commuting mode share - walking,Mobility (context),fua,7.6,PT_WR (% of workers),,2022,,current,higher=better,OECD,
FR035,Amiens,FR,context,commuting_car,Commuting mode share - car,Mobility (context),fua,78.7,PT_WR (% of workers),,2022,,current,higher=worse,OECD,
FR036,Dunkerque,FR,indicator,pm25,Mean PM2.5 population exposure,Environment,fua,27.781437245761502,MCG_M3 (ug/m3),57.75,2025,,,higher=worse,OECD,
FR036,Dunkerque,FR,indicator,green_area,Green area per inhabitant (urban centre),Environment,fua,155,M2_PS (m2/person),59.15,2021,,,higher=better,OECD,
FR036,Dunkerque,FR,indicator,public_transport_access,Population with access to public transport (15-minute walk),Mobility,fua,64.1,PT_POP (% population),2.92,2023,,,higher=better,OECD,
FR036,Dunkerque,FR,indicator,employment_rate,Employment rate (15-64),Economic Opportunity,fua,,PT_POP_SUB (% of working-age population),,,,,higher=better,OECD,
FR036,Dunkerque,FR,indicator,unemployment_rate,Unemployment rate (15-64),Economic Opportunity,fua,,PT_LF_SUB (% of labour force),,,,,higher=worse,OECD,
FR036,Dunkerque,FR,composite,environment_score,Environment composite score,Environment,fua (composite),,score (0-100),58.45,,,,,derived (V1 approved composites),
FR036,Dunkerque,FR,composite,mobility_score,Mobility composite score,Mobility,fua (composite),,score (0-100),2.92,,,,,derived (V1 approved composites),
FR036,Dunkerque,FR,composite,economic_opportunity_score,Economic Opportunity composite score,Economic Opportunity,fua (composite),,score (0-100),,,,,,derived (V1 approved composites),
FR036,Dunkerque,FR,context,population,Population (total),Context,fua,252783,PS (persons),,2022,,,neutral (context),OECD,
FR036,Dunkerque,FR,context,commuting_public_transport,Commuting mode share - public transport,Mobility (context),fua,8,PT_WR (% of workers),,2022,,current,higher=better,OECD,
FR036,Dunkerque,FR,context,commuting_bike,Commuting mode share - bicycle,Mobility (context),fua,2.8,PT_WR (% of workers),,2022,,current,higher=better,OECD,
FR036,Dunkerque,FR,context,commuting_walk,Commuting mode share - walking,Mobility (context),fua,5.5,PT_WR (% of workers),,2022,,current,higher=better,OECD,
FR036,Dunkerque,FR,context,commuting_car,Commuting mode share - car,Mobility (context),fua,82.7,PT_WR (% of workers),,2022,,current,higher=worse,OECD,
FR037,Perpignan,FR,indicator,pm25,Mean PM2.5 population exposure,Environment,fua,26.44450847741373,MCG_M3 (ug/m3),64.99,2025,,,higher=worse,OECD,
FR037,Perpignan,FR,indicator,green_area,Green area per inhabitant (urban centre),Environment,fua,90,M2_PS (m2/person),19.5,2021,,,higher=better,OECD,
FR037,Perpignan,FR,indicator,public_transport_access,Population with access to public transport (15-minute walk),Mobility,fua,,PT_POP (% population),,,,,higher=better,OECD,
FR037,Perpignan,FR,indicator,employment_rate,Employment rate (15-64),Economic Opportunity,fua,66.6,PT_POP_SUB (% of working-age population),27.86,2024,,,higher=better,OECD,
FR037,Perpignan,FR,indicator,unemployment_rate,Unemployment rate (15-64),Economic Opportunity,fua,7.6,PT_LF_SUB (% of labour force),31.32,2024,,,higher=worse,OECD,
FR037,Perpignan,FR,composite,environment_score,Environment composite score,Environment,fua (composite),,score (0-100),42.24,,,,,derived (V1 approved composites),
FR037,Perpignan,FR,composite,mobility_score,Mobility composite score,Mobility,fua (composite),,score (0-100),,,,,,derived (V1 approved composites),
FR037,Perpignan,FR,composite,economic_opportunity_score,Economic Opportunity composite score,Economic Opportunity,fua (composite),,score (0-100),29.59,,,,,derived (V1 approved composites),
FR037,Perpignan,FR,context,population,Population (total),Context,fua,425965,PS (persons),,2022,,,neutral (context),OECD,
FR037,Perpignan,FR,context,commuting_public_transport,Commuting mode share - public transport,Mobility (context),fua,3.7,PT_WR (% of workers),,2022,,current,higher=better,OECD,
FR037,Perpignan,FR,context,commuting_bike,Commuting mode share - bicycle,Mobility (context),fua,2.5,PT_WR (% of workers),,2022,,current,higher=better,OECD,
FR037,Perpignan,FR,context,commuting_walk,Commuting mode share - walking,Mobility (context),fua,5.7,PT_WR (% of workers),,2022,,current,higher=better,OECD,
FR037,Perpignan,FR,context,commuting_car,Commuting mode share - car,Mobility (context),fua,86.3,PT_WR (% of workers),,2022,,current,higher=worse,OECD,
FR038,Annecy,FR,indicator,pm25,Mean PM2.5 population exposure,Environment,fua,33.21791333169197,MCG_M3 (ug/m3),31.91,2025,,,higher=worse,OECD,
FR038,Annecy,FR,indicator,green_area,Green area per inhabitant (urban centre),Environment,fua,122,M2_PS (m2/person),36.84,2021,,,higher=better,OECD,
FR038,Annecy,FR,indicator,public_transport_access,Population with access to public transport (15-minute walk),Mobility,fua,,PT_POP (% population),,,,,higher=better,OECD,
FR038,Annecy,FR,indicator,employment_rate,Employment rate (15-64),Economic Opportunity,fua,69.7,PT_POP_SUB (% of working-age population),42.07,2024,,,higher=better,OECD,
FR038,Annecy,FR,indicator,unemployment_rate,Unemployment rate (15-64),Economic Opportunity,fua,7,PT_LF_SUB (% of labour force),41.13,2024,,,higher=worse,OECD,
FR038,Annecy,FR,composite,environment_score,Environment composite score,Environment,fua (composite),,score (0-100),34.38,,,,,derived (V1 approved composites),
FR038,Annecy,FR,composite,mobility_score,Mobility composite score,Mobility,fua (composite),,score (0-100),,,,,,derived (V1 approved composites),
FR038,Annecy,FR,composite,economic_opportunity_score,Economic Opportunity composite score,Economic Opportunity,fua (composite),,score (0-100),41.6,,,,,derived (V1 approved composites),
FR038,Annecy,FR,context,population,Population (total),Context,fua,303907,PS (persons),,2022,,,neutral (context),OECD,
FR038,Annecy,FR,context,commuting_public_transport,Commuting mode share - public transport,Mobility (context),fua,6.9,PT_WR (% of workers),,2022,,current,higher=better,OECD,
FR038,Annecy,FR,context,commuting_bike,Commuting mode share - bicycle,Mobility (context),fua,5.5,PT_WR (% of workers),,2022,,current,higher=better,OECD,
FR038,Annecy,FR,context,commuting_walk,Commuting mode share - walking,Mobility (context),fua,6.4,PT_WR (% of workers),,2022,,current,higher=better,OECD,
FR038,Annecy,FR,context,commuting_car,Commuting mode share - car,Mobility (context),fua,79.9,PT_WR (% of workers),,2022,,current,higher=worse,OECD,
FR039,Besançon,FR,indicator,pm25,Mean PM2.5 population exposure,Environment,fua,25.999483179836986,MCG_M3 (ug/m3),67.06,2025,,,higher=worse,OECD,
FR039,Besançon,FR,indicator,green_area,Green area per inhabitant (urban centre),Environment,fua,175,M2_PS (m2/person),70.55,2021,,,higher=better,OECD,
FR039,Besançon,FR,indicator,public_transport_access,Population with access to public transport (15-minute walk),Mobility,fua,,PT_POP (% population),,,,,higher=better,OECD,
FR039,Besançon,FR,indicator,employment_rate,Employment rate (15-64),Economic Opportunity,fua,67.8,PT_POP_SUB (% of working-age population),33.21,2024,,,higher=better,OECD,
FR039,Besançon,FR,indicator,unemployment_rate,Unemployment rate (15-64),Economic Opportunity,fua,6.2,PT_LF_SUB (% of labour force),54.91,2024,,,higher=worse,OECD,
FR039,Besançon,FR,composite,environment_score,Environment composite score,Environment,fua (composite),,score (0-100),68.81,,,,,derived (V1 approved composites),
FR039,Besançon,FR,composite,mobility_score,Mobility composite score,Mobility,fua (composite),,score (0-100),,,,,,derived (V1 approved composites),
FR039,Besançon,FR,composite,economic_opportunity_score,Economic Opportunity composite score,Economic Opportunity,fua (composite),,score (0-100),44.06,,,,,derived (V1 approved composites),
FR039,Besançon,FR,context,population,Population (total),Context,fua,277894,PS (persons),,2022,,,neutral (context),OECD,
FR039,Besançon,FR,context,commuting_public_transport,Commuting mode share - public transport,Mobility (context),fua,10.5,PT_WR (% of workers),,2022,,current,higher=better,OECD,
FR039,Besançon,FR,context,commuting_bike,Commuting mode share - bicycle,Mobility (context),fua,3.5,PT_WR (% of workers),,2022,,current,higher=better,OECD,
FR039,Besançon,FR,context,commuting_walk,Commuting mode share - walking,Mobility (context),fua,7.3,PT_WR (% of workers),,2022,,current,higher=better,OECD,
FR039,Besançon,FR,context,commuting_car,Commuting mode share - car,Mobility (context),fua,77.8,PT_WR (% of workers),,2022,,current,higher=worse,OECD,
FR040,Bayonne,FR,indicator,pm25,Mean PM2.5 population exposure,Environment,fua,23.817175088536608,MCG_M3 (ug/m3),79.32,2025,,,higher=worse,OECD,
FR040,Bayonne,FR,indicator,green_area,Green area per inhabitant (urban centre),Environment,fua,160,M2_PS (m2/person),62.76,2021,,,higher=better,OECD,
FR040,Bayonne,FR,indicator,public_transport_access,Population with access to public transport (15-minute walk),Mobility,fua,,PT_POP (% population),,,,,higher=better,OECD,
FR040,Bayonne,FR,indicator,employment_rate,Employment rate (15-64),Economic Opportunity,fua,69.8,PT_POP_SUB (% of working-age population),44.65,2024,,,higher=better,OECD,
FR040,Bayonne,FR,indicator,unemployment_rate,Unemployment rate (15-64),Economic Opportunity,fua,6.4,PT_LF_SUB (% of labour force),49.25,2024,,,higher=worse,OECD,
FR040,Bayonne,FR,composite,environment_score,Environment composite score,Environment,fua (composite),,score (0-100),71.04,,,,,derived (V1 approved composites),
FR040,Bayonne,FR,composite,mobility_score,Mobility composite score,Mobility,fua (composite),,score (0-100),,,,,,derived (V1 approved composites),
FR040,Bayonne,FR,composite,economic_opportunity_score,Economic Opportunity composite score,Economic Opportunity,fua (composite),,score (0-100),46.95,,,,,derived (V1 approved composites),
FR040,Bayonne,FR,context,population,Population (total),Context,fua,274525,PS (persons),,2022,,,neutral (context),OECD,
FR040,Bayonne,FR,context,commuting_public_transport,Commuting mode share - public transport,Mobility (context),fua,5.1,PT_WR (% of workers),,2022,,current,higher=better,OECD,
FR040,Bayonne,FR,context,commuting_bike,Commuting mode share - bicycle,Mobility (context),fua,2.7,PT_WR (% of workers),,2022,,current,higher=better,OECD,
FR040,Bayonne,FR,context,commuting_walk,Commuting mode share - walking,Mobility (context),fua,4.4,PT_WR (% of workers),,2022,,current,higher=better,OECD,
FR040,Bayonne,FR,context,commuting_car,Commuting mode share - car,Mobility (context),fua,84.8,PT_WR (% of workers),,2022,,current,higher=worse,OECD,
FR042,Pau,FR,indicator,pm25,Mean PM2.5 population exposure,Environment,fua,23.844090359461596,MCG_M3 (ug/m3),79.17,2025,,,higher=worse,OECD,
FR042,Pau,FR,indicator,green_area,Green area per inhabitant (urban centre),Environment,fua,188,M2_PS (m2/person),75.76,2021,,,higher=better,OECD,
FR042,Pau,FR,indicator,public_transport_access,Population with access to public transport (15-minute walk),Mobility,fua,,PT_POP (% population),,,,,higher=better,OECD,
FR042,Pau,FR,indicator,employment_rate,Employment rate (15-64),Economic Opportunity,fua,69.8,PT_POP_SUB (% of working-age population),44.65,2024,,,higher=better,OECD,
FR042,Pau,FR,indicator,unemployment_rate,Unemployment rate (15-64),Economic Opportunity,fua,6.4,PT_LF_SUB (% of labour force),49.25,2024,,,higher=worse,OECD,
FR042,Pau,FR,composite,environment_score,Environment composite score,Environment,fua (composite),,score (0-100),77.47,,,,,derived (V1 approved composites),
FR042,Pau,FR,composite,mobility_score,Mobility composite score,Mobility,fua (composite),,score (0-100),,,,,,derived (V1 approved composites),
FR042,Pau,FR,composite,economic_opportunity_score,Economic Opportunity composite score,Economic Opportunity,fua (composite),,score (0-100),46.95,,,,,derived (V1 approved composites),
FR042,Pau,FR,context,population,Population (total),Context,fua,289851,PS (persons),,2022,,,neutral (context),OECD,
FR042,Pau,FR,context,commuting_public_transport,Commuting mode share - public transport,Mobility (context),fua,4.5,PT_WR (% of workers),,2022,,current,higher=better,OECD,
FR042,Pau,FR,context,commuting_bike,Commuting mode share - bicycle,Mobility (context),fua,3.7,PT_WR (% of workers),,2022,,current,higher=better,OECD,
FR042,Pau,FR,context,commuting_walk,Commuting mode share - walking,Mobility (context),fua,4.5,PT_WR (% of workers),,2022,,current,higher=better,OECD,
FR042,Pau,FR,context,commuting_car,Commuting mode share - car,Mobility (context),fua,85.9,PT_WR (% of workers),,2022,,current,higher=worse,OECD,
FR043,Avignon,FR,indicator,pm25,Mean PM2.5 population exposure,Environment,fua,28.176193254195365,MCG_M3 (ug/m3),54.65,2025,,,higher=worse,OECD,
FR043,Avignon,FR,indicator,green_area,Green area per inhabitant (urban centre),Environment,fua,170,M2_PS (m2/person),68.14,2021,,,higher=better,OECD,
FR043,Avignon,FR,indicator,public_transport_access,Population with access to public transport (15-minute walk),Mobility,fua,,PT_POP (% population),,,,,higher=better,OECD,
FR043,Avignon,FR,indicator,employment_rate,Employment rate (15-64),Economic Opportunity,fua,64.8,PT_POP_SUB (% of working-age population),22.51,2024,,,higher=better,OECD,
FR043,Avignon,FR,indicator,unemployment_rate,Unemployment rate (15-64),Economic Opportunity,fua,7.1,PT_LF_SUB (% of labour force),39.43,2024,,,higher=worse,OECD,
FR043,Avignon,FR,composite,environment_score,Environment composite score,Environment,fua (composite),,score (0-100),61.39,,,,,derived (V1 approved composites),
FR043,Avignon,FR,composite,mobility_score,Mobility composite score,Mobility,fua (composite),,score (0-100),,,,,,derived (V1 approved composites),
FR043,Avignon,FR,composite,economic_opportunity_score,Economic Opportunity composite score,Economic Opportunity,fua (composite),,score (0-100),30.97,,,,,derived (V1 approved composites),
FR043,Avignon,FR,context,population,Population (total),Context,fua,330446,PS (persons),,2022,,,neutral (context),OECD,
FR043,Avignon,FR,context,commuting_public_transport,Commuting mode share - public transport,Mobility (context),fua,5.1,PT_WR (% of workers),,2022,,current,higher=better,OECD,
FR043,Avignon,FR,context,commuting_bike,Commuting mode share - bicycle,Mobility (context),fua,3.5,PT_WR (% of workers),,2022,,current,higher=better,OECD,
FR043,Avignon,FR,context,commuting_walk,Commuting mode share - walking,Mobility (context),fua,5.1,PT_WR (% of workers),,2022,,current,higher=better,OECD,
FR043,Avignon,FR,context,commuting_car,Commuting mode share - car,Mobility (context),fua,84.8,PT_WR (% of workers),,2022,,current,higher=worse,OECD,
FR045,Valenciennes,FR,indicator,pm25,Mean PM2.5 population exposure,Environment,fua,25.48153925293636,MCG_M3 (ug/m3),69.28,2025,,,higher=worse,OECD,
FR045,Valenciennes,FR,indicator,green_area,Green area per inhabitant (urban centre),Environment,fua,183,M2_PS (m2/person),73.76,2021,,,higher=better,OECD,
FR045,Valenciennes,FR,indicator,public_transport_access,Population with access to public transport (15-minute walk),Mobility,fua,,PT_POP (% population),,,,,higher=better,OECD,
FR045,Valenciennes,FR,indicator,employment_rate,Employment rate (15-64),Economic Opportunity,fua,63.7,PT_POP_SUB (% of working-age population),19.37,2024,,,higher=better,OECD,
FR045,Valenciennes,FR,indicator,unemployment_rate,Unemployment rate (15-64),Economic Opportunity,fua,8.9,PT_LF_SUB (% of labour force),20.38,2024,,,higher=worse,OECD,
FR045,Valenciennes,FR,composite,environment_score,Environment composite score,Environment,fua (composite),,score (0-100),71.52,,,,,derived (V1 approved composites),
FR045,Valenciennes,FR,composite,mobility_score,Mobility composite score,Mobility,fua (composite),,score (0-100),,,,,,derived (V1 approved composites),
FR045,Valenciennes,FR,composite,economic_opportunity_score,Economic Opportunity composite score,Economic Opportunity,fua (composite),,score (0-100),19.88,,,,,derived (V1 approved composites),
FR045,Valenciennes,FR,context,population,Population (total),Context,fua,305435,PS (persons),,2022,,,neutral (context),OECD,
FR045,Valenciennes,FR,context,commuting_public_transport,Commuting mode share - public transport,Mobility (context),fua,6.9,PT_WR (% of workers),,2022,,current,higher=better,OECD,
FR045,Valenciennes,FR,context,commuting_bike,Commuting mode share - bicycle,Mobility (context),fua,2,PT_WR (% of workers),,2022,,current,higher=better,OECD,
FR045,Valenciennes,FR,context,commuting_walk,Commuting mode share - walking,Mobility (context),fua,6,PT_WR (% of workers),,2022,,current,higher=better,OECD,
FR045,Valenciennes,FR,context,commuting_car,Commuting mode share - car,Mobility (context),fua,84,PT_WR (% of workers),,2022,,current,higher=worse,OECD,
FR046,Fort-de-France,FR,indicator,pm25,Mean PM2.5 population exposure,Environment,fua,45.917246382502825,MCG_M3 (ug/m3),9.01,2025,,,higher=worse,OECD,
FR046,Fort-de-France,FR,indicator,green_area,Green area per inhabitant (urban centre),Environment,fua,139,M2_PS (m2/person),48.23,2021,,,higher=better,OECD,
FR046,Fort-de-France,FR,indicator,public_transport_access,Population with access to public transport (15-minute walk),Mobility,fua,,PT_POP (% population),,,,,higher=better,OECD,
FR046,Fort-de-France,FR,indicator,employment_rate,Employment rate (15-64),Economic Opportunity,fua,58.6,PT_POP_SUB (% of working-age population),11.62,2024,,,higher=better,OECD,
FR046,Fort-de-France,FR,indicator,unemployment_rate,Unemployment rate (15-64),Economic Opportunity,fua,12.8,PT_LF_SUB (% of labour force),5.85,2024,,,higher=worse,OECD,
FR046,Fort-de-France,FR,composite,environment_score,Environment composite score,Environment,fua (composite),,score (0-100),28.62,,,,,derived (V1 approved composites),
FR046,Fort-de-France,FR,composite,mobility_score,Mobility composite score,Mobility,fua (composite),,score (0-100),,,,,,derived (V1 approved composites),
FR046,Fort-de-France,FR,composite,economic_opportunity_score,Economic Opportunity composite score,Economic Opportunity,fua (composite),,score (0-100),8.73,,,,,derived (V1 approved composites),
FR046,Fort-de-France,FR,context,population,Population (total),Context,fua,346937,PS (persons),,2022,,,neutral (context),OECD,
FR046,Fort-de-France,FR,context,commuting_public_transport,Commuting mode share - public transport,Mobility (context),fua,7.3,PT_WR (% of workers),,2022,,current,higher=better,OECD,
FR046,Fort-de-France,FR,context,commuting_bike,Commuting mode share - bicycle,Mobility (context),fua,0.2,PT_WR (% of workers),,2022,,current,higher=better,OECD,
FR046,Fort-de-France,FR,context,commuting_walk,Commuting mode share - walking,Mobility (context),fua,4.1,PT_WR (% of workers),,2022,,current,higher=better,OECD,
FR046,Fort-de-France,FR,context,commuting_car,Commuting mode share - car,Mobility (context),fua,87.2,PT_WR (% of workers),,2022,,current,higher=worse,OECD,
FR047,Poitiers,FR,indicator,pm25,Mean PM2.5 population exposure,Environment,fua,23.397872739757503,MCG_M3 (ug/m3),81.83,2025,,,higher=worse,OECD,
FR047,Poitiers,FR,indicator,green_area,Green area per inhabitant (urban centre),Environment,fua,160,M2_PS (m2/person),62.76,2021,,,higher=better,OECD,
FR047,Poitiers,FR,indicator,public_transport_access,Population with access to public transport (15-minute walk),Mobility,fua,,PT_POP (% population),,,,,higher=better,OECD,
FR047,Poitiers,FR,indicator,employment_rate,Employment rate (15-64),Economic Opportunity,fua,69.8,PT_POP_SUB (% of working-age population),44.65,2024,,,higher=better,OECD,
FR047,Poitiers,FR,indicator,unemployment_rate,Unemployment rate (15-64),Economic Opportunity,fua,6.4,PT_LF_SUB (% of labour force),49.25,2024,,,higher=worse,OECD,
FR047,Poitiers,FR,composite,environment_score,Environment composite score,Environment,fua (composite),,score (0-100),72.3,,,,,derived (V1 approved composites),
FR047,Poitiers,FR,composite,mobility_score,Mobility composite score,Mobility,fua (composite),,score (0-100),,,,,,derived (V1 approved composites),
FR047,Poitiers,FR,composite,economic_opportunity_score,Economic Opportunity composite score,Economic Opportunity,fua (composite),,score (0-100),46.95,,,,,derived (V1 approved composites),
FR047,Poitiers,FR,context,population,Population (total),Context,fua,287600,PS (persons),,2022,,,neutral (context),OECD,
FR047,Poitiers,FR,context,commuting_public_transport,Commuting mode share - public transport,Mobility (context),fua,6.9,PT_WR (% of workers),,2022,,current,higher=better,OECD,
FR047,Poitiers,FR,context,commuting_bike,Commuting mode share - bicycle,Mobility (context),fua,2.6,PT_WR (% of workers),,2022,,current,higher=better,OECD,
FR047,Poitiers,FR,context,commuting_walk,Commuting mode share - walking,Mobility (context),fua,5.5,PT_WR (% of workers),,2022,,current,higher=better,OECD,
FR047,Poitiers,FR,context,commuting_car,Commuting mode share - car,Mobility (context),fua,83.7,PT_WR (% of workers),,2022,,current,higher=worse,OECD,
FR055,Lorient,FR,indicator,pm25,Mean PM2.5 population exposure,Environment,fua,22.239609031621477,MCG_M3 (ug/m3),86.71,2025,,,higher=worse,OECD,
FR055,Lorient,FR,indicator,green_area,Green area per inhabitant (urban centre),Environment,fua,199,M2_PS (m2/person),81.14,2021,,,higher=better,OECD,
FR055,Lorient,FR,indicator,public_transport_access,Population with access to public transport (15-minute walk),Mobility,fua,91.1,PT_POP (% population),33.55,2023,,,higher=better,OECD,
FR055,Lorient,FR,indicator,employment_rate,Employment rate (15-64),Economic Opportunity,fua,,PT_POP_SUB (% of working-age population),,,,,higher=better,OECD,
FR055,Lorient,FR,indicator,unemployment_rate,Unemployment rate (15-64),Economic Opportunity,fua,,PT_LF_SUB (% of labour force),,,,,higher=worse,OECD,
FR055,Lorient,FR,composite,environment_score,Environment composite score,Environment,fua (composite),,score (0-100),83.92,,,,,derived (V1 approved composites),
FR055,Lorient,FR,composite,mobility_score,Mobility composite score,Mobility,fua (composite),,score (0-100),33.55,,,,,derived (V1 approved composites),
FR055,Lorient,FR,composite,economic_opportunity_score,Economic Opportunity composite score,Economic Opportunity,fua (composite),,score (0-100),,,,,,derived (V1 approved composites),
FR055,Lorient,FR,context,population,Population (total),Context,fua,236422,PS (persons),,2022,,,neutral (context),OECD,
FR055,Lorient,FR,context,commuting_public_transport,Commuting mode share - public transport,Mobility (context),fua,5.9,PT_WR (% of workers),,2022,,current,higher=better,OECD,
FR055,Lorient,FR,context,commuting_bike,Commuting mode share - bicycle,Mobility (context),fua,4.2,PT_WR (% of workers),,2022,,current,higher=better,OECD,
FR055,Lorient,FR,context,commuting_walk,Commuting mode share - walking,Mobility (context),fua,4.9,PT_WR (% of workers),,2022,,current,higher=better,OECD,
FR055,Lorient,FR,context,commuting_car,Commuting mode share - car,Mobility (context),fua,83.8,PT_WR (% of workers),,2022,,current,higher=worse,OECD,
FR069,Saint-Brieuc,FR,indicator,pm25,Mean PM2.5 population exposure,Environment,fua,23.14017358485573,MCG_M3 (ug/m3),83.31,2025,,,higher=worse,OECD,
FR069,Saint-Brieuc,FR,indicator,green_area,Green area per inhabitant (urban centre),Environment,fua,225,M2_PS (m2/person),89.65,2021,,,higher=better,OECD,
FR069,Saint-Brieuc,FR,indicator,public_transport_access,Population with access to public transport (15-minute walk),Mobility,fua,85,PT_POP (% population),19.36,2023,,,higher=better,OECD,
FR069,Saint-Brieuc,FR,indicator,employment_rate,Employment rate (15-64),Economic Opportunity,fua,,PT_POP_SUB (% of working-age population),,,,,higher=better,OECD,
FR069,Saint-Brieuc,FR,indicator,unemployment_rate,Unemployment rate (15-64),Economic Opportunity,fua,,PT_LF_SUB (% of labour force),,,,,higher=worse,OECD,
FR069,Saint-Brieuc,FR,composite,environment_score,Environment composite score,Environment,fua (composite),,score (0-100),86.48,,,,,derived (V1 approved composites),
FR069,Saint-Brieuc,FR,composite,mobility_score,Mobility composite score,Mobility,fua (composite),,score (0-100),19.36,,,,,derived (V1 approved composites),
FR069,Saint-Brieuc,FR,composite,economic_opportunity_score,Economic Opportunity composite score,Economic Opportunity,fua (composite),,score (0-100),,,,,,derived (V1 approved composites),
FR069,Saint-Brieuc,FR,context,population,Population (total),Context,fua,211890,PS (persons),,2022,,,neutral (context),OECD,
FR069,Saint-Brieuc,FR,context,commuting_public_transport,Commuting mode share - public transport,Mobility (context),fua,4.2,PT_WR (% of workers),,2022,,current,higher=better,OECD,
FR069,Saint-Brieuc,FR,context,commuting_bike,Commuting mode share - bicycle,Mobility (context),fua,2.1,PT_WR (% of workers),,2022,,current,higher=better,OECD,
FR069,Saint-Brieuc,FR,context,commuting_walk,Commuting mode share - walking,Mobility (context),fua,4.6,PT_WR (% of workers),,2022,,current,higher=better,OECD,
FR069,Saint-Brieuc,FR,context,commuting_car,Commuting mode share - car,Mobility (context),fua,87.8,PT_WR (% of workers),,2022,,current,higher=worse,OECD,
FR076,Annemasse-Geneva (French part),FR,indicator,pm25,Mean PM2.5 population exposure,Environment,fua,30.46800646388005,MCG_M3 (ug/m3),43.28,2025,,,higher=worse,OECD,
FR076,Annemasse-Geneva (French part),FR,indicator,green_area,Green area per inhabitant (urban centre),Environment,fua,120,M2_PS (m2/person),35.23,2021,,,higher=better,OECD,
FR076,Annemasse-Geneva (French part),FR,indicator,public_transport_access,Population with access to public transport (15-minute walk),Mobility,fua,,PT_POP (% population),,,,,higher=better,OECD,
FR076,Annemasse-Geneva (French part),FR,indicator,employment_rate,Employment rate (15-64),Economic Opportunity,fua,69.7,PT_POP_SUB (% of working-age population),42.07,2024,,,higher=better,OECD,
FR076,Annemasse-Geneva (French part),FR,indicator,unemployment_rate,Unemployment rate (15-64),Economic Opportunity,fua,7,PT_LF_SUB (% of labour force),41.13,2024,,,higher=worse,OECD,
FR076,Annemasse-Geneva (French part),FR,composite,environment_score,Environment composite score,Environment,fua (composite),,score (0-100),39.25,,,,,derived (V1 approved composites),
FR076,Annemasse-Geneva (French part),FR,composite,mobility_score,Mobility composite score,Mobility,fua (composite),,score (0-100),,,,,,derived (V1 approved composites),
FR076,Annemasse-Geneva (French part),FR,composite,economic_opportunity_score,Economic Opportunity composite score,Economic Opportunity,fua (composite),,score (0-100),41.6,,,,,derived (V1 approved composites),
FR076,Annemasse-Geneva (French part),FR,context,population,Population (total),Context,fua,106491,PS (persons),,2022,,,neutral (context),OECD,
FR076,Annemasse-Geneva (French part),FR,context,commuting_public_transport,Commuting mode share - public transport,Mobility (context),fua,18.7,PT_WR (% of workers),,2022,,current,higher=better,OECD,
FR076,Annemasse-Geneva (French part),FR,context,commuting_bike,Commuting mode share - bicycle,Mobility (context),fua,5.9,PT_WR (% of workers),,2022,,current,higher=better,OECD,
FR076,Annemasse-Geneva (French part),FR,context,commuting_walk,Commuting mode share - walking,Mobility (context),fua,6.9,PT_WR (% of workers),,2022,,current,higher=better,OECD,
FR076,Annemasse-Geneva (French part),FR,context,commuting_car,Commuting mode share - car,Mobility (context),fua,63.1,PT_WR (% of workers),,2022,,current,higher=worse,OECD,
HR001,Zagreb,HR,indicator,pm25,Mean PM2.5 population exposure,Environment,fua,55.15696248663687,MCG_M3 (ug/m3),4.28,2025,,,higher=worse,OECD,
HR001,Zagreb,HR,indicator,green_area,Green area per inhabitant (urban centre),Environment,fua,169,M2_PS (m2/person),67.34,2021,,,higher=better,OECD,
HR001,Zagreb,HR,indicator,public_transport_access,Population with access to public transport (15-minute walk),Mobility,fua,,PT_POP (% population),,,,,higher=better,OECD,
HR001,Zagreb,HR,indicator,employment_rate,Employment rate (15-64),Economic Opportunity,fua,72.6,PT_POP_SUB (% of working-age population),63.1,2024,,,higher=better,OECD,
HR001,Zagreb,HR,indicator,unemployment_rate,Unemployment rate (15-64),Economic Opportunity,fua,2.9,PT_LF_SUB (% of labour force),90.19,2024,,,higher=worse,OECD,
HR001,Zagreb,HR,composite,environment_score,Environment composite score,Environment,fua (composite),,score (0-100),35.81,,,,,derived (V1 approved composites),
HR001,Zagreb,HR,composite,mobility_score,Mobility composite score,Mobility,fua (composite),,score (0-100),,,,,,derived (V1 approved composites),
HR001,Zagreb,HR,composite,economic_opportunity_score,Economic Opportunity composite score,Economic Opportunity,fua (composite),,score (0-100),76.64,,,,,derived (V1 approved composites),
HR001,Zagreb,HR,perception_dimension,perceived_safety,Perceived safety (safe walking at night after dark),Safety,city_core,78.7,"PC (sum of response-category shares, % of respondents)",78.75,2023,,,higher=better,Eurostat,HR001C
HR001,Zagreb,HR,perception_dimension,community,Trust / community (generalised trust),Community,city_core,52.7,"PC (sum of response-category shares, % of respondents)",25.0,2023,,,higher=better,Eurostat,HR001C
HR001,Zagreb,HR,perception_dimension,life_satisfaction,Life satisfaction (the life you lead),Life Balance,city_core,81.0,"PC (sum of response-category shares, % of respondents)",30.0,2023,,,higher=better,Eurostat,HR001C
HR001,Zagreb,HR,perception_dimension,housing_satisfaction,Housing satisfaction (easy to find good housing at a reasonable price),Housing,city_core,36.1,"PC (sum of response-category shares, % of respondents)",65.0,2023,,,higher=better,Eurostat,HR001C
HR001,Zagreb,HR,context,population,Population (total),Context,fua,1245546,PS (persons),,2021,,,neutral (context),OECD,
HR001,Zagreb,HR,context,commuting_public_transport,Commuting mode share - public transport,Mobility (context),fua,,PT_WR (% of workers),,,,,higher=better,OECD,
HR001,Zagreb,HR,context,commuting_bike,Commuting mode share - bicycle,Mobility (context),fua,,PT_WR (% of workers),,,,,higher=better,OECD,
HR001,Zagreb,HR,context,commuting_walk,Commuting mode share - walking,Mobility (context),fua,,PT_WR (% of workers),,,,,higher=better,OECD,
HR001,Zagreb,HR,context,commuting_car,Commuting mode share - car,Mobility (context),fua,,PT_WR (% of workers),,,,,higher=worse,OECD,
HR005,Split,HR,indicator,pm25,Mean PM2.5 population exposure,Environment,fua,28.98963770753854,MCG_M3 (ug/m3),49.34,2025,,,higher=worse,OECD,
HR005,Split,HR,indicator,green_area,Green area per inhabitant (urban centre),Environment,fua,103,M2_PS (m2/person),26.65,2021,,,higher=better,OECD,
HR005,Split,HR,indicator,public_transport_access,Population with access to public transport (15-minute walk),Mobility,fua,,PT_POP (% population),,,,,higher=better,OECD,
HR005,Split,HR,indicator,employment_rate,Employment rate (15-64),Economic Opportunity,fua,68,PT_POP_SUB (% of working-age population),34.13,2024,,,higher=better,OECD,
HR005,Split,HR,indicator,unemployment_rate,Unemployment rate (15-64),Economic Opportunity,fua,6.4,PT_LF_SUB (% of labour force),49.25,2024,,,higher=worse,OECD,
HR005,Split,HR,composite,environment_score,Environment composite score,Environment,fua (composite),,score (0-100),38.0,,,,,derived (V1 approved composites),
HR005,Split,HR,composite,mobility_score,Mobility composite score,Mobility,fua (composite),,score (0-100),,,,,,derived (V1 approved composites),
HR005,Split,HR,composite,economic_opportunity_score,Economic Opportunity composite score,Economic Opportunity,fua (composite),,score (0-100),41.69,,,,,derived (V1 approved composites),
HR005,Split,HR,context,population,Population (total),Context,fua,322022,PS (persons),,2021,,,neutral (context),OECD,
HR005,Split,HR,context,commuting_public_transport,Commuting mode share - public transport,Mobility (context),fua,,PT_WR (% of workers),,,,,higher=better,OECD,
HR005,Split,HR,context,commuting_bike,Commuting mode share - bicycle,Mobility (context),fua,,PT_WR (% of workers),,,,,higher=better,OECD,
HR005,Split,HR,context,commuting_walk,Commuting mode share - walking,Mobility (context),fua,,PT_WR (% of workers),,,,,higher=better,OECD,
HR005,Split,HR,context,commuting_car,Commuting mode share - car,Mobility (context),fua,,PT_WR (% of workers),,,,,higher=worse,OECD,
HU001,Budapest,HU,indicator,pm25,Mean PM2.5 population exposure,Environment,fua,39.18412319706825,MCG_M3 (ug/m3),15.95,2025,,,higher=worse,OECD,
HU001,Budapest,HU,indicator,green_area,Green area per inhabitant (urban centre),Environment,fua,124,M2_PS (m2/person),38.2,2021,,,higher=better,OECD,
HU001,Budapest,HU,indicator,public_transport_access,Population with access to public transport (15-minute walk),Mobility,fua,94.9,PT_POP (% population),51.33,2023,,,higher=better,OECD,
HU001,Budapest,HU,indicator,employment_rate,Employment rate (15-64),Economic Opportunity,fua,77.8,PT_POP_SUB (% of working-age population),87.45,2024,,,higher=better,OECD,
HU001,Budapest,HU,indicator,unemployment_rate,Unemployment rate (15-64),Economic Opportunity,fua,2.8,PT_LF_SUB (% of labour force),91.89,2024,,,higher=worse,OECD,
HU001,Budapest,HU,composite,environment_score,Environment composite score,Environment,fua (composite),,score (0-100),27.08,,,,,derived (V1 approved composites),
HU001,Budapest,HU,composite,mobility_score,Mobility composite score,Mobility,fua (composite),,score (0-100),51.33,,,,,derived (V1 approved composites),
HU001,Budapest,HU,composite,economic_opportunity_score,Economic Opportunity composite score,Economic Opportunity,fua (composite),,score (0-100),89.67,,,,,derived (V1 approved composites),
HU001,Budapest,HU,perception_dimension,perceived_safety,Perceived safety (safe walking at night after dark),Safety,city_core,58.2,"PC (sum of response-category shares, % of respondents)",18.75,2023,,,higher=better,Eurostat,HU001C
HU001,Budapest,HU,perception_dimension,community,Trust / community (generalised trust),Community,city_core,40.5,"PC (sum of response-category shares, % of respondents)",6.25,2023,,,higher=better,Eurostat,HU001C
HU001,Budapest,HU,perception_dimension,life_satisfaction,Life satisfaction (the life you lead),Life Balance,city_core,74.4,"PC (sum of response-category shares, % of respondents)",14.37,2023,,,higher=better,Eurostat,HU001C
HU001,Budapest,HU,perception_dimension,housing_satisfaction,Housing satisfaction (easy to find good housing at a reasonable price),Housing,city_core,20.1,"PC (sum of response-category shares, % of respondents)",27.5,2023,,,higher=better,Eurostat,HU001C
HU001,Budapest,HU,context,population,Population (total),Context,fua,3052201,PS (persons),,2024,,,neutral (context),OECD,
HU001,Budapest,HU,context,commuting_public_transport,Commuting mode share - public transport,Mobility (context),fua,,PT_WR (% of workers),,,,,higher=better,OECD,
HU001,Budapest,HU,context,commuting_bike,Commuting mode share - bicycle,Mobility (context),fua,,PT_WR (% of workers),,,,,higher=better,OECD,
HU001,Budapest,HU,context,commuting_walk,Commuting mode share - walking,Mobility (context),fua,,PT_WR (% of workers),,,,,higher=better,OECD,
HU001,Budapest,HU,context,commuting_car,Commuting mode share - car,Mobility (context),fua,,PT_WR (% of workers),,,,,higher=worse,OECD,
HU002,Miskolc,HU,indicator,pm25,Mean PM2.5 population exposure,Environment,fua,40.11540574430844,MCG_M3 (ug/m3),15.21,2025,,,higher=worse,OECD,
HU002,Miskolc,HU,indicator,green_area,Green area per inhabitant (urban centre),Environment,fua,239,M2_PS (m2/person),93.18,2021,,,higher=better,OECD,
HU002,Miskolc,HU,indicator,public_transport_access,Population with access to public transport (15-minute walk),Mobility,fua,95.2,PT_POP (% population),53.18,2023,,,higher=better,OECD,
HU002,Miskolc,HU,indicator,employment_rate,Employment rate (15-64),Economic Opportunity,fua,68,PT_POP_SUB (% of working-age population),34.13,2024,,,higher=better,OECD,
HU002,Miskolc,HU,indicator,unemployment_rate,Unemployment rate (15-64),Economic Opportunity,fua,7.6,PT_LF_SUB (% of labour force),31.32,2024,,,higher=worse,OECD,
HU002,Miskolc,HU,composite,environment_score,Environment composite score,Environment,fua (composite),,score (0-100),54.2,,,,,derived (V1 approved composites),
HU002,Miskolc,HU,composite,mobility_score,Mobility composite score,Mobility,fua (composite),,score (0-100),53.18,,,,,derived (V1 approved composites),
HU002,Miskolc,HU,composite,economic_opportunity_score,Economic Opportunity composite score,Economic Opportunity,fua (composite),,score (0-100),32.73,,,,,derived (V1 approved composites),
HU002,Miskolc,HU,perception_dimension,perceived_safety,Perceived safety (safe walking at night after dark),Safety,city_core,45.6,"PC (sum of response-category shares, % of respondents)",10.0,2023,,,higher=better,Eurostat,HU002C
HU002,Miskolc,HU,perception_dimension,community,Trust / community (generalised trust),Community,city_core,35.7,"PC (sum of response-category shares, % of respondents)",5.0,2023,,,higher=better,Eurostat,HU002C
HU002,Miskolc,HU,perception_dimension,life_satisfaction,Life satisfaction (the life you lead),Life Balance,city_core,68.8,"PC (sum of response-category shares, % of respondents)",6.25,2023,,,higher=better,Eurostat,HU002C
HU002,Miskolc,HU,perception_dimension,housing_satisfaction,Housing satisfaction (easy to find good housing at a reasonable price),Housing,city_core,35.6,"PC (sum of response-category shares, % of respondents)",63.75,2023,,,higher=better,Eurostat,HU002C
HU002,Miskolc,HU,context,population,Population (total),Context,fua,337934,PS (persons),,2024,,,neutral (context),OECD,
HU002,Miskolc,HU,context,commuting_public_transport,Commuting mode share - public transport,Mobility (context),fua,,PT_WR (% of workers),,,,,higher=better,OECD,
HU002,Miskolc,HU,context,commuting_bike,Commuting mode share - bicycle,Mobility (context),fua,,PT_WR (% of workers),,,,,higher=better,OECD,
HU002,Miskolc,HU,context,commuting_walk,Commuting mode share - walking,Mobility (context),fua,,PT_WR (% of workers),,,,,higher=better,OECD,
HU002,Miskolc,HU,context,commuting_car,Commuting mode share - car,Mobility (context),fua,,PT_WR (% of workers),,,,,higher=worse,OECD,
HU005,Debrecen,HU,indicator,pm25,Mean PM2.5 population exposure,Environment,fua,41.2693073667758,MCG_M3 (ug/m3),13.88,2025,,,higher=worse,OECD,
HU005,Debrecen,HU,indicator,green_area,Green area per inhabitant (urban centre),Environment,fua,171,M2_PS (m2/person),68.7,2021,,,higher=better,OECD,
HU005,Debrecen,HU,indicator,public_transport_access,Population with access to public transport (15-minute walk),Mobility,fua,71.8,PT_POP (% population),7.43,2023,,,higher=better,OECD,
HU005,Debrecen,HU,indicator,employment_rate,Employment rate (15-64),Economic Opportunity,fua,71.1,PT_POP_SUB (% of working-age population),57.38,2024,,,higher=better,OECD,
HU005,Debrecen,HU,indicator,unemployment_rate,Unemployment rate (15-64),Economic Opportunity,fua,5.7,PT_LF_SUB (% of labour force),59.62,2024,,,higher=worse,OECD,
HU005,Debrecen,HU,composite,environment_score,Environment composite score,Environment,fua (composite),,score (0-100),41.29,,,,,derived (V1 approved composites),
HU005,Debrecen,HU,composite,mobility_score,Mobility composite score,Mobility,fua (composite),,score (0-100),7.43,,,,,derived (V1 approved composites),
HU005,Debrecen,HU,composite,economic_opportunity_score,Economic Opportunity composite score,Economic Opportunity,fua (composite),,score (0-100),58.5,,,,,derived (V1 approved composites),
HU005,Debrecen,HU,context,population,Population (total),Context,fua,404076,PS (persons),,2024,,,neutral (context),OECD,
HU005,Debrecen,HU,context,commuting_public_transport,Commuting mode share - public transport,Mobility (context),fua,,PT_WR (% of workers),,,,,higher=better,OECD,
HU005,Debrecen,HU,context,commuting_bike,Commuting mode share - bicycle,Mobility (context),fua,,PT_WR (% of workers),,,,,higher=better,OECD,
HU005,Debrecen,HU,context,commuting_walk,Commuting mode share - walking,Mobility (context),fua,,PT_WR (% of workers),,,,,higher=better,OECD,
HU005,Debrecen,HU,context,commuting_car,Commuting mode share - car,Mobility (context),fua,,PT_WR (% of workers),,,,,higher=worse,OECD,
HU007,Győr,HU,indicator,pm25,Mean PM2.5 population exposure,Environment,fua,32.67052366382433,MCG_M3 (ug/m3),34.56,2025,,,higher=worse,OECD,
HU007,Győr,HU,indicator,green_area,Green area per inhabitant (urban centre),Environment,fua,209,M2_PS (m2/person),84.91,2021,,,higher=better,OECD,
HU007,Győr,HU,indicator,public_transport_access,Population with access to public transport (15-minute walk),Mobility,fua,94,PT_POP (% population),47.08,2023,,,higher=better,OECD,
HU007,Győr,HU,indicator,employment_rate,Employment rate (15-64),Economic Opportunity,fua,77.3,PT_POP_SUB (% of working-age population),85.61,2024,,,higher=better,OECD,
HU007,Győr,HU,indicator,unemployment_rate,Unemployment rate (15-64),Economic Opportunity,fua,2.2,PT_LF_SUB (% of labour force),97.74,2024,,,higher=worse,OECD,
HU007,Győr,HU,composite,environment_score,Environment composite score,Environment,fua (composite),,score (0-100),59.73,,,,,derived (V1 approved composites),
HU007,Győr,HU,composite,mobility_score,Mobility composite score,Mobility,fua (composite),,score (0-100),47.08,,,,,derived (V1 approved composites),
HU007,Győr,HU,composite,economic_opportunity_score,Economic Opportunity composite score,Economic Opportunity,fua (composite),,score (0-100),91.67,,,,,derived (V1 approved composites),
HU007,Győr,HU,context,population,Population (total),Context,fua,258218,PS (persons),,2024,,,neutral (context),OECD,
HU007,Győr,HU,context,commuting_public_transport,Commuting mode share - public transport,Mobility (context),fua,,PT_WR (% of workers),,,,,higher=better,OECD,
HU007,Győr,HU,context,commuting_bike,Commuting mode share - bicycle,Mobility (context),fua,,PT_WR (% of workers),,,,,higher=better,OECD,
HU007,Győr,HU,context,commuting_walk,Commuting mode share - walking,Mobility (context),fua,,PT_WR (% of workers),,,,,higher=better,OECD,
HU007,Győr,HU,context,commuting_car,Commuting mode share - car,Mobility (context),fua,,PT_WR (% of workers),,,,,higher=worse,OECD,
HU009,Székesfehérvár,HU,indicator,pm25,Mean PM2.5 population exposure,Environment,fua,36.66090625278455,MCG_M3 (ug/m3),22.01,2025,,,higher=worse,OECD,
HU009,Székesfehérvár,HU,indicator,green_area,Green area per inhabitant (urban centre),Environment,fua,171,M2_PS (m2/person),68.7,2021,,,higher=better,OECD,
HU009,Székesfehérvár,HU,indicator,public_transport_access,Population with access to public transport (15-minute walk),Mobility,fua,91.6,PT_POP (% population),35.28,2023,,,higher=better,OECD,
HU009,Székesfehérvár,HU,indicator,employment_rate,Employment rate (15-64),Economic Opportunity,fua,76.1,PT_POP_SUB (% of working-age population),80.44,2024,,,higher=better,OECD,
HU009,Székesfehérvár,HU,indicator,unemployment_rate,Unemployment rate (15-64),Economic Opportunity,fua,2.8,PT_LF_SUB (% of labour force),91.89,2024,,,higher=worse,OECD,
HU009,Székesfehérvár,HU,composite,environment_score,Environment composite score,Environment,fua (composite),,score (0-100),45.36,,,,,derived (V1 approved composites),
HU009,Székesfehérvár,HU,composite,mobility_score,Mobility composite score,Mobility,fua (composite),,score (0-100),35.28,,,,,derived (V1 approved composites),
HU009,Székesfehérvár,HU,composite,economic_opportunity_score,Economic Opportunity composite score,Economic Opportunity,fua (composite),,score (0-100),86.16,,,,,derived (V1 approved composites),
HU009,Székesfehérvár,HU,context,population,Population (total),Context,fua,256676,PS (persons),,2024,,,neutral (context),OECD,
HU009,Székesfehérvár,HU,context,commuting_public_transport,Commuting mode share - public transport,Mobility (context),fua,,PT_WR (% of workers),,,,,higher=better,OECD,
HU009,Székesfehérvár,HU,context,commuting_bike,Commuting mode share - bicycle,Mobility (context),fua,,PT_WR (% of workers),,,,,higher=better,OECD,
HU009,Székesfehérvár,HU,context,commuting_walk,Commuting mode share - walking,Mobility (context),fua,,PT_WR (% of workers),,,,,higher=better,OECD,
HU009,Székesfehérvár,HU,context,commuting_car,Commuting mode share - car,Mobility (context),fua,,PT_WR (% of workers),,,,,higher=worse,OECD,
IE001,Dublin,IE,indicator,pm25,Mean PM2.5 population exposure,Environment,fua,21.373741399499714,MCG_M3 (ug/m3),90.4,2025,,,higher=worse,OECD,
IE001,Dublin,IE,indicator,green_area,Green area per inhabitant (urban centre),Environment,fua,122,M2_PS (m2/person),36.84,2021,,,higher=better,OECD,
IE001,Dublin,IE,indicator,public_transport_access,Population with access to public transport (15-minute walk),Mobility,fua,86,PT_POP (% population),20.42,2023,,,higher=better,OECD,
IE001,Dublin,IE,indicator,employment_rate,Employment rate (15-64),Economic Opportunity,fua,76.6,PT_POP_SUB (% of working-age population),82.29,2024,,,higher=better,OECD,
IE001,Dublin,IE,indicator,unemployment_rate,Unemployment rate (15-64),Economic Opportunity,fua,4.6,PT_LF_SUB (% of labour force),68.87,2023,,,higher=worse,OECD,
IE001,Dublin,IE,composite,environment_score,Environment composite score,Environment,fua (composite),,score (0-100),63.62,,,,,derived (V1 approved composites),
IE001,Dublin,IE,composite,mobility_score,Mobility composite score,Mobility,fua (composite),,score (0-100),20.42,,,,,derived (V1 approved composites),
IE001,Dublin,IE,composite,economic_opportunity_score,Economic Opportunity composite score,Economic Opportunity,fua (composite),,score (0-100),75.58,,,,,derived (V1 approved composites),
IE001,Dublin,IE,perception_dimension,perceived_safety,Perceived safety (safe walking at night after dark),Safety,city_core,69.0,"PC (sum of response-category shares, % of respondents)",48.12,2023,,,higher=better,Eurostat,IE001C
IE001,Dublin,IE,perception_dimension,community,Trust / community (generalised trust),Community,city_core,72.7,"PC (sum of response-category shares, % of respondents)",75.0,2023,,,higher=better,Eurostat,IE001C
IE001,Dublin,IE,perception_dimension,life_satisfaction,Life satisfaction (the life you lead),Life Balance,city_core,81.9,"PC (sum of response-category shares, % of respondents)",32.5,2023,,,higher=better,Eurostat,IE001C
IE001,Dublin,IE,perception_dimension,housing_satisfaction,Housing satisfaction (easy to find good housing at a reasonable price),Housing,city_core,17.2,"PC (sum of response-category shares, % of respondents)",20.0,2023,,,higher=better,Eurostat,IE001C
IE001,Dublin,IE,context,population,Population (total),Context,fua,2096412,PS (persons),,2022,,,neutral (context),OECD,
IE001,Dublin,IE,context,commuting_public_transport,Commuting mode share - public transport,Mobility (context),fua,18.7,PT_WR (% of workers),,2022,,current,higher=better,OECD,
IE001,Dublin,IE,context,commuting_bike,Commuting mode share - bicycle,Mobility (context),fua,5.7,PT_WR (% of workers),,2022,,current,higher=better,OECD,
IE001,Dublin,IE,context,commuting_walk,Commuting mode share - walking,Mobility (context),fua,10.8,PT_WR (% of workers),,2022,,current,higher=better,OECD,
IE001,Dublin,IE,context,commuting_car,Commuting mode share - car,Mobility (context),fua,63.7,PT_WR (% of workers),,2022,,current,higher=worse,OECD,
IE002,Cork,IE,indicator,pm25,Mean PM2.5 population exposure,Environment,fua,20.96477578998902,MCG_M3 (ug/m3),91.29,2025,,,higher=worse,OECD,
IE002,Cork,IE,indicator,green_area,Green area per inhabitant (urban centre),Environment,fua,199,M2_PS (m2/person),81.14,2021,,,higher=better,OECD,
IE002,Cork,IE,indicator,public_transport_access,Population with access to public transport (15-minute walk),Mobility,fua,69,PT_POP (% population),5.84,2023,,,higher=better,OECD,
IE002,Cork,IE,indicator,employment_rate,Employment rate (15-64),Economic Opportunity,fua,74.3,PT_POP_SUB (% of working-age population),73.43,2024,,,higher=better,OECD,
IE002,Cork,IE,indicator,unemployment_rate,Unemployment rate (15-64),Economic Opportunity,fua,5.9,PT_LF_SUB (% of labour force),57.74,2024,,,higher=worse,OECD,
IE002,Cork,IE,composite,environment_score,Environment composite score,Environment,fua (composite),,score (0-100),86.22,,,,,derived (V1 approved composites),
IE002,Cork,IE,composite,mobility_score,Mobility composite score,Mobility,fua (composite),,score (0-100),5.84,,,,,derived (V1 approved composites),
IE002,Cork,IE,composite,economic_opportunity_score,Economic Opportunity composite score,Economic Opportunity,fua (composite),,score (0-100),65.59,,,,,derived (V1 approved composites),
IE002,Cork,IE,context,population,Population (total),Context,fua,500578,PS (persons),,2022,,,neutral (context),OECD,
IE002,Cork,IE,context,commuting_public_transport,Commuting mode share - public transport,Mobility (context),fua,5.7,PT_WR (% of workers),,2022,,current,higher=better,OECD,
IE002,Cork,IE,context,commuting_bike,Commuting mode share - bicycle,Mobility (context),fua,1.8,PT_WR (% of workers),,2022,,current,higher=better,OECD,
IE002,Cork,IE,context,commuting_walk,Commuting mode share - walking,Mobility (context),fua,9.8,PT_WR (% of workers),,2022,,current,higher=better,OECD,
IE002,Cork,IE,context,commuting_car,Commuting mode share - car,Mobility (context),fua,81.7,PT_WR (% of workers),,2022,,current,higher=worse,OECD,
IE003,Limerick,IE,indicator,pm25,Mean PM2.5 population exposure,Environment,fua,20.46037953425916,MCG_M3 (ug/m3),92.02,2025,,,higher=worse,OECD,
IE003,Limerick,IE,indicator,green_area,Green area per inhabitant (urban centre),Environment,fua,,M2_PS (m2/person),,,,,higher=better,OECD,
IE003,Limerick,IE,indicator,public_transport_access,Population with access to public transport (15-minute walk),Mobility,fua,58.5,PT_POP (% population),1.59,2023,,,higher=better,OECD,
IE003,Limerick,IE,indicator,employment_rate,Employment rate (15-64),Economic Opportunity,fua,75.5,PT_POP_SUB (% of working-age population),77.68,2024,,,higher=better,OECD,
IE003,Limerick,IE,indicator,unemployment_rate,Unemployment rate (15-64),Economic Opportunity,fua,3.6,PT_LF_SUB (% of labour force),80.38,2024,,,higher=worse,OECD,
IE003,Limerick,IE,composite,environment_score,Environment composite score,Environment,fua (composite),,score (0-100),,,,,,derived (V1 approved composites),
IE003,Limerick,IE,composite,mobility_score,Mobility composite score,Mobility,fua (composite),,score (0-100),1.59,,,,,derived (V1 approved composites),
IE003,Limerick,IE,composite,economic_opportunity_score,Economic Opportunity composite score,Economic Opportunity,fua (composite),,score (0-100),79.03,,,,,derived (V1 approved composites),
IE003,Limerick,IE,context,population,Population (total),Context,fua,251673,PS (persons),,2022,,,neutral (context),OECD,
IE003,Limerick,IE,context,commuting_public_transport,Commuting mode share - public transport,Mobility (context),fua,3.6,PT_WR (% of workers),,2022,,current,higher=better,OECD,
IE003,Limerick,IE,context,commuting_bike,Commuting mode share - bicycle,Mobility (context),fua,1.8,PT_WR (% of workers),,2022,,current,higher=better,OECD,
IE003,Limerick,IE,context,commuting_walk,Commuting mode share - walking,Mobility (context),fua,9,PT_WR (% of workers),,2022,,current,higher=better,OECD,
IE003,Limerick,IE,context,commuting_car,Commuting mode share - car,Mobility (context),fua,84.5,PT_WR (% of workers),,2022,,current,higher=worse,OECD,
IE004,Galway,IE,indicator,pm25,Mean PM2.5 population exposure,Environment,fua,17.449947295996115,MCG_M3 (ug/m3),96.16,2025,,,higher=worse,OECD,
IE004,Galway,IE,indicator,green_area,Green area per inhabitant (urban centre),Environment,fua,224,M2_PS (m2/person),88.84,2021,,,higher=better,OECD,
IE004,Galway,IE,indicator,public_transport_access,Population with access to public transport (15-minute walk),Mobility,fua,50.6,PT_POP (% population),0.8,2023,,,higher=better,OECD,
IE004,Galway,IE,indicator,employment_rate,Employment rate (15-64),Economic Opportunity,fua,75.9,PT_POP_SUB (% of working-age population),79.89,2024,,,higher=better,OECD,
IE004,Galway,IE,indicator,unemployment_rate,Unemployment rate (15-64),Economic Opportunity,fua,4.7,PT_LF_SUB (% of labour force),67.36,2024,,,higher=worse,OECD,
IE004,Galway,IE,composite,environment_score,Environment composite score,Environment,fua (composite),,score (0-100),92.5,,,,,derived (V1 approved composites),
IE004,Galway,IE,composite,mobility_score,Mobility composite score,Mobility,fua (composite),,score (0-100),0.8,,,,,derived (V1 approved composites),
IE004,Galway,IE,composite,economic_opportunity_score,Economic Opportunity composite score,Economic Opportunity,fua (composite),,score (0-100),73.62,,,,,derived (V1 approved composites),
IE004,Galway,IE,context,population,Population (total),Context,fua,247882,PS (persons),,2022,,,neutral (context),OECD,
IE004,Galway,IE,context,commuting_public_transport,Commuting mode share - public transport,Mobility (context),fua,5.1,PT_WR (% of workers),,2022,,current,higher=better,OECD,
IE004,Galway,IE,context,commuting_bike,Commuting mode share - bicycle,Mobility (context),fua,2.7,PT_WR (% of workers),,2022,,current,higher=better,OECD,
IE004,Galway,IE,context,commuting_walk,Commuting mode share - walking,Mobility (context),fua,9.3,PT_WR (% of workers),,2022,,current,higher=better,OECD,
IE004,Galway,IE,context,commuting_car,Commuting mode share - car,Mobility (context),fua,81.8,PT_WR (% of workers),,2022,,current,higher=worse,OECD,
IT001,Roma,IT,indicator,pm25,Mean PM2.5 population exposure,Environment,fua,47.06670874691339,MCG_M3 (ug/m3),8.57,2025,,,higher=worse,OECD,
IT001,Roma,IT,indicator,green_area,Green area per inhabitant (urban centre),Environment,fua,90,M2_PS (m2/person),19.5,2021,,,higher=better,OECD,
IT001,Roma,IT,indicator,public_transport_access,Population with access to public transport (15-minute walk),Mobility,fua,64.9,PT_POP (% population),3.18,2023,,,higher=better,OECD,
IT001,Roma,IT,indicator,employment_rate,Employment rate (15-64),Economic Opportunity,fua,64.9,PT_POP_SUB (% of working-age population),23.25,2024,,,higher=better,OECD,
IT001,Roma,IT,indicator,unemployment_rate,Unemployment rate (15-64),Economic Opportunity,fua,6.1,PT_LF_SUB (% of labour force),56.04,2024,,,higher=worse,OECD,
IT001,Roma,IT,composite,environment_score,Environment composite score,Environment,fua (composite),,score (0-100),14.04,,,,,derived (V1 approved composites),
IT001,Roma,IT,composite,mobility_score,Mobility composite score,Mobility,fua (composite),,score (0-100),3.18,,,,,derived (V1 approved composites),
IT001,Roma,IT,composite,economic_opportunity_score,Economic Opportunity composite score,Economic Opportunity,fua (composite),,score (0-100),39.64,,,,,derived (V1 approved composites),
IT001,Roma,IT,perception_dimension,perceived_safety,Perceived safety (safe walking at night after dark),Safety,city_core,36.8,"PC (sum of response-category shares, % of respondents)",1.25,2023,,,higher=better,Eurostat,IT001C
IT001,Roma,IT,perception_dimension,community,Trust / community (generalised trust),Community,city_core,47.7,"PC (sum of response-category shares, % of respondents)",16.25,2023,,,higher=better,Eurostat,IT001C
IT001,Roma,IT,perception_dimension,life_satisfaction,Life satisfaction (the life you lead),Life Balance,city_core,73.4,"PC (sum of response-category shares, % of respondents)",11.88,2023,,,higher=better,Eurostat,IT001C
IT001,Roma,IT,perception_dimension,housing_satisfaction,Housing satisfaction (easy to find good housing at a reasonable price),Housing,city_core,26.4,"PC (sum of response-category shares, % of respondents)",42.5,2023,,,higher=better,Eurostat,IT001C
IT001,Roma,IT,context,population,Population (total),Context,fua,4383028,PS (persons),,2024,,,neutral (context),OECD,
IT001,Roma,IT,context,commuting_public_transport,Commuting mode share - public transport,Mobility (context),fua,21.3,PT_WR (% of workers),,2011,,stale_commuting_context,higher=better,OECD,
IT001,Roma,IT,context,commuting_bike,Commuting mode share - bicycle,Mobility (context),fua,0.6,PT_WR (% of workers),,2011,,stale_commuting_context,higher=better,OECD,
IT001,Roma,IT,context,commuting_walk,Commuting mode share - walking,Mobility (context),fua,8.4,PT_WR (% of workers),,2011,,stale_commuting_context,higher=better,OECD,
IT001,Roma,IT,context,commuting_car,Commuting mode share - car,Mobility (context),fua,61.3,PT_WR (% of workers),,2011,,stale_commuting_context,higher=worse,OECD,
IT002,Milano,IT,indicator,pm25,Mean PM2.5 population exposure,Environment,fua,56.956267793972906,MCG_M3 (ug/m3),3.55,2025,,,higher=worse,OECD,
IT002,Milano,IT,indicator,green_area,Green area per inhabitant (urban centre),Environment,fua,106,M2_PS (m2/person),28.09,2021,,,higher=better,OECD,
IT002,Milano,IT,indicator,public_transport_access,Population with access to public transport (15-minute walk),Mobility,fua,67.9,PT_POP (% population),4.77,2023,,,higher=better,OECD,
IT002,Milano,IT,indicator,employment_rate,Employment rate (15-64),Economic Opportunity,fua,70.2,PT_POP_SUB (% of working-age population),49.45,2024,,,higher=better,OECD,
IT002,Milano,IT,indicator,unemployment_rate,Unemployment rate (15-64),Economic Opportunity,fua,4.3,PT_LF_SUB (% of labour force),72.26,2024,,,higher=worse,OECD,
IT002,Milano,IT,composite,environment_score,Environment composite score,Environment,fua (composite),,score (0-100),15.82,,,,,derived (V1 approved composites),
IT002,Milano,IT,composite,mobility_score,Mobility composite score,Mobility,fua (composite),,score (0-100),4.77,,,,,derived (V1 approved composites),
IT002,Milano,IT,composite,economic_opportunity_score,Economic Opportunity composite score,Economic Opportunity,fua (composite),,score (0-100),60.86,,,,,derived (V1 approved composites),
IT002,Milano,IT,context,population,Population (total),Context,fua,5071150,PS (persons),,2024,,,neutral (context),OECD,
IT002,Milano,IT,context,commuting_public_transport,Commuting mode share - public transport,Mobility (context),fua,18.6,PT_WR (% of workers),,2011,,stale_commuting_context,higher=better,OECD,
IT002,Milano,IT,context,commuting_bike,Commuting mode share - bicycle,Mobility (context),fua,5.1,PT_WR (% of workers),,2011,,stale_commuting_context,higher=better,OECD,
IT002,Milano,IT,context,commuting_walk,Commuting mode share - walking,Mobility (context),fua,8.6,PT_WR (% of workers),,2011,,stale_commuting_context,higher=better,OECD,
IT002,Milano,IT,context,commuting_car,Commuting mode share - car,Mobility (context),fua,62.8,PT_WR (% of workers),,2011,,stale_commuting_context,higher=worse,OECD,
IT003,Napoli,IT,indicator,pm25,Mean PM2.5 population exposure,Environment,fua,37.49908700958615,MCG_M3 (ug/m3),19.94,2025,,,higher=worse,OECD,
IT003,Napoli,IT,indicator,green_area,Green area per inhabitant (urban centre),Environment,fua,107,M2_PS (m2/person),29.05,2021,,,higher=better,OECD,
IT003,Napoli,IT,indicator,public_transport_access,Population with access to public transport (15-minute walk),Mobility,fua,46.6,PT_POP (% population),0.27,2023,,,higher=better,OECD,
IT003,Napoli,IT,indicator,employment_rate,Employment rate (15-64),Economic Opportunity,fua,43.2,PT_POP_SUB (% of working-age population),1.48,2024,,,higher=better,OECD,
IT003,Napoli,IT,indicator,unemployment_rate,Unemployment rate (15-64),Economic Opportunity,fua,19,PT_LF_SUB (% of labour force),0.75,2024,,,higher=worse,OECD,
IT003,Napoli,IT,composite,environment_score,Environment composite score,Environment,fua (composite),,score (0-100),24.5,,,,,derived (V1 approved composites),
IT003,Napoli,IT,composite,mobility_score,Mobility composite score,Mobility,fua (composite),,score (0-100),0.27,,,,,derived (V1 approved composites),
IT003,Napoli,IT,composite,economic_opportunity_score,Economic Opportunity composite score,Economic Opportunity,fua (composite),,score (0-100),1.11,,,,,derived (V1 approved composites),
IT003,Napoli,IT,perception_dimension,perceived_safety,Perceived safety (safe walking at night after dark),Safety,city_core,42.6,"PC (sum of response-category shares, % of respondents)",5.0,2023,,,higher=better,Eurostat,IT003C
IT003,Napoli,IT,perception_dimension,community,Trust / community (generalised trust),Community,city_core,55.3,"PC (sum of response-category shares, % of respondents)",30.0,2023,,,higher=better,Eurostat,IT003C
IT003,Napoli,IT,perception_dimension,life_satisfaction,Life satisfaction (the life you lead),Life Balance,city_core,68.0,"PC (sum of response-category shares, % of respondents)",5.0,2023,,,higher=better,Eurostat,IT003C
IT003,Napoli,IT,perception_dimension,housing_satisfaction,Housing satisfaction (easy to find good housing at a reasonable price),Housing,city_core,48.0,"PC (sum of response-category shares, % of respondents)",87.5,2023,,,higher=better,Eurostat,IT003C
IT003,Napoli,IT,context,population,Population (total),Context,fua,3378532,PS (persons),,2024,,,neutral (context),OECD,
IT003,Napoli,IT,context,commuting_public_transport,Commuting mode share - public transport,Mobility (context),fua,14.2,PT_WR (% of workers),,2011,,stale_commuting_context,higher=better,OECD,
IT003,Napoli,IT,context,commuting_bike,Commuting mode share - bicycle,Mobility (context),fua,1.3,PT_WR (% of workers),,2011,,stale_commuting_context,higher=better,OECD,
IT003,Napoli,IT,context,commuting_walk,Commuting mode share - walking,Mobility (context),fua,17.1,PT_WR (% of workers),,2011,,stale_commuting_context,higher=better,OECD,
IT003,Napoli,IT,context,commuting_car,Commuting mode share - car,Mobility (context),fua,62.3,PT_WR (% of workers),,2011,,stale_commuting_context,higher=worse,OECD,
IT004,Torino,IT,indicator,pm25,Mean PM2.5 population exposure,Environment,fua,56.28922381701538,MCG_M3 (ug/m3),3.69,2025,,,higher=worse,OECD,
IT004,Torino,IT,indicator,green_area,Green area per inhabitant (urban centre),Environment,fua,58,M2_PS (m2/person),7.7,2021,,,higher=better,OECD,
IT004,Torino,IT,indicator,public_transport_access,Population with access to public transport (15-minute walk),Mobility,fua,,PT_POP (% population),,,,,higher=better,OECD,
IT004,Torino,IT,indicator,employment_rate,Employment rate (15-64),Economic Opportunity,fua,68.3,PT_POP_SUB (% of working-age population),36.9,2024,,,higher=better,OECD,
IT004,Torino,IT,indicator,unemployment_rate,Unemployment rate (15-64),Economic Opportunity,fua,6.4,PT_LF_SUB (% of labour force),49.25,2024,,,higher=worse,OECD,
IT004,Torino,IT,composite,environment_score,Environment composite score,Environment,fua (composite),,score (0-100),5.7,,,,,derived (V1 approved composites),
IT004,Torino,IT,composite,mobility_score,Mobility composite score,Mobility,fua (composite),,score (0-100),,,,,,derived (V1 approved composites),
IT004,Torino,IT,composite,economic_opportunity_score,Economic Opportunity composite score,Economic Opportunity,fua (composite),,score (0-100),43.08,,,,,derived (V1 approved composites),
IT004,Torino,IT,perception_dimension,perceived_safety,Perceived safety (safe walking at night after dark),Safety,city_core,47.8,"PC (sum of response-category shares, % of respondents)",12.5,2023,,,higher=better,Eurostat,IT004C
IT004,Torino,IT,perception_dimension,community,Trust / community (generalised trust),Community,city_core,49.2,"PC (sum of response-category shares, % of respondents)",21.25,2023,,,higher=better,Eurostat,IT004C
IT004,Torino,IT,perception_dimension,life_satisfaction,Life satisfaction (the life you lead),Life Balance,city_core,72.0,"PC (sum of response-category shares, % of respondents)",10.0,2023,,,higher=better,Eurostat,IT004C
IT004,Torino,IT,perception_dimension,housing_satisfaction,Housing satisfaction (easy to find good housing at a reasonable price),Housing,city_core,39.5,"PC (sum of response-category shares, % of respondents)",73.75,2023,,,higher=better,Eurostat,IT004C
IT004,Torino,IT,context,population,Population (total),Context,fua,1776003,PS (persons),,2024,,,neutral (context),OECD,
IT004,Torino,IT,context,commuting_public_transport,Commuting mode share - public transport,Mobility (context),fua,17.7,PT_WR (% of workers),,2011,,stale_commuting_context,higher=better,OECD,
IT004,Torino,IT,context,commuting_bike,Commuting mode share - bicycle,Mobility (context),fua,2.5,PT_WR (% of workers),,2011,,stale_commuting_context,higher=better,OECD,
IT004,Torino,IT,context,commuting_walk,Commuting mode share - walking,Mobility (context),fua,10.4,PT_WR (% of workers),,2011,,stale_commuting_context,higher=better,OECD,
IT004,Torino,IT,context,commuting_car,Commuting mode share - car,Mobility (context),fua,67,PT_WR (% of workers),,2011,,stale_commuting_context,higher=worse,OECD,
IT005,Palermo,IT,indicator,pm25,Mean PM2.5 population exposure,Environment,fua,37.21173103175473,MCG_M3 (ug/m3),20.97,2025,,,higher=worse,OECD,
IT005,Palermo,IT,indicator,green_area,Green area per inhabitant (urban centre),Environment,fua,106,M2_PS (m2/person),28.09,2021,,,higher=better,OECD,
IT005,Palermo,IT,indicator,public_transport_access,Population with access to public transport (15-minute walk),Mobility,fua,68.6,PT_POP (% population),5.44,2023,,,higher=better,OECD,
IT005,Palermo,IT,indicator,employment_rate,Employment rate (15-64),Economic Opportunity,fua,44.3,PT_POP_SUB (% of working-age population),1.85,2024,,,higher=better,OECD,
IT005,Palermo,IT,indicator,unemployment_rate,Unemployment rate (15-64),Economic Opportunity,fua,14.7,PT_LF_SUB (% of labour force),2.64,2024,,,higher=worse,OECD,
IT005,Palermo,IT,composite,environment_score,Environment composite score,Environment,fua (composite),,score (0-100),24.53,,,,,derived (V1 approved composites),
IT005,Palermo,IT,composite,mobility_score,Mobility composite score,Mobility,fua (composite),,score (0-100),5.44,,,,,derived (V1 approved composites),
IT005,Palermo,IT,composite,economic_opportunity_score,Economic Opportunity composite score,Economic Opportunity,fua (composite),,score (0-100),2.25,,,,,derived (V1 approved composites),
IT005,Palermo,IT,perception_dimension,perceived_safety,Perceived safety (safe walking at night after dark),Safety,city_core,51.1,"PC (sum of response-category shares, % of respondents)",13.75,2023,,,higher=better,Eurostat,IT005C
IT005,Palermo,IT,perception_dimension,community,Trust / community (generalised trust),Community,city_core,51.7,"PC (sum of response-category shares, % of respondents)",23.75,2023,,,higher=better,Eurostat,IT005C
IT005,Palermo,IT,perception_dimension,life_satisfaction,Life satisfaction (the life you lead),Life Balance,city_core,71.8,"PC (sum of response-category shares, % of respondents)",8.75,2023,,,higher=better,Eurostat,IT005C
IT005,Palermo,IT,perception_dimension,housing_satisfaction,Housing satisfaction (easy to find good housing at a reasonable price),Housing,city_core,58.3,"PC (sum of response-category shares, % of respondents)",96.25,2023,,,higher=better,Eurostat,IT005C
IT005,Palermo,IT,context,population,Population (total),Context,fua,993319,PS (persons),,2024,,,neutral (context),OECD,
IT005,Palermo,IT,context,commuting_public_transport,Commuting mode share - public transport,Mobility (context),fua,6.9,PT_WR (% of workers),,2011,,stale_commuting_context,higher=better,OECD,
IT005,Palermo,IT,context,commuting_bike,Commuting mode share - bicycle,Mobility (context),fua,1.3,PT_WR (% of workers),,2011,,stale_commuting_context,higher=better,OECD,
IT005,Palermo,IT,context,commuting_walk,Commuting mode share - walking,Mobility (context),fua,14,PT_WR (% of workers),,2011,,stale_commuting_context,higher=better,OECD,
IT005,Palermo,IT,context,commuting_car,Commuting mode share - car,Mobility (context),fua,66,PT_WR (% of workers),,2011,,stale_commuting_context,higher=worse,OECD,
IT006,Genova,IT,indicator,pm25,Mean PM2.5 population exposure,Environment,fua,49.05665382193589,MCG_M3 (ug/m3),7.53,2025,,,higher=worse,OECD,
IT006,Genova,IT,indicator,green_area,Green area per inhabitant (urban centre),Environment,fua,81,M2_PS (m2/person),15.09,2021,,,higher=better,OECD,
IT006,Genova,IT,indicator,public_transport_access,Population with access to public transport (15-minute walk),Mobility,fua,98.3,PT_POP (% population),87.93,2023,,,higher=better,OECD,
IT006,Genova,IT,indicator,employment_rate,Employment rate (15-64),Economic Opportunity,fua,68.2,PT_POP_SUB (% of working-age population),36.16,2024,,,higher=better,OECD,
IT006,Genova,IT,indicator,unemployment_rate,Unemployment rate (15-64),Economic Opportunity,fua,5.5,PT_LF_SUB (% of labour force),62.08,2024,,,higher=worse,OECD,
IT006,Genova,IT,composite,environment_score,Environment composite score,Environment,fua (composite),,score (0-100),11.31,,,,,derived (V1 approved composites),
IT006,Genova,IT,composite,mobility_score,Mobility composite score,Mobility,fua (composite),,score (0-100),87.93,,,,,derived (V1 approved composites),
IT006,Genova,IT,composite,economic_opportunity_score,Economic Opportunity composite score,Economic Opportunity,fua (composite),,score (0-100),49.12,,,,,derived (V1 approved composites),
IT006,Genova,IT,context,population,Population (total),Context,fua,685380,PS (persons),,2024,,,neutral (context),OECD,
IT006,Genova,IT,context,commuting_public_transport,Commuting mode share - public transport,Mobility (context),fua,27.6,PT_WR (% of workers),,2011,,stale_commuting_context,higher=better,OECD,
IT006,Genova,IT,context,commuting_bike,Commuting mode share - bicycle,Mobility (context),fua,0.4,PT_WR (% of workers),,2011,,stale_commuting_context,higher=better,OECD,
IT006,Genova,IT,context,commuting_walk,Commuting mode share - walking,Mobility (context),fua,13.6,PT_WR (% of workers),,2011,,stale_commuting_context,higher=better,OECD,
IT006,Genova,IT,context,commuting_car,Commuting mode share - car,Mobility (context),fua,37.8,PT_WR (% of workers),,2011,,stale_commuting_context,higher=worse,OECD,
IT007,Firenze,IT,indicator,pm25,Mean PM2.5 population exposure,Environment,fua,36.97475698088849,MCG_M3 (ug/m3),21.42,2025,,,higher=worse,OECD,
IT007,Firenze,IT,indicator,green_area,Green area per inhabitant (urban centre),Environment,fua,90,M2_PS (m2/person),19.5,2021,,,higher=better,OECD,
IT007,Firenze,IT,indicator,public_transport_access,Population with access to public transport (15-minute walk),Mobility,fua,87.2,PT_POP (% population),22.55,2023,,,higher=better,OECD,
IT007,Firenze,IT,indicator,employment_rate,Employment rate (15-64),Economic Opportunity,fua,73.6,PT_POP_SUB (% of working-age population),67.9,2024,,,higher=better,OECD,
IT007,Firenze,IT,indicator,unemployment_rate,Unemployment rate (15-64),Economic Opportunity,fua,2.7,PT_LF_SUB (% of labour force),92.83,2024,,,higher=worse,OECD,
IT007,Firenze,IT,composite,environment_score,Environment composite score,Environment,fua (composite),,score (0-100),20.46,,,,,derived (V1 approved composites),
IT007,Firenze,IT,composite,mobility_score,Mobility composite score,Mobility,fua (composite),,score (0-100),22.55,,,,,derived (V1 approved composites),
IT007,Firenze,IT,composite,economic_opportunity_score,Economic Opportunity composite score,Economic Opportunity,fua (composite),,score (0-100),80.37,,,,,derived (V1 approved composites),
IT007,Firenze,IT,context,population,Population (total),Context,fua,792929,PS (persons),,2024,,,neutral (context),OECD,
IT007,Firenze,IT,context,commuting_public_transport,Commuting mode share - public transport,Mobility (context),fua,12.9,PT_WR (% of workers),,2011,,stale_commuting_context,higher=better,OECD,
IT007,Firenze,IT,context,commuting_bike,Commuting mode share - bicycle,Mobility (context),fua,4.8,PT_WR (% of workers),,2011,,stale_commuting_context,higher=better,OECD,
IT007,Firenze,IT,context,commuting_walk,Commuting mode share - walking,Mobility (context),fua,9.6,PT_WR (% of workers),,2011,,stale_commuting_context,higher=better,OECD,
IT007,Firenze,IT,context,commuting_car,Commuting mode share - car,Mobility (context),fua,57.2,PT_WR (% of workers),,2011,,stale_commuting_context,higher=worse,OECD,
IT008,Bari,IT,indicator,pm25,Mean PM2.5 population exposure,Environment,fua,36.38018656662445,MCG_M3 (ug/m3),23.34,2025,,,higher=worse,OECD,
IT008,Bari,IT,indicator,green_area,Green area per inhabitant (urban centre),Environment,fua,63,M2_PS (m2/person),9.07,2021,,,higher=better,OECD,
IT008,Bari,IT,indicator,public_transport_access,Population with access to public transport (15-minute walk),Mobility,fua,,PT_POP (% population),,,,,higher=better,OECD,
IT008,Bari,IT,indicator,employment_rate,Employment rate (15-64),Economic Opportunity,fua,58.9,PT_POP_SUB (% of working-age population),12.18,2024,,,higher=better,OECD,
IT008,Bari,IT,indicator,unemployment_rate,Unemployment rate (15-64),Economic Opportunity,fua,5.7,PT_LF_SUB (% of labour force),59.62,2024,,,higher=worse,OECD,
IT008,Bari,IT,composite,environment_score,Environment composite score,Environment,fua (composite),,score (0-100),16.2,,,,,derived (V1 approved composites),
IT008,Bari,IT,composite,mobility_score,Mobility composite score,Mobility,fua (composite),,score (0-100),,,,,,derived (V1 approved composites),
IT008,Bari,IT,composite,economic_opportunity_score,Economic Opportunity composite score,Economic Opportunity,fua (composite),,score (0-100),35.9,,,,,derived (V1 approved composites),
IT008,Bari,IT,context,population,Population (total),Context,fua,684089,PS (persons),,2024,,,neutral (context),OECD,
IT008,Bari,IT,context,commuting_public_transport,Commuting mode share - public transport,Mobility (context),fua,8.5,PT_WR (% of workers),,2011,,stale_commuting_context,higher=better,OECD,
IT008,Bari,IT,context,commuting_bike,Commuting mode share - bicycle,Mobility (context),fua,2.1,PT_WR (% of workers),,2011,,stale_commuting_context,higher=better,OECD,
IT008,Bari,IT,context,commuting_walk,Commuting mode share - walking,Mobility (context),fua,16,PT_WR (% of workers),,2011,,stale_commuting_context,higher=better,OECD,
IT008,Bari,IT,context,commuting_car,Commuting mode share - car,Mobility (context),fua,70.3,PT_WR (% of workers),,2011,,stale_commuting_context,higher=worse,OECD,
IT009,Bologna,IT,indicator,pm25,Mean PM2.5 population exposure,Environment,fua,55.83161556623138,MCG_M3 (ug/m3),3.99,2025,,,higher=worse,OECD,
IT009,Bologna,IT,indicator,green_area,Green area per inhabitant (urban centre),Environment,fua,98,M2_PS (m2/person),24.16,2021,,,higher=better,OECD,
IT009,Bologna,IT,indicator,public_transport_access,Population with access to public transport (15-minute walk),Mobility,fua,,PT_POP (% population),,,,,higher=better,OECD,
IT009,Bologna,IT,indicator,employment_rate,Employment rate (15-64),Economic Opportunity,fua,71.1,PT_POP_SUB (% of working-age population),57.38,2024,,,higher=better,OECD,
IT009,Bologna,IT,indicator,unemployment_rate,Unemployment rate (15-64),Economic Opportunity,fua,4.6,PT_LF_SUB (% of labour force),68.87,2024,,,higher=worse,OECD,
IT009,Bologna,IT,composite,environment_score,Environment composite score,Environment,fua (composite),,score (0-100),14.07,,,,,derived (V1 approved composites),
IT009,Bologna,IT,composite,mobility_score,Mobility composite score,Mobility,fua (composite),,score (0-100),,,,,,derived (V1 approved composites),
IT009,Bologna,IT,composite,economic_opportunity_score,Economic Opportunity composite score,Economic Opportunity,fua (composite),,score (0-100),63.12,,,,,derived (V1 approved composites),
IT009,Bologna,IT,perception_dimension,perceived_safety,Perceived safety (safe walking at night after dark),Safety,city_core,51.6,"PC (sum of response-category shares, % of respondents)",15.0,2023,,,higher=better,Eurostat,IT009C
IT009,Bologna,IT,perception_dimension,community,Trust / community (generalised trust),Community,city_core,65.4,"PC (sum of response-category shares, % of respondents)",51.88,2023,,,higher=better,Eurostat,IT009C
IT009,Bologna,IT,perception_dimension,life_satisfaction,Life satisfaction (the life you lead),Life Balance,city_core,78.3,"PC (sum of response-category shares, % of respondents)",23.75,2023,,,higher=better,Eurostat,IT009C
IT009,Bologna,IT,perception_dimension,housing_satisfaction,Housing satisfaction (easy to find good housing at a reasonable price),Housing,city_core,22.4,"PC (sum of response-category shares, % of respondents)",31.87,2023,,,higher=better,Eurostat,IT009C
IT009,Bologna,IT,context,population,Population (total),Context,fua,867584,PS (persons),,2024,,,neutral (context),OECD,
IT009,Bologna,IT,context,commuting_public_transport,Commuting mode share - public transport,Mobility (context),fua,13.9,PT_WR (% of workers),,2011,,stale_commuting_context,higher=better,OECD,
IT009,Bologna,IT,context,commuting_bike,Commuting mode share - bicycle,Mobility (context),fua,4.6,PT_WR (% of workers),,2011,,stale_commuting_context,higher=better,OECD,
IT009,Bologna,IT,context,commuting_walk,Commuting mode share - walking,Mobility (context),fua,8.9,PT_WR (% of workers),,2011,,stale_commuting_context,higher=better,OECD,
IT009,Bologna,IT,context,commuting_car,Commuting mode share - car,Mobility (context),fua,66.2,PT_WR (% of workers),,2011,,stale_commuting_context,higher=worse,OECD,
IT010,Catania,IT,indicator,pm25,Mean PM2.5 population exposure,Environment,fua,36.54145405275247,MCG_M3 (ug/m3),22.45,2025,,,higher=worse,OECD,
IT010,Catania,IT,indicator,green_area,Green area per inhabitant (urban centre),Environment,fua,113,M2_PS (m2/person),31.86,2021,,,higher=better,OECD,
IT010,Catania,IT,indicator,public_transport_access,Population with access to public transport (15-minute walk),Mobility,fua,,PT_POP (% population),,,,,higher=better,OECD,
IT010,Catania,IT,indicator,employment_rate,Employment rate (15-64),Economic Opportunity,fua,47,PT_POP_SUB (% of working-age population),2.95,2024,,,higher=better,OECD,
IT010,Catania,IT,indicator,unemployment_rate,Unemployment rate (15-64),Economic Opportunity,fua,12.7,PT_LF_SUB (% of labour force),6.98,2024,,,higher=worse,OECD,
IT010,Catania,IT,composite,environment_score,Environment composite score,Environment,fua (composite),,score (0-100),27.16,,,,,derived (V1 approved composites),
IT010,Catania,IT,composite,mobility_score,Mobility composite score,Mobility,fua (composite),,score (0-100),,,,,,derived (V1 approved composites),
IT010,Catania,IT,composite,economic_opportunity_score,Economic Opportunity composite score,Economic Opportunity,fua (composite),,score (0-100),4.96,,,,,derived (V1 approved composites),
IT010,Catania,IT,context,population,Population (total),Context,fua,826116,PS (persons),,2024,,,neutral (context),OECD,
IT010,Catania,IT,context,commuting_public_transport,Commuting mode share - public transport,Mobility (context),fua,3.8,PT_WR (% of workers),,2011,,stale_commuting_context,higher=better,OECD,
IT010,Catania,IT,context,commuting_bike,Commuting mode share - bicycle,Mobility (context),fua,0.3,PT_WR (% of workers),,2011,,stale_commuting_context,higher=better,OECD,
IT010,Catania,IT,context,commuting_walk,Commuting mode share - walking,Mobility (context),fua,10.1,PT_WR (% of workers),,2011,,stale_commuting_context,higher=better,OECD,
IT010,Catania,IT,context,commuting_car,Commuting mode share - car,Mobility (context),fua,79.3,PT_WR (% of workers),,2011,,stale_commuting_context,higher=worse,OECD,
IT011,Venezia,IT,indicator,pm25,Mean PM2.5 population exposure,Environment,fua,69.91416950232436,MCG_M3 (ug/m3),0.89,2025,,,higher=worse,OECD,
IT011,Venezia,IT,indicator,green_area,Green area per inhabitant (urban centre),Environment,fua,88,M2_PS (m2/person),17.9,2021,,,higher=better,OECD,
IT011,Venezia,IT,indicator,public_transport_access,Population with access to public transport (15-minute walk),Mobility,fua,90.9,PT_POP (% population),32.36,2023,,,higher=better,OECD,
IT011,Venezia,IT,indicator,employment_rate,Employment rate (15-64),Economic Opportunity,fua,68.1,PT_POP_SUB (% of working-age population),35.06,2024,,,higher=better,OECD,
IT011,Venezia,IT,indicator,unemployment_rate,Unemployment rate (15-64),Economic Opportunity,fua,3.8,PT_LF_SUB (% of labour force),78.49,2024,,,higher=worse,OECD,
IT011,Venezia,IT,composite,environment_score,Environment composite score,Environment,fua (composite),,score (0-100),9.39,,,,,derived (V1 approved composites),
IT011,Venezia,IT,composite,mobility_score,Mobility composite score,Mobility,fua (composite),,score (0-100),32.36,,,,,derived (V1 approved composites),
IT011,Venezia,IT,composite,economic_opportunity_score,Economic Opportunity composite score,Economic Opportunity,fua (composite),,score (0-100),56.77,,,,,derived (V1 approved composites),
IT011,Venezia,IT,context,population,Population (total),Context,fua,545496,PS (persons),,2024,,,neutral (context),OECD,
IT011,Venezia,IT,context,commuting_public_transport,Commuting mode share - public transport,Mobility (context),fua,17.7,PT_WR (% of workers),,2011,,stale_commuting_context,higher=better,OECD,
IT011,Venezia,IT,context,commuting_bike,Commuting mode share - bicycle,Mobility (context),fua,7.9,PT_WR (% of workers),,2011,,stale_commuting_context,higher=better,OECD,
IT011,Venezia,IT,context,commuting_walk,Commuting mode share - walking,Mobility (context),fua,11.2,PT_WR (% of workers),,2011,,stale_commuting_context,higher=better,OECD,
IT011,Venezia,IT,context,commuting_car,Commuting mode share - car,Mobility (context),fua,53,PT_WR (% of workers),,2011,,stale_commuting_context,higher=worse,OECD,
IT012,Verona,IT,indicator,pm25,Mean PM2.5 population exposure,Environment,fua,66.48060936603852,MCG_M3 (ug/m3),1.77,2025,,,higher=worse,OECD,
IT012,Verona,IT,indicator,green_area,Green area per inhabitant (urban centre),Environment,fua,85,M2_PS (m2/person),16.53,2021,,,higher=better,OECD,
IT012,Verona,IT,indicator,public_transport_access,Population with access to public transport (15-minute walk),Mobility,fua,,PT_POP (% population),,,,,higher=better,OECD,
IT012,Verona,IT,indicator,employment_rate,Employment rate (15-64),Economic Opportunity,fua,70.2,PT_POP_SUB (% of working-age population),49.45,2024,,,higher=better,OECD,
IT012,Verona,IT,indicator,unemployment_rate,Unemployment rate (15-64),Economic Opportunity,fua,2.6,PT_LF_SUB (% of labour force),94.15,2024,,,higher=worse,OECD,
IT012,Verona,IT,composite,environment_score,Environment composite score,Environment,fua (composite),,score (0-100),9.15,,,,,derived (V1 approved composites),
IT012,Verona,IT,composite,mobility_score,Mobility composite score,Mobility,fua (composite),,score (0-100),,,,,,derived (V1 approved composites),
IT012,Verona,IT,composite,economic_opportunity_score,Economic Opportunity composite score,Economic Opportunity,fua (composite),,score (0-100),71.8,,,,,derived (V1 approved composites),
IT012,Verona,IT,perception_dimension,perceived_safety,Perceived safety (safe walking at night after dark),Safety,city_core,63.0,"PC (sum of response-category shares, % of respondents)",27.5,2023,,,higher=better,Eurostat,IT012C
IT012,Verona,IT,perception_dimension,community,Trust / community (generalised trust),Community,city_core,65.5,"PC (sum of response-category shares, % of respondents)",53.75,2023,,,higher=better,Eurostat,IT012C
IT012,Verona,IT,perception_dimension,life_satisfaction,Life satisfaction (the life you lead),Life Balance,city_core,80.1,"PC (sum of response-category shares, % of respondents)",26.88,2023,,,higher=better,Eurostat,IT012C
IT012,Verona,IT,perception_dimension,housing_satisfaction,Housing satisfaction (easy to find good housing at a reasonable price),Housing,city_core,37.5,"PC (sum of response-category shares, % of respondents)",67.5,2023,,,higher=better,Eurostat,IT012C
IT012,Verona,IT,context,population,Population (total),Context,fua,559770,PS (persons),,2024,,,neutral (context),OECD,
IT012,Verona,IT,context,commuting_public_transport,Commuting mode share - public transport,Mobility (context),fua,5.5,PT_WR (% of workers),,2011,,stale_commuting_context,higher=better,OECD,
IT012,Verona,IT,context,commuting_bike,Commuting mode share - bicycle,Mobility (context),fua,5.5,PT_WR (% of workers),,2011,,stale_commuting_context,higher=better,OECD,
IT012,Verona,IT,context,commuting_walk,Commuting mode share - walking,Mobility (context),fua,8.8,PT_WR (% of workers),,2011,,stale_commuting_context,higher=better,OECD,
IT012,Verona,IT,context,commuting_car,Commuting mode share - car,Mobility (context),fua,73.4,PT_WR (% of workers),,2011,,stale_commuting_context,higher=worse,OECD,
IT014,Trento,IT,indicator,pm25,Mean PM2.5 population exposure,Environment,fua,37.03522157220211,MCG_M3 (ug/m3),21.27,2025,,,higher=worse,OECD,
IT014,Trento,IT,indicator,green_area,Green area per inhabitant (urban centre),Environment,fua,126,M2_PS (m2/person),39.89,2021,,,higher=better,OECD,
IT014,Trento,IT,indicator,public_transport_access,Population with access to public transport (15-minute walk),Mobility,fua,96.5,PT_POP (% population),65.52,2023,,,higher=better,OECD,
IT014,Trento,IT,indicator,employment_rate,Employment rate (15-64),Economic Opportunity,fua,,PT_POP_SUB (% of working-age population),,,,,higher=better,OECD,
IT014,Trento,IT,indicator,unemployment_rate,Unemployment rate (15-64),Economic Opportunity,fua,,PT_LF_SUB (% of labour force),,,,,higher=worse,OECD,
IT014,Trento,IT,composite,environment_score,Environment composite score,Environment,fua (composite),,score (0-100),30.58,,,,,derived (V1 approved composites),
IT014,Trento,IT,composite,mobility_score,Mobility composite score,Mobility,fua (composite),,score (0-100),65.52,,,,,derived (V1 approved composites),
IT014,Trento,IT,composite,economic_opportunity_score,Economic Opportunity composite score,Economic Opportunity,fua (composite),,score (0-100),,,,,,derived (V1 approved composites),
IT014,Trento,IT,context,population,Population (total),Context,fua,332371,PS (persons),,2024,,,neutral (context),OECD,
IT014,Trento,IT,context,commuting_public_transport,Commuting mode share - public transport,Mobility (context),fua,9.5,PT_WR (% of workers),,2011,,stale_commuting_context,higher=better,OECD,
IT014,Trento,IT,context,commuting_bike,Commuting mode share - bicycle,Mobility (context),fua,5.2,PT_WR (% of workers),,2011,,stale_commuting_context,higher=better,OECD,
IT014,Trento,IT,context,commuting_walk,Commuting mode share - walking,Mobility (context),fua,12.2,PT_WR (% of workers),,2011,,stale_commuting_context,higher=better,OECD,
IT014,Trento,IT,context,commuting_car,Commuting mode share - car,Mobility (context),fua,70,PT_WR (% of workers),,2011,,stale_commuting_context,higher=worse,OECD,
IT016,Perugia,IT,indicator,pm25,Mean PM2.5 population exposure,Environment,fua,37.65383711225009,MCG_M3 (ug/m3),19.5,2025,,,higher=worse,OECD,
IT016,Perugia,IT,indicator,green_area,Green area per inhabitant (urban centre),Environment,fua,158,M2_PS (m2/person),61.24,2021,,,higher=better,OECD,
IT016,Perugia,IT,indicator,public_transport_access,Population with access to public transport (15-minute walk),Mobility,fua,,PT_POP (% population),,,,,higher=better,OECD,
IT016,Perugia,IT,indicator,employment_rate,Employment rate (15-64),Economic Opportunity,fua,68.8,PT_POP_SUB (% of working-age population),38.38,2024,,,higher=better,OECD,
IT016,Perugia,IT,indicator,unemployment_rate,Unemployment rate (15-64),Economic Opportunity,fua,4.8,PT_LF_SUB (% of labour force),66.6,2024,,,higher=worse,OECD,
IT016,Perugia,IT,composite,environment_score,Environment composite score,Environment,fua (composite),,score (0-100),40.37,,,,,derived (V1 approved composites),
IT016,Perugia,IT,composite,mobility_score,Mobility composite score,Mobility,fua (composite),,score (0-100),,,,,,derived (V1 approved composites),
IT016,Perugia,IT,composite,economic_opportunity_score,Economic Opportunity composite score,Economic Opportunity,fua (composite),,score (0-100),52.49,,,,,derived (V1 approved composites),
IT016,Perugia,IT,context,population,Population (total),Context,fua,278849,PS (persons),,2024,,,neutral (context),OECD,
IT016,Perugia,IT,context,commuting_public_transport,Commuting mode share - public transport,Mobility (context),fua,4.6,PT_WR (% of workers),,2011,,stale_commuting_context,higher=better,OECD,
IT016,Perugia,IT,context,commuting_bike,Commuting mode share - bicycle,Mobility (context),fua,0.4,PT_WR (% of workers),,2011,,stale_commuting_context,higher=better,OECD,
IT016,Perugia,IT,context,commuting_walk,Commuting mode share - walking,Mobility (context),fua,7.5,PT_WR (% of workers),,2011,,stale_commuting_context,higher=better,OECD,
IT016,Perugia,IT,context,commuting_car,Commuting mode share - car,Mobility (context),fua,85.7,PT_WR (% of workers),,2011,,stale_commuting_context,higher=worse,OECD,
IT017,Ancona,IT,indicator,pm25,Mean PM2.5 population exposure,Environment,fua,32.846325467188684,MCG_M3 (ug/m3),33.97,2025,,,higher=worse,OECD,
IT017,Ancona,IT,indicator,green_area,Green area per inhabitant (urban centre),Environment,fua,102,M2_PS (m2/person),26.0,2021,,,higher=better,OECD,
IT017,Ancona,IT,indicator,public_transport_access,Population with access to public transport (15-minute walk),Mobility,fua,95,PT_POP (% population),51.86,2023,,,higher=better,OECD,
IT017,Ancona,IT,indicator,employment_rate,Employment rate (15-64),Economic Opportunity,fua,,PT_POP_SUB (% of working-age population),,,,,higher=better,OECD,
IT017,Ancona,IT,indicator,unemployment_rate,Unemployment rate (15-64),Economic Opportunity,fua,,PT_LF_SUB (% of labour force),,,,,higher=worse,OECD,
IT017,Ancona,IT,composite,environment_score,Environment composite score,Environment,fua (composite),,score (0-100),29.98,,,,,derived (V1 approved composites),
IT017,Ancona,IT,composite,mobility_score,Mobility composite score,Mobility,fua (composite),,score (0-100),51.86,,,,,derived (V1 approved composites),
IT017,Ancona,IT,composite,economic_opportunity_score,Economic Opportunity composite score,Economic Opportunity,fua (composite),,score (0-100),,,,,,derived (V1 approved composites),
IT017,Ancona,IT,context,population,Population (total),Context,fua,219280,PS (persons),,2024,,,neutral (context),OECD,
IT017,Ancona,IT,context,commuting_public_transport,Commuting mode share - public transport,Mobility (context),fua,9.1,PT_WR (% of workers),,2011,,stale_commuting_context,higher=better,OECD,
IT017,Ancona,IT,context,commuting_bike,Commuting mode share - bicycle,Mobility (context),fua,0.7,PT_WR (% of workers),,2011,,stale_commuting_context,higher=better,OECD,
IT017,Ancona,IT,context,commuting_walk,Commuting mode share - walking,Mobility (context),fua,8.6,PT_WR (% of workers),,2011,,stale_commuting_context,higher=better,OECD,
IT017,Ancona,IT,context,commuting_car,Commuting mode share - car,Mobility (context),fua,78.7,PT_WR (% of workers),,2011,,stale_commuting_context,higher=worse,OECD,
IT021,Taranto,IT,indicator,pm25,Mean PM2.5 population exposure,Environment,fua,35.40036263258847,MCG_M3 (ug/m3),25.85,2025,,,higher=worse,OECD,
IT021,Taranto,IT,indicator,green_area,Green area per inhabitant (urban centre),Environment,fua,71,M2_PS (m2/person),11.72,2021,,,higher=better,OECD,
IT021,Taranto,IT,indicator,public_transport_access,Population with access to public transport (15-minute walk),Mobility,fua,,PT_POP (% population),,,,,higher=better,OECD,
IT021,Taranto,IT,indicator,employment_rate,Employment rate (15-64),Economic Opportunity,fua,40.9,PT_POP_SUB (% of working-age population),0.92,2024,,,higher=better,OECD,
IT021,Taranto,IT,indicator,unemployment_rate,Unemployment rate (15-64),Economic Opportunity,fua,10.8,PT_LF_SUB (% of labour force),10.19,2024,,,higher=worse,OECD,
IT021,Taranto,IT,composite,environment_score,Environment composite score,Environment,fua (composite),,score (0-100),18.79,,,,,derived (V1 approved composites),
IT021,Taranto,IT,composite,mobility_score,Mobility composite score,Mobility,fua (composite),,score (0-100),,,,,,derived (V1 approved composites),
IT021,Taranto,IT,composite,economic_opportunity_score,Economic Opportunity composite score,Economic Opportunity,fua (composite),,score (0-100),5.55,,,,,derived (V1 approved composites),
IT021,Taranto,IT,context,population,Population (total),Context,fua,370618,PS (persons),,2024,,,neutral (context),OECD,
IT021,Taranto,IT,context,commuting_public_transport,Commuting mode share - public transport,Mobility (context),fua,9.9,PT_WR (% of workers),,2011,,stale_commuting_context,higher=better,OECD,
IT021,Taranto,IT,context,commuting_bike,Commuting mode share - bicycle,Mobility (context),fua,1,PT_WR (% of workers),,2011,,stale_commuting_context,higher=better,OECD,
IT021,Taranto,IT,context,commuting_walk,Commuting mode share - walking,Mobility (context),fua,14.7,PT_WR (% of workers),,2011,,stale_commuting_context,higher=better,OECD,
IT021,Taranto,IT,context,commuting_car,Commuting mode share - car,Mobility (context),fua,72.9,PT_WR (% of workers),,2011,,stale_commuting_context,higher=worse,OECD,
IT025,Sassari,IT,indicator,pm25,Mean PM2.5 population exposure,Environment,fua,24.542785354793846,MCG_M3 (ug/m3),73.86,2025,,,higher=worse,OECD,
IT025,Sassari,IT,indicator,green_area,Green area per inhabitant (urban centre),Environment,fua,112,M2_PS (m2/person),31.22,2021,,,higher=better,OECD,
IT025,Sassari,IT,indicator,public_transport_access,Population with access to public transport (15-minute walk),Mobility,fua,95.2,PT_POP (% population),53.18,2023,,,higher=better,OECD,
IT025,Sassari,IT,indicator,employment_rate,Employment rate (15-64),Economic Opportunity,fua,,PT_POP_SUB (% of working-age population),,,,,higher=better,OECD,
IT025,Sassari,IT,indicator,unemployment_rate,Unemployment rate (15-64),Economic Opportunity,fua,,PT_LF_SUB (% of labour force),,,,,higher=worse,OECD,
IT025,Sassari,IT,composite,environment_score,Environment composite score,Environment,fua (composite),,score (0-100),52.54,,,,,derived (V1 approved composites),
IT025,Sassari,IT,composite,mobility_score,Mobility composite score,Mobility,fua (composite),,score (0-100),53.18,,,,,derived (V1 approved composites),
IT025,Sassari,IT,composite,economic_opportunity_score,Economic Opportunity composite score,Economic Opportunity,fua (composite),,score (0-100),,,,,,derived (V1 approved composites),
IT025,Sassari,IT,context,population,Population (total),Context,fua,210092,PS (persons),,2024,,,neutral (context),OECD,
IT025,Sassari,IT,context,commuting_public_transport,Commuting mode share - public transport,Mobility (context),fua,5.2,PT_WR (% of workers),,2011,,stale_commuting_context,higher=better,OECD,
IT025,Sassari,IT,context,commuting_bike,Commuting mode share - bicycle,Mobility (context),fua,0.4,PT_WR (% of workers),,2011,,stale_commuting_context,higher=better,OECD,
IT025,Sassari,IT,context,commuting_walk,Commuting mode share - walking,Mobility (context),fua,15.4,PT_WR (% of workers),,2011,,stale_commuting_context,higher=better,OECD,
IT025,Sassari,IT,context,commuting_car,Commuting mode share - car,Mobility (context),fua,76.6,PT_WR (% of workers),,2011,,stale_commuting_context,higher=worse,OECD,
IT026,Cagliari,IT,indicator,pm25,Mean PM2.5 population exposure,Environment,fua,29.277546894766395,MCG_M3 (ug/m3),47.56,2025,,,higher=worse,OECD,
IT026,Cagliari,IT,indicator,green_area,Green area per inhabitant (urban centre),Environment,fua,58,M2_PS (m2/person),7.7,2021,,,higher=better,OECD,
IT026,Cagliari,IT,indicator,public_transport_access,Population with access to public transport (15-minute walk),Mobility,fua,97.2,PT_POP (% population),72.68,2023,,,higher=better,OECD,
IT026,Cagliari,IT,indicator,employment_rate,Employment rate (15-64),Economic Opportunity,fua,60,PT_POP_SUB (% of working-age population),12.55,2024,,,higher=better,OECD,
IT026,Cagliari,IT,indicator,unemployment_rate,Unemployment rate (15-64),Economic Opportunity,fua,8.9,PT_LF_SUB (% of labour force),20.38,2024,,,higher=worse,OECD,
IT026,Cagliari,IT,composite,environment_score,Environment composite score,Environment,fua (composite),,score (0-100),27.63,,,,,derived (V1 approved composites),
IT026,Cagliari,IT,composite,mobility_score,Mobility composite score,Mobility,fua (composite),,score (0-100),72.68,,,,,derived (V1 approved composites),
IT026,Cagliari,IT,composite,economic_opportunity_score,Economic Opportunity composite score,Economic Opportunity,fua (composite),,score (0-100),16.46,,,,,derived (V1 approved composites),
IT026,Cagliari,IT,context,population,Population (total),Context,fua,493601,PS (persons),,2024,,,neutral (context),OECD,
IT026,Cagliari,IT,context,commuting_public_transport,Commuting mode share - public transport,Mobility (context),fua,6.9,PT_WR (% of workers),,2011,,stale_commuting_context,higher=better,OECD,
IT026,Cagliari,IT,context,commuting_bike,Commuting mode share - bicycle,Mobility (context),fua,1.1,PT_WR (% of workers),,2011,,stale_commuting_context,higher=better,OECD,
IT026,Cagliari,IT,context,commuting_walk,Commuting mode share - walking,Mobility (context),fua,10.9,PT_WR (% of workers),,2011,,stale_commuting_context,higher=better,OECD,
IT026,Cagliari,IT,context,commuting_car,Commuting mode share - car,Mobility (context),fua,78.2,PT_WR (% of workers),,2011,,stale_commuting_context,higher=worse,OECD,
IT027,Padova,IT,indicator,pm25,Mean PM2.5 population exposure,Environment,fua,79.13908638584589,MCG_M3 (ug/m3),0.15,2025,,,higher=worse,OECD,
IT027,Padova,IT,indicator,green_area,Green area per inhabitant (urban centre),Environment,fua,127,M2_PS (m2/person),40.61,2021,,,higher=better,OECD,
IT027,Padova,IT,indicator,public_transport_access,Population with access to public transport (15-minute walk),Mobility,fua,,PT_POP (% population),,,,,higher=better,OECD,
IT027,Padova,IT,indicator,employment_rate,Employment rate (15-64),Economic Opportunity,fua,72.5,PT_POP_SUB (% of working-age population),61.62,2024,,,higher=better,OECD,
IT027,Padova,IT,indicator,unemployment_rate,Unemployment rate (15-64),Economic Opportunity,fua,2.6,PT_LF_SUB (% of labour force),94.15,2024,,,higher=worse,OECD,
IT027,Padova,IT,composite,environment_score,Environment composite score,Environment,fua (composite),,score (0-100),20.38,,,,,derived (V1 approved composites),
IT027,Padova,IT,composite,mobility_score,Mobility composite score,Mobility,fua (composite),,score (0-100),,,,,,derived (V1 approved composites),
IT027,Padova,IT,composite,economic_opportunity_score,Economic Opportunity composite score,Economic Opportunity,fua (composite),,score (0-100),77.89,,,,,derived (V1 approved composites),
IT027,Padova,IT,context,population,Population (total),Context,fua,562386,PS (persons),,2024,,,neutral (context),OECD,
IT027,Padova,IT,context,commuting_public_transport,Commuting mode share - public transport,Mobility (context),fua,6.8,PT_WR (% of workers),,2011,,stale_commuting_context,higher=better,OECD,
IT027,Padova,IT,context,commuting_bike,Commuting mode share - bicycle,Mobility (context),fua,8.8,PT_WR (% of workers),,2011,,stale_commuting_context,higher=better,OECD,
IT027,Padova,IT,context,commuting_walk,Commuting mode share - walking,Mobility (context),fua,6.1,PT_WR (% of workers),,2011,,stale_commuting_context,higher=better,OECD,
IT027,Padova,IT,context,commuting_car,Commuting mode share - car,Mobility (context),fua,71.2,PT_WR (% of workers),,2011,,stale_commuting_context,higher=worse,OECD,
IT028,Brescia,IT,indicator,pm25,Mean PM2.5 population exposure,Environment,fua,54.79691065890523,MCG_M3 (ug/m3),4.73,2025,,,higher=worse,OECD,
IT028,Brescia,IT,indicator,green_area,Green area per inhabitant (urban centre),Environment,fua,116,M2_PS (m2/person),32.99,2021,,,higher=better,OECD,
IT028,Brescia,IT,indicator,public_transport_access,Population with access to public transport (15-minute walk),Mobility,fua,,PT_POP (% population),,,,,higher=better,OECD,
IT028,Brescia,IT,indicator,employment_rate,Employment rate (15-64),Economic Opportunity,fua,66.9,PT_POP_SUB (% of working-age population),31.37,2024,,,higher=better,OECD,
IT028,Brescia,IT,indicator,unemployment_rate,Unemployment rate (15-64),Economic Opportunity,fua,2.9,PT_LF_SUB (% of labour force),90.19,2024,,,higher=worse,OECD,
IT028,Brescia,IT,composite,environment_score,Environment composite score,Environment,fua (composite),,score (0-100),18.86,,,,,derived (V1 approved composites),
IT028,Brescia,IT,composite,mobility_score,Mobility composite score,Mobility,fua (composite),,score (0-100),,,,,,derived (V1 approved composites),
IT028,Brescia,IT,composite,economic_opportunity_score,Economic Opportunity composite score,Economic Opportunity,fua (composite),,score (0-100),60.78,,,,,derived (V1 approved composites),
IT028,Brescia,IT,context,population,Population (total),Context,fua,480745,PS (persons),,2024,,,neutral (context),OECD,
IT028,Brescia,IT,context,commuting_public_transport,Commuting mode share - public transport,Mobility (context),fua,6.3,PT_WR (% of workers),,2011,,stale_commuting_context,higher=better,OECD,
IT028,Brescia,IT,context,commuting_bike,Commuting mode share - bicycle,Mobility (context),fua,6.1,PT_WR (% of workers),,2011,,stale_commuting_context,higher=better,OECD,
IT028,Brescia,IT,context,commuting_walk,Commuting mode share - walking,Mobility (context),fua,7.8,PT_WR (% of workers),,2011,,stale_commuting_context,higher=better,OECD,
IT028,Brescia,IT,context,commuting_car,Commuting mode share - car,Mobility (context),fua,76.2,PT_WR (% of workers),,2011,,stale_commuting_context,higher=worse,OECD,
IT029,Modena,IT,indicator,pm25,Mean PM2.5 population exposure,Environment,fua,65.69614542586427,MCG_M3 (ug/m3),1.92,2025,,,higher=worse,OECD,
IT029,Modena,IT,indicator,green_area,Green area per inhabitant (urban centre),Environment,fua,70,M2_PS (m2/person),11.08,2021,,,higher=better,OECD,
IT029,Modena,IT,indicator,public_transport_access,Population with access to public transport (15-minute walk),Mobility,fua,,PT_POP (% population),,,,,higher=better,OECD,
IT029,Modena,IT,indicator,employment_rate,Employment rate (15-64),Economic Opportunity,fua,68.5,PT_POP_SUB (% of working-age population),37.45,2024,,,higher=better,OECD,
IT029,Modena,IT,indicator,unemployment_rate,Unemployment rate (15-64),Economic Opportunity,fua,4.3,PT_LF_SUB (% of labour force),72.26,2024,,,higher=worse,OECD,
IT029,Modena,IT,composite,environment_score,Environment composite score,Environment,fua (composite),,score (0-100),6.5,,,,,derived (V1 approved composites),
IT029,Modena,IT,composite,mobility_score,Mobility composite score,Mobility,fua (composite),,score (0-100),,,,,,derived (V1 approved composites),
IT029,Modena,IT,composite,economic_opportunity_score,Economic Opportunity composite score,Economic Opportunity,fua (composite),,score (0-100),54.86,,,,,derived (V1 approved composites),
IT029,Modena,IT,context,population,Population (total),Context,fua,368986,PS (persons),,2024,,,neutral (context),OECD,
IT029,Modena,IT,context,commuting_public_transport,Commuting mode share - public transport,Mobility (context),fua,4.6,PT_WR (% of workers),,2011,,stale_commuting_context,higher=better,OECD,
IT029,Modena,IT,context,commuting_bike,Commuting mode share - bicycle,Mobility (context),fua,8,PT_WR (% of workers),,2011,,stale_commuting_context,higher=better,OECD,
IT029,Modena,IT,context,commuting_walk,Commuting mode share - walking,Mobility (context),fua,6.8,PT_WR (% of workers),,2011,,stale_commuting_context,higher=better,OECD,
IT029,Modena,IT,context,commuting_car,Commuting mode share - car,Mobility (context),fua,77.9,PT_WR (% of workers),,2011,,stale_commuting_context,higher=worse,OECD,
IT031,Salerno,IT,indicator,pm25,Mean PM2.5 population exposure,Environment,fua,36.50068907173492,MCG_M3 (ug/m3),22.75,2025,,,higher=worse,OECD,
IT031,Salerno,IT,indicator,green_area,Green area per inhabitant (urban centre),Environment,fua,140,M2_PS (m2/person),48.96,2021,,,higher=better,OECD,
IT031,Salerno,IT,indicator,public_transport_access,Population with access to public transport (15-minute walk),Mobility,fua,,PT_POP (% population),,,,,higher=better,OECD,
IT031,Salerno,IT,indicator,employment_rate,Employment rate (15-64),Economic Opportunity,fua,51.5,PT_POP_SUB (% of working-age population),5.17,2024,,,higher=better,OECD,
IT031,Salerno,IT,indicator,unemployment_rate,Unemployment rate (15-64),Economic Opportunity,fua,12.7,PT_LF_SUB (% of labour force),6.98,2024,,,higher=worse,OECD,
IT031,Salerno,IT,composite,environment_score,Environment composite score,Environment,fua (composite),,score (0-100),35.86,,,,,derived (V1 approved composites),
IT031,Salerno,IT,composite,mobility_score,Mobility composite score,Mobility,fua (composite),,score (0-100),,,,,,derived (V1 approved composites),
IT031,Salerno,IT,composite,economic_opportunity_score,Economic Opportunity composite score,Economic Opportunity,fua (composite),,score (0-100),6.08,,,,,derived (V1 approved composites),
IT031,Salerno,IT,context,population,Population (total),Context,fua,228681,PS (persons),,2024,,,neutral (context),OECD,
IT031,Salerno,IT,context,commuting_public_transport,Commuting mode share - public transport,Mobility (context),fua,11.7,PT_WR (% of workers),,2011,,stale_commuting_context,higher=better,OECD,
IT031,Salerno,IT,context,commuting_bike,Commuting mode share - bicycle,Mobility (context),fua,0.8,PT_WR (% of workers),,2011,,stale_commuting_context,higher=better,OECD,
IT031,Salerno,IT,context,commuting_walk,Commuting mode share - walking,Mobility (context),fua,16.7,PT_WR (% of workers),,2011,,stale_commuting_context,higher=better,OECD,
IT031,Salerno,IT,context,commuting_car,Commuting mode share - car,Mobility (context),fua,66.5,PT_WR (% of workers),,2011,,stale_commuting_context,higher=worse,OECD,
IT038,Pesaro,IT,indicator,pm25,Mean PM2.5 population exposure,Environment,fua,36.47603010369108,MCG_M3 (ug/m3),22.9,2025,,,higher=worse,OECD,
IT038,Pesaro,IT,indicator,green_area,Green area per inhabitant (urban centre),Environment,fua,75,M2_PS (m2/person),13.72,2021,,,higher=better,OECD,
IT038,Pesaro,IT,indicator,public_transport_access,Population with access to public transport (15-minute walk),Mobility,fua,97.4,PT_POP (% population),75.73,2023,,,higher=better,OECD,
IT038,Pesaro,IT,indicator,employment_rate,Employment rate (15-64),Economic Opportunity,fua,,PT_POP_SUB (% of working-age population),,,,,higher=better,OECD,
IT038,Pesaro,IT,indicator,unemployment_rate,Unemployment rate (15-64),Economic Opportunity,fua,,PT_LF_SUB (% of labour force),,,,,higher=worse,OECD,
IT038,Pesaro,IT,composite,environment_score,Environment composite score,Environment,fua (composite),,score (0-100),18.31,,,,,derived (V1 approved composites),
IT038,Pesaro,IT,composite,mobility_score,Mobility composite score,Mobility,fua (composite),,score (0-100),75.73,,,,,derived (V1 approved composites),
IT038,Pesaro,IT,composite,economic_opportunity_score,Economic Opportunity composite score,Economic Opportunity,fua (composite),,score (0-100),,,,,,derived (V1 approved composites),
IT038,Pesaro,IT,context,population,Population (total),Context,fua,127508,PS (persons),,2024,,,neutral (context),OECD,
IT038,Pesaro,IT,context,commuting_public_transport,Commuting mode share - public transport,Mobility (context),fua,3.9,PT_WR (% of workers),,2011,,stale_commuting_context,higher=better,OECD,
IT038,Pesaro,IT,context,commuting_bike,Commuting mode share - bicycle,Mobility (context),fua,9.1,PT_WR (% of workers),,2011,,stale_commuting_context,higher=better,OECD,
IT038,Pesaro,IT,context,commuting_walk,Commuting mode share - walking,Mobility (context),fua,6,PT_WR (% of workers),,2011,,stale_commuting_context,higher=better,OECD,
IT038,Pesaro,IT,context,commuting_car,Commuting mode share - car,Mobility (context),fua,73,PT_WR (% of workers),,2011,,stale_commuting_context,higher=worse,OECD,
IT042,Varese,IT,indicator,pm25,Mean PM2.5 population exposure,Environment,fua,49.96454991787233,MCG_M3 (ug/m3),6.94,2025,,,higher=worse,OECD,
IT042,Varese,IT,indicator,green_area,Green area per inhabitant (urban centre),Environment,fua,235,M2_PS (m2/person),92.22,2021,,,higher=better,OECD,
IT042,Varese,IT,indicator,public_transport_access,Population with access to public transport (15-minute walk),Mobility,fua,90.5,PT_POP (% population),30.5,2023,,,higher=better,OECD,
IT042,Varese,IT,indicator,employment_rate,Employment rate (15-64),Economic Opportunity,fua,,PT_POP_SUB (% of working-age population),,,,,higher=better,OECD,
IT042,Varese,IT,indicator,unemployment_rate,Unemployment rate (15-64),Economic Opportunity,fua,,PT_LF_SUB (% of labour force),,,,,higher=worse,OECD,
IT042,Varese,IT,composite,environment_score,Environment composite score,Environment,fua (composite),,score (0-100),49.58,,,,,derived (V1 approved composites),
IT042,Varese,IT,composite,mobility_score,Mobility composite score,Mobility,fua (composite),,score (0-100),30.5,,,,,derived (V1 approved composites),
IT042,Varese,IT,composite,economic_opportunity_score,Economic Opportunity composite score,Economic Opportunity,fua (composite),,score (0-100),,,,,,derived (V1 approved composites),
IT042,Varese,IT,context,population,Population (total),Context,fua,187803,PS (persons),,2024,,,neutral (context),OECD,
IT042,Varese,IT,context,commuting_public_transport,Commuting mode share - public transport,Mobility (context),fua,8.6,PT_WR (% of workers),,2011,,stale_commuting_context,higher=better,OECD,
IT042,Varese,IT,context,commuting_bike,Commuting mode share - bicycle,Mobility (context),fua,1.5,PT_WR (% of workers),,2011,,stale_commuting_context,higher=better,OECD,
IT042,Varese,IT,context,commuting_walk,Commuting mode share - walking,Mobility (context),fua,9.1,PT_WR (% of workers),,2011,,stale_commuting_context,higher=better,OECD,
IT042,Varese,IT,context,commuting_car,Commuting mode share - car,Mobility (context),fua,77.5,PT_WR (% of workers),,2011,,stale_commuting_context,higher=worse,OECD,
IT043,Asti,IT,indicator,pm25,Mean PM2.5 population exposure,Environment,fua,67.35889597535918,MCG_M3 (ug/m3),1.48,2025,,,higher=worse,OECD,
IT043,Asti,IT,indicator,green_area,Green area per inhabitant (urban centre),Environment,fua,54,M2_PS (m2/person),6.18,2021,,,higher=better,OECD,
IT043,Asti,IT,indicator,public_transport_access,Population with access to public transport (15-minute walk),Mobility,fua,81.4,PT_POP (% population),15.52,2023,,,higher=better,OECD,
IT043,Asti,IT,indicator,employment_rate,Employment rate (15-64),Economic Opportunity,fua,,PT_POP_SUB (% of working-age population),,,,,higher=better,OECD,
IT043,Asti,IT,indicator,unemployment_rate,Unemployment rate (15-64),Economic Opportunity,fua,,PT_LF_SUB (% of labour force),,,,,higher=worse,OECD,
IT043,Asti,IT,composite,environment_score,Environment composite score,Environment,fua (composite),,score (0-100),3.83,,,,,derived (V1 approved composites),
IT043,Asti,IT,composite,mobility_score,Mobility composite score,Mobility,fua (composite),,score (0-100),15.52,,,,,derived (V1 approved composites),
IT043,Asti,IT,composite,economic_opportunity_score,Economic Opportunity composite score,Economic Opportunity,fua (composite),,score (0-100),,,,,,derived (V1 approved composites),
IT043,Asti,IT,context,population,Population (total),Context,fua,111454,PS (persons),,2024,,,neutral (context),OECD,
IT043,Asti,IT,context,commuting_public_transport,Commuting mode share - public transport,Mobility (context),fua,7.4,PT_WR (% of workers),,2011,,stale_commuting_context,higher=better,OECD,
IT043,Asti,IT,context,commuting_bike,Commuting mode share - bicycle,Mobility (context),fua,1.4,PT_WR (% of workers),,2011,,stale_commuting_context,higher=better,OECD,
IT043,Asti,IT,context,commuting_walk,Commuting mode share - walking,Mobility (context),fua,15,PT_WR (% of workers),,2011,,stale_commuting_context,higher=better,OECD,
IT043,Asti,IT,context,commuting_car,Commuting mode share - car,Mobility (context),fua,74.1,PT_WR (% of workers),,2011,,stale_commuting_context,higher=worse,OECD,
IT064,Messina,IT,indicator,pm25,Mean PM2.5 population exposure,Environment,fua,35.78563254544701,MCG_M3 (ug/m3),24.37,2025,,,higher=worse,OECD,
IT064,Messina,IT,indicator,green_area,Green area per inhabitant (urban centre),Environment,fua,105,M2_PS (m2/person),27.53,2021,,,higher=better,OECD,
IT064,Messina,IT,indicator,public_transport_access,Population with access to public transport (15-minute walk),Mobility,fua,87.7,PT_POP (% population),23.87,2023,,,higher=better,OECD,
IT064,Messina,IT,indicator,employment_rate,Employment rate (15-64),Economic Opportunity,fua,46.8,PT_POP_SUB (% of working-age population),2.58,2024,,,higher=better,OECD,
IT064,Messina,IT,indicator,unemployment_rate,Unemployment rate (15-64),Economic Opportunity,fua,16.4,PT_LF_SUB (% of labour force),1.89,2024,,,higher=worse,OECD,
IT064,Messina,IT,composite,environment_score,Environment composite score,Environment,fua (composite),,score (0-100),25.95,,,,,derived (V1 approved composites),
IT064,Messina,IT,composite,mobility_score,Mobility composite score,Mobility,fua (composite),,score (0-100),23.87,,,,,derived (V1 approved composites),
IT064,Messina,IT,composite,economic_opportunity_score,Economic Opportunity composite score,Economic Opportunity,fua (composite),,score (0-100),2.23,,,,,derived (V1 approved composites),
IT064,Messina,IT,context,population,Population (total),Context,fua,275924,PS (persons),,2024,,,neutral (context),OECD,
IT064,Messina,IT,context,commuting_public_transport,Commuting mode share - public transport,Mobility (context),fua,8.5,PT_WR (% of workers),,2011,,stale_commuting_context,higher=better,OECD,
IT064,Messina,IT,context,commuting_bike,Commuting mode share - bicycle,Mobility (context),fua,0.5,PT_WR (% of workers),,2011,,stale_commuting_context,higher=better,OECD,
IT064,Messina,IT,context,commuting_walk,Commuting mode share - walking,Mobility (context),fua,13.1,PT_WR (% of workers),,2011,,stale_commuting_context,higher=better,OECD,
IT064,Messina,IT,context,commuting_car,Commuting mode share - car,Mobility (context),fua,68.6,PT_WR (% of workers),,2011,,stale_commuting_context,higher=worse,OECD,
IT065,Prato,IT,indicator,pm25,Mean PM2.5 population exposure,Environment,fua,39.00399585066616,MCG_M3 (ug/m3),16.25,2025,,,higher=worse,OECD,
IT065,Prato,IT,indicator,green_area,Green area per inhabitant (urban centre),Environment,fua,92,M2_PS (m2/person),20.47,2021,,,higher=better,OECD,
IT065,Prato,IT,indicator,public_transport_access,Population with access to public transport (15-minute walk),Mobility,fua,,PT_POP (% population),,,,,higher=better,OECD,
IT065,Prato,IT,indicator,employment_rate,Employment rate (15-64),Economic Opportunity,fua,72.3,PT_POP_SUB (% of working-age population),60.33,2024,,,higher=better,OECD,
IT065,Prato,IT,indicator,unemployment_rate,Unemployment rate (15-64),Economic Opportunity,fua,2.9,PT_LF_SUB (% of labour force),90.19,2024,,,higher=worse,OECD,
IT065,Prato,IT,composite,environment_score,Environment composite score,Environment,fua (composite),,score (0-100),18.36,,,,,derived (V1 approved composites),
IT065,Prato,IT,composite,mobility_score,Mobility composite score,Mobility,fua (composite),,score (0-100),,,,,,derived (V1 approved composites),
IT065,Prato,IT,composite,economic_opportunity_score,Economic Opportunity composite score,Economic Opportunity,fua (composite),,score (0-100),75.26,,,,,derived (V1 approved composites),
IT065,Prato,IT,context,population,Population (total),Context,fua,288458,PS (persons),,2024,,,neutral (context),OECD,
IT065,Prato,IT,context,commuting_public_transport,Commuting mode share - public transport,Mobility (context),fua,6.8,PT_WR (% of workers),,2011,,stale_commuting_context,higher=better,OECD,
IT065,Prato,IT,context,commuting_bike,Commuting mode share - bicycle,Mobility (context),fua,3,PT_WR (% of workers),,2011,,stale_commuting_context,higher=better,OECD,
IT065,Prato,IT,context,commuting_walk,Commuting mode share - walking,Mobility (context),fua,8.8,PT_WR (% of workers),,2011,,stale_commuting_context,higher=better,OECD,
IT065,Prato,IT,context,commuting_car,Commuting mode share - car,Mobility (context),fua,76.3,PT_WR (% of workers),,2011,,stale_commuting_context,higher=worse,OECD,
IT066,Parma,IT,indicator,pm25,Mean PM2.5 population exposure,Environment,fua,60.949234435529696,MCG_M3 (ug/m3),2.51,2025,,,higher=worse,OECD,
IT066,Parma,IT,indicator,green_area,Green area per inhabitant (urban centre),Environment,fua,74,M2_PS (m2/person),13.24,2021,,,higher=better,OECD,
IT066,Parma,IT,indicator,public_transport_access,Population with access to public transport (15-minute walk),Mobility,fua,,PT_POP (% population),,,,,higher=better,OECD,
IT066,Parma,IT,indicator,employment_rate,Employment rate (15-64),Economic Opportunity,fua,70.5,PT_POP_SUB (% of working-age population),52.58,2024,,,higher=better,OECD,
IT066,Parma,IT,indicator,unemployment_rate,Unemployment rate (15-64),Economic Opportunity,fua,4.6,PT_LF_SUB (% of labour force),68.87,2024,,,higher=worse,OECD,
IT066,Parma,IT,composite,environment_score,Environment composite score,Environment,fua (composite),,score (0-100),7.88,,,,,derived (V1 approved composites),
IT066,Parma,IT,composite,mobility_score,Mobility composite score,Mobility,fua (composite),,score (0-100),,,,,,derived (V1 approved composites),
IT066,Parma,IT,composite,economic_opportunity_score,Economic Opportunity composite score,Economic Opportunity,fua (composite),,score (0-100),60.73,,,,,derived (V1 approved composites),
IT066,Parma,IT,context,population,Population (total),Context,fua,368518,PS (persons),,2024,,,neutral (context),OECD,
IT066,Parma,IT,context,commuting_public_transport,Commuting mode share - public transport,Mobility (context),fua,5.8,PT_WR (% of workers),,2011,,stale_commuting_context,higher=better,OECD,
IT066,Parma,IT,context,commuting_bike,Commuting mode share - bicycle,Mobility (context),fua,9.9,PT_WR (% of workers),,2011,,stale_commuting_context,higher=better,OECD,
IT066,Parma,IT,context,commuting_walk,Commuting mode share - walking,Mobility (context),fua,8.5,PT_WR (% of workers),,2011,,stale_commuting_context,higher=better,OECD,
IT066,Parma,IT,context,commuting_car,Commuting mode share - car,Mobility (context),fua,71.9,PT_WR (% of workers),,2011,,stale_commuting_context,higher=worse,OECD,
IT068,Reggio nell'Emilia,IT,indicator,pm25,Mean PM2.5 population exposure,Environment,fua,63.737041956633384,MCG_M3 (ug/m3),2.22,2025,,,higher=worse,OECD,
IT068,Reggio nell'Emilia,IT,indicator,green_area,Green area per inhabitant (urban centre),Environment,fua,92,M2_PS (m2/person),20.47,2021,,,higher=better,OECD,
IT068,Reggio nell'Emilia,IT,indicator,public_transport_access,Population with access to public transport (15-minute walk),Mobility,fua,,PT_POP (% population),,,,,higher=better,OECD,
IT068,Reggio nell'Emilia,IT,indicator,employment_rate,Employment rate (15-64),Economic Opportunity,fua,68.1,PT_POP_SUB (% of working-age population),35.06,2024,,,higher=better,OECD,
IT068,Reggio nell'Emilia,IT,indicator,unemployment_rate,Unemployment rate (15-64),Economic Opportunity,fua,3.6,PT_LF_SUB (% of labour force),80.38,2024,,,higher=worse,OECD,
IT068,Reggio nell'Emilia,IT,composite,environment_score,Environment composite score,Environment,fua (composite),,score (0-100),11.34,,,,,derived (V1 approved composites),
IT068,Reggio nell'Emilia,IT,composite,mobility_score,Mobility composite score,Mobility,fua (composite),,score (0-100),,,,,,derived (V1 approved composites),
IT068,Reggio nell'Emilia,IT,composite,economic_opportunity_score,Economic Opportunity composite score,Economic Opportunity,fua (composite),,score (0-100),57.72,,,,,derived (V1 approved composites),
IT068,Reggio nell'Emilia,IT,context,population,Population (total),Context,fua,296352,PS (persons),,2024,,,neutral (context),OECD,
IT068,Reggio nell'Emilia,IT,context,commuting_public_transport,Commuting mode share - public transport,Mobility (context),fua,4.3,PT_WR (% of workers),,2011,,stale_commuting_context,higher=better,OECD,
IT068,Reggio nell'Emilia,IT,context,commuting_bike,Commuting mode share - bicycle,Mobility (context),fua,7.9,PT_WR (% of workers),,2011,,stale_commuting_context,higher=better,OECD,
IT068,Reggio nell'Emilia,IT,context,commuting_walk,Commuting mode share - walking,Mobility (context),fua,6.3,PT_WR (% of workers),,2011,,stale_commuting_context,higher=better,OECD,
IT068,Reggio nell'Emilia,IT,context,commuting_car,Commuting mode share - car,Mobility (context),fua,78.5,PT_WR (% of workers),,2011,,stale_commuting_context,higher=worse,OECD,
IT071,Rimini,IT,indicator,pm25,Mean PM2.5 population exposure,Environment,fua,44.13195756993992,MCG_M3 (ug/m3),10.93,2025,,,higher=worse,OECD,
IT071,Rimini,IT,indicator,green_area,Green area per inhabitant (urban centre),Environment,fua,84,M2_PS (m2/person),15.81,2021,,,higher=better,OECD,
IT071,Rimini,IT,indicator,public_transport_access,Population with access to public transport (15-minute walk),Mobility,fua,,PT_POP (% population),,,,,higher=better,OECD,
IT071,Rimini,IT,indicator,employment_rate,Employment rate (15-64),Economic Opportunity,fua,67.6,PT_POP_SUB (% of working-age population),32.1,2024,,,higher=better,OECD,
IT071,Rimini,IT,indicator,unemployment_rate,Unemployment rate (15-64),Economic Opportunity,fua,4.9,PT_LF_SUB (% of labour force),64.91,2024,,,higher=worse,OECD,
IT071,Rimini,IT,composite,environment_score,Environment composite score,Environment,fua (composite),,score (0-100),13.37,,,,,derived (V1 approved composites),
IT071,Rimini,IT,composite,mobility_score,Mobility composite score,Mobility,fua (composite),,score (0-100),,,,,,derived (V1 approved composites),
IT071,Rimini,IT,composite,economic_opportunity_score,Economic Opportunity composite score,Economic Opportunity,fua (composite),,score (0-100),48.5,,,,,derived (V1 approved composites),
IT071,Rimini,IT,context,population,Population (total),Context,fua,259877,PS (persons),,2024,,,neutral (context),OECD,
IT071,Rimini,IT,context,commuting_public_transport,Commuting mode share - public transport,Mobility (context),fua,3.4,PT_WR (% of workers),,2011,,stale_commuting_context,higher=better,OECD,
IT071,Rimini,IT,context,commuting_bike,Commuting mode share - bicycle,Mobility (context),fua,10.3,PT_WR (% of workers),,2011,,stale_commuting_context,higher=better,OECD,
IT071,Rimini,IT,context,commuting_walk,Commuting mode share - walking,Mobility (context),fua,7.5,PT_WR (% of workers),,2011,,stale_commuting_context,higher=better,OECD,
IT071,Rimini,IT,context,commuting_car,Commuting mode share - car,Mobility (context),fua,70.5,PT_WR (% of workers),,2011,,stale_commuting_context,higher=worse,OECD,
IT073,Bergamo,IT,indicator,pm25,Mean PM2.5 population exposure,Environment,fua,50.18009865194457,MCG_M3 (ug/m3),6.65,2025,,,higher=worse,OECD,
IT073,Bergamo,IT,indicator,green_area,Green area per inhabitant (urban centre),Environment,fua,141,M2_PS (m2/person),49.68,2021,,,higher=better,OECD,
IT073,Bergamo,IT,indicator,public_transport_access,Population with access to public transport (15-minute walk),Mobility,fua,,PT_POP (% population),,,,,higher=better,OECD,
IT073,Bergamo,IT,indicator,employment_rate,Employment rate (15-64),Economic Opportunity,fua,68.1,PT_POP_SUB (% of working-age population),35.06,2024,,,higher=better,OECD,
IT073,Bergamo,IT,indicator,unemployment_rate,Unemployment rate (15-64),Economic Opportunity,fua,1.5,PT_LF_SUB (% of labour force),99.43,2024,,,higher=worse,OECD,
IT073,Bergamo,IT,composite,environment_score,Environment composite score,Environment,fua (composite),,score (0-100),28.16,,,,,derived (V1 approved composites),
IT073,Bergamo,IT,composite,mobility_score,Mobility composite score,Mobility,fua (composite),,score (0-100),,,,,,derived (V1 approved composites),
IT073,Bergamo,IT,composite,economic_opportunity_score,Economic Opportunity composite score,Economic Opportunity,fua (composite),,score (0-100),67.25,,,,,derived (V1 approved composites),
IT073,Bergamo,IT,context,population,Population (total),Context,fua,548645,PS (persons),,2024,,,neutral (context),OECD,
IT073,Bergamo,IT,context,commuting_public_transport,Commuting mode share - public transport,Mobility (context),fua,6.2,PT_WR (% of workers),,2011,,stale_commuting_context,higher=better,OECD,
IT073,Bergamo,IT,context,commuting_bike,Commuting mode share - bicycle,Mobility (context),fua,4.5,PT_WR (% of workers),,2011,,stale_commuting_context,higher=better,OECD,
IT073,Bergamo,IT,context,commuting_walk,Commuting mode share - walking,Mobility (context),fua,8.7,PT_WR (% of workers),,2011,,stale_commuting_context,higher=better,OECD,
IT073,Bergamo,IT,context,commuting_car,Commuting mode share - car,Mobility (context),fua,72.3,PT_WR (% of workers),,2011,,stale_commuting_context,higher=worse,OECD,
IT079,Alessandria,IT,indicator,pm25,Mean PM2.5 population exposure,Environment,fua,51.63040252793787,MCG_M3 (ug/m3),5.47,2025,,,higher=worse,OECD,
IT079,Alessandria,IT,indicator,green_area,Green area per inhabitant (urban centre),Environment,fua,57,M2_PS (m2/person),7.06,2021,,,higher=better,OECD,
IT079,Alessandria,IT,indicator,public_transport_access,Population with access to public transport (15-minute walk),Mobility,fua,67.5,PT_POP (% population),4.24,2023,,,higher=better,OECD,
IT079,Alessandria,IT,indicator,employment_rate,Employment rate (15-64),Economic Opportunity,fua,,PT_POP_SUB (% of working-age population),,,,,higher=better,OECD,
IT079,Alessandria,IT,indicator,unemployment_rate,Unemployment rate (15-64),Economic Opportunity,fua,,PT_LF_SUB (% of labour force),,,,,higher=worse,OECD,
IT079,Alessandria,IT,composite,environment_score,Environment composite score,Environment,fua (composite),,score (0-100),6.26,,,,,derived (V1 approved composites),
IT079,Alessandria,IT,composite,mobility_score,Mobility composite score,Mobility,fua (composite),,score (0-100),4.24,,,,,derived (V1 approved composites),
IT079,Alessandria,IT,composite,economic_opportunity_score,Economic Opportunity composite score,Economic Opportunity,fua (composite),,score (0-100),,,,,,derived (V1 approved composites),
IT079,Alessandria,IT,context,population,Population (total),Context,fua,134382,PS (persons),,2024,,,neutral (context),OECD,
IT079,Alessandria,IT,context,commuting_public_transport,Commuting mode share - public transport,Mobility (context),fua,6.6,PT_WR (% of workers),,2011,,stale_commuting_context,higher=better,OECD,
IT079,Alessandria,IT,context,commuting_bike,Commuting mode share - bicycle,Mobility (context),fua,6.3,PT_WR (% of workers),,2011,,stale_commuting_context,higher=better,OECD,
IT079,Alessandria,IT,context,commuting_walk,Commuting mode share - walking,Mobility (context),fua,12.8,PT_WR (% of workers),,2011,,stale_commuting_context,higher=better,OECD,
IT079,Alessandria,IT,context,commuting_car,Commuting mode share - car,Mobility (context),fua,72.5,PT_WR (% of workers),,2011,,stale_commuting_context,higher=worse,OECD,
LT001,Vilnius,LT,indicator,pm25,Mean PM2.5 population exposure,Environment,fua,27.859721570420803,MCG_M3 (ug/m3),56.43,2025,,,higher=worse,OECD,
LT001,Vilnius,LT,indicator,green_area,Green area per inhabitant (urban centre),Environment,fua,229,M2_PS (m2/person),90.45,2021,,,higher=better,OECD,
LT001,Vilnius,LT,indicator,public_transport_access,Population with access to public transport (15-minute walk),Mobility,fua,80.8,PT_POP (% population),14.59,2023,,,higher=better,OECD,
LT001,Vilnius,LT,indicator,employment_rate,Employment rate (15-64),Economic Opportunity,fua,77.5,PT_POP_SUB (% of working-age population),86.16,2024,,,higher=better,OECD,
LT001,Vilnius,LT,indicator,unemployment_rate,Unemployment rate (15-64),Economic Opportunity,fua,6.2,PT_LF_SUB (% of labour force),54.91,2024,,,higher=worse,OECD,
LT001,Vilnius,LT,composite,environment_score,Environment composite score,Environment,fua (composite),,score (0-100),73.44,,,,,derived (V1 approved composites),
LT001,Vilnius,LT,composite,mobility_score,Mobility composite score,Mobility,fua (composite),,score (0-100),14.59,,,,,derived (V1 approved composites),
LT001,Vilnius,LT,composite,economic_opportunity_score,Economic Opportunity composite score,Economic Opportunity,fua (composite),,score (0-100),70.53,,,,,derived (V1 approved composites),
LT001,Vilnius,LT,perception_dimension,perceived_safety,Perceived safety (safe walking at night after dark),Safety,city_core,72.7,"PC (sum of response-category shares, % of respondents)",57.5,2023,,,higher=better,Eurostat,LT001C
LT001,Vilnius,LT,perception_dimension,community,Trust / community (generalised trust),Community,city_core,66.1,"PC (sum of response-category shares, % of respondents)",56.88,2023,,,higher=better,Eurostat,LT001C
LT001,Vilnius,LT,perception_dimension,life_satisfaction,Life satisfaction (the life you lead),Life Balance,city_core,85.0,"PC (sum of response-category shares, % of respondents)",53.75,2023,,,higher=better,Eurostat,LT001C
LT001,Vilnius,LT,perception_dimension,housing_satisfaction,Housing satisfaction (easy to find good housing at a reasonable price),Housing,city_core,31.6,"PC (sum of response-category shares, % of respondents)",56.25,2023,,,higher=better,Eurostat,LT001C
LT001,Vilnius,LT,context,population,Population (total),Context,fua,1039279,PS (persons),,2025,,,neutral (context),OECD,
LT001,Vilnius,LT,context,commuting_public_transport,Commuting mode share - public transport,Mobility (context),fua,,PT_WR (% of workers),,,,,higher=better,OECD,
LT001,Vilnius,LT,context,commuting_bike,Commuting mode share - bicycle,Mobility (context),fua,,PT_WR (% of workers),,,,,higher=better,OECD,
LT001,Vilnius,LT,context,commuting_walk,Commuting mode share - walking,Mobility (context),fua,,PT_WR (% of workers),,,,,higher=better,OECD,
LT001,Vilnius,LT,context,commuting_car,Commuting mode share - car,Mobility (context),fua,,PT_WR (% of workers),,,,,higher=worse,OECD,
LT002,Kaunas,LT,indicator,pm25,Mean PM2.5 population exposure,Environment,fua,28.70186099853371,MCG_M3 (ug/m3),50.96,2025,,,higher=worse,OECD,
LT002,Kaunas,LT,indicator,green_area,Green area per inhabitant (urban centre),Environment,fua,210,M2_PS (m2/person),85.07,2021,,,higher=better,OECD,
LT002,Kaunas,LT,indicator,public_transport_access,Population with access to public transport (15-minute walk),Mobility,fua,88.9,PT_POP (% population),26.39,2023,,,higher=better,OECD,
LT002,Kaunas,LT,indicator,employment_rate,Employment rate (15-64),Economic Opportunity,fua,79.4,PT_POP_SUB (% of working-age population),92.8,2024,,,higher=better,OECD,
LT002,Kaunas,LT,indicator,unemployment_rate,Unemployment rate (15-64),Economic Opportunity,fua,6.6,PT_LF_SUB (% of labour force),46.42,2024,,,higher=worse,OECD,
LT002,Kaunas,LT,composite,environment_score,Environment composite score,Environment,fua (composite),,score (0-100),68.02,,,,,derived (V1 approved composites),
LT002,Kaunas,LT,composite,mobility_score,Mobility composite score,Mobility,fua (composite),,score (0-100),26.39,,,,,derived (V1 approved composites),
LT002,Kaunas,LT,composite,economic_opportunity_score,Economic Opportunity composite score,Economic Opportunity,fua (composite),,score (0-100),69.61,,,,,derived (V1 approved composites),
LT002,Kaunas,LT,context,population,Population (total),Context,fua,519221,PS (persons),,2025,,,neutral (context),OECD,
LT002,Kaunas,LT,context,commuting_public_transport,Commuting mode share - public transport,Mobility (context),fua,,PT_WR (% of workers),,,,,higher=better,OECD,
LT002,Kaunas,LT,context,commuting_bike,Commuting mode share - bicycle,Mobility (context),fua,,PT_WR (% of workers),,,,,higher=better,OECD,
LT002,Kaunas,LT,context,commuting_walk,Commuting mode share - walking,Mobility (context),fua,,PT_WR (% of workers),,,,,higher=better,OECD,
LT002,Kaunas,LT,context,commuting_car,Commuting mode share - car,Mobility (context),fua,,PT_WR (% of workers),,,,,higher=worse,OECD,
LU001,Luxembourg,LU,indicator,pm25,Mean PM2.5 population exposure,Environment,fua,27.186332709616515,MCG_M3 (ug/m3),61.45,2025,,,higher=worse,OECD,
LU001,Luxembourg,LU,indicator,green_area,Green area per inhabitant (urban centre),Environment,fua,138,M2_PS (m2/person),47.35,2021,,,higher=better,OECD,
LU001,Luxembourg,LU,indicator,public_transport_access,Population with access to public transport (15-minute walk),Mobility,fua,95.9,PT_POP (% population),58.89,2023,,,higher=better,OECD,
LU001,Luxembourg,LU,indicator,employment_rate,Employment rate (15-64),Economic Opportunity,fua,68.2,PT_POP_SUB (% of working-age population),36.16,2024,,,higher=better,OECD,
LU001,Luxembourg,LU,indicator,unemployment_rate,Unemployment rate (15-64),Economic Opportunity,fua,6.4,PT_LF_SUB (% of labour force),49.25,2024,,,higher=worse,OECD,
LU001,Luxembourg,LU,composite,environment_score,Environment composite score,Environment,fua (composite),,score (0-100),54.4,,,,,derived (V1 approved composites),
LU001,Luxembourg,LU,composite,mobility_score,Mobility composite score,Mobility,fua (composite),,score (0-100),58.89,,,,,derived (V1 approved composites),
LU001,Luxembourg,LU,composite,economic_opportunity_score,Economic Opportunity composite score,Economic Opportunity,fua (composite),,score (0-100),42.7,,,,,derived (V1 approved composites),
LU001,Luxembourg,LU,perception_dimension,perceived_safety,Perceived safety (safe walking at night after dark),Safety,city_core,81.9,"PC (sum of response-category shares, % of respondents)",90.0,2023,,,higher=better,Eurostat,LU001C
LU001,Luxembourg,LU,perception_dimension,community,Trust / community (generalised trust),Community,city_core,78.7,"PC (sum of response-category shares, % of respondents)",90.0,2023,,,higher=better,Eurostat,LU001C
LU001,Luxembourg,LU,perception_dimension,life_satisfaction,Life satisfaction (the life you lead),Life Balance,city_core,91.2,"PC (sum of response-category shares, % of respondents)",97.5,2023,,,higher=better,Eurostat,LU001C
LU001,Luxembourg,LU,perception_dimension,housing_satisfaction,Housing satisfaction (easy to find good housing at a reasonable price),Housing,city_core,13.8,"PC (sum of response-category shares, % of respondents)",11.25,2023,,,higher=better,Eurostat,LU001C
LU001,Luxembourg,LU,context,population,Population (total),Context,fua,602556,PS (persons),,2022,,,neutral (context),OECD,
LU001,Luxembourg,LU,context,commuting_public_transport,Commuting mode share - public transport,Mobility (context),fua,,PT_WR (% of workers),,,,,higher=better,OECD,
LU001,Luxembourg,LU,context,commuting_bike,Commuting mode share - bicycle,Mobility (context),fua,,PT_WR (% of workers),,,,,higher=better,OECD,
LU001,Luxembourg,LU,context,commuting_walk,Commuting mode share - walking,Mobility (context),fua,,PT_WR (% of workers),,,,,higher=better,OECD,
LU001,Luxembourg,LU,context,commuting_car,Commuting mode share - car,Mobility (context),fua,,PT_WR (% of workers),,,,,higher=worse,OECD,
LV001,Riga,LV,indicator,pm25,Mean PM2.5 population exposure,Environment,fua,24.26306758170782,MCG_M3 (ug/m3),76.51,2025,,,higher=worse,OECD,
LV001,Riga,LV,indicator,green_area,Green area per inhabitant (urban centre),Environment,fua,154,M2_PS (m2/person),58.67,2021,,,higher=better,OECD,
LV001,Riga,LV,indicator,public_transport_access,Population with access to public transport (15-minute walk),Mobility,fua,88.8,PT_POP (% population),25.86,2023,,,higher=better,OECD,
LV001,Riga,LV,indicator,employment_rate,Employment rate (15-64),Economic Opportunity,fua,73.3,PT_POP_SUB (% of working-age population),66.97,2023,,,higher=better,OECD,
LV001,Riga,LV,indicator,unemployment_rate,Unemployment rate (15-64),Economic Opportunity,fua,6.3,PT_LF_SUB (% of labour force),52.64,2023,,,higher=worse,OECD,
LV001,Riga,LV,composite,environment_score,Environment composite score,Environment,fua (composite),,score (0-100),67.59,,,,,derived (V1 approved composites),
LV001,Riga,LV,composite,mobility_score,Mobility composite score,Mobility,fua (composite),,score (0-100),25.86,,,,,derived (V1 approved composites),
LV001,Riga,LV,composite,economic_opportunity_score,Economic Opportunity composite score,Economic Opportunity,fua (composite),,score (0-100),59.8,,,,,derived (V1 approved composites),
LV001,Riga,LV,perception_dimension,perceived_safety,Perceived safety (safe walking at night after dark),Safety,city_core,70.0,"PC (sum of response-category shares, % of respondents)",52.5,2023,,,higher=better,Eurostat,LV001C
LV001,Riga,LV,perception_dimension,community,Trust / community (generalised trust),Community,city_core,43.8,"PC (sum of response-category shares, % of respondents)",11.25,2023,,,higher=better,Eurostat,LV001C
LV001,Riga,LV,perception_dimension,life_satisfaction,Life satisfaction (the life you lead),Life Balance,city_core,77.0,"PC (sum of response-category shares, % of respondents)",20.0,2023,,,higher=better,Eurostat,LV001C
LV001,Riga,LV,perception_dimension,housing_satisfaction,Housing satisfaction (easy to find good housing at a reasonable price),Housing,city_core,23.2,"PC (sum of response-category shares, % of respondents)",33.75,2023,,,higher=better,Eurostat,LV001C
LV001,Riga,LV,context,population,Population (total),Context,fua,1141385,PS (persons),,2025,,,neutral (context),OECD,
LV001,Riga,LV,context,commuting_public_transport,Commuting mode share - public transport,Mobility (context),fua,27.9,PT_WR (% of workers),,2017,,stale_commuting_context,higher=better,OECD,
LV001,Riga,LV,context,commuting_bike,Commuting mode share - bicycle,Mobility (context),fua,4.1,PT_WR (% of workers),,2017,,stale_commuting_context,higher=better,OECD,
LV001,Riga,LV,context,commuting_walk,Commuting mode share - walking,Mobility (context),fua,16.8,PT_WR (% of workers),,2017,,stale_commuting_context,higher=better,OECD,
LV001,Riga,LV,context,commuting_car,Commuting mode share - car,Mobility (context),fua,,PT_WR (% of workers),,,,,higher=worse,OECD,
NL001,Amsterdam,NL,indicator,pm25,Mean PM2.5 population exposure,Environment,fua,25.28263556011924,MCG_M3 (ug/m3),70.46,2025,,,higher=worse,OECD,
NL001,Amsterdam,NL,indicator,green_area,Green area per inhabitant (urban centre),Environment,fua,129,M2_PS (m2/person),42.13,2021,,,higher=better,OECD,
NL001,Amsterdam,NL,indicator,public_transport_access,Population with access to public transport (15-minute walk),Mobility,fua,92.3,PT_POP (% population),37.14,2023,,,higher=better,OECD,
NL001,Amsterdam,NL,indicator,employment_rate,Employment rate (15-64),Economic Opportunity,fua,82.5,PT_POP_SUB (% of working-age population),98.15,2023,,,higher=better,OECD,
NL001,Amsterdam,NL,indicator,unemployment_rate,Unemployment rate (15-64),Economic Opportunity,fua,4,PT_LF_SUB (% of labour force),76.42,2023,,,higher=worse,OECD,
NL001,Amsterdam,NL,composite,environment_score,Environment composite score,Environment,fua (composite),,score (0-100),56.3,,,,,derived (V1 approved composites),
NL001,Amsterdam,NL,composite,mobility_score,Mobility composite score,Mobility,fua (composite),,score (0-100),37.14,,,,,derived (V1 approved composites),
NL001,Amsterdam,NL,composite,economic_opportunity_score,Economic Opportunity composite score,Economic Opportunity,fua (composite),,score (0-100),87.28,,,,,derived (V1 approved composites),
NL001,Amsterdam,NL,perception_dimension,perceived_safety,Perceived safety (safe walking at night after dark),Safety,city_core,77.0,"PC (sum of response-category shares, % of respondents)",72.5,2023,,,higher=better,Eurostat,NL001C
NL001,Amsterdam,NL,perception_dimension,community,Trust / community (generalised trust),Community,city_core,66.0,"PC (sum of response-category shares, % of respondents)",55.0,2023,,,higher=better,Eurostat,NL001C
NL001,Amsterdam,NL,perception_dimension,life_satisfaction,Life satisfaction (the life you lead),Life Balance,city_core,88.0,"PC (sum of response-category shares, % of respondents)",82.5,2023,,,higher=better,Eurostat,NL001C
NL001,Amsterdam,NL,perception_dimension,housing_satisfaction,Housing satisfaction (easy to find good housing at a reasonable price),Housing,city_core,15.8,"PC (sum of response-category shares, % of respondents)",15.0,2023,,,higher=better,Eurostat,NL001C
NL001,Amsterdam,NL,context,population,Population (total),Context,fua,2980410,PS (persons),,2025,,,neutral (context),OECD,
NL001,Amsterdam,NL,context,commuting_public_transport,Commuting mode share - public transport,Mobility (context),fua,,PT_WR (% of workers),,,,,higher=better,OECD,
NL001,Amsterdam,NL,context,commuting_bike,Commuting mode share - bicycle,Mobility (context),fua,,PT_WR (% of workers),,,,,higher=better,OECD,
NL001,Amsterdam,NL,context,commuting_walk,Commuting mode share - walking,Mobility (context),fua,,PT_WR (% of workers),,,,,higher=better,OECD,
NL001,Amsterdam,NL,context,commuting_car,Commuting mode share - car,Mobility (context),fua,,PT_WR (% of workers),,,,,higher=worse,OECD,
NL002,Alkmaar,NL,indicator,pm25,Mean PM2.5 population exposure,Environment,fua,22.24383816332945,MCG_M3 (ug/m3),86.56,2025,,,higher=worse,OECD,
NL002,Alkmaar,NL,indicator,green_area,Green area per inhabitant (urban centre),Environment,fua,156,M2_PS (m2/person),59.87,2021,,,higher=better,OECD,
NL002,Alkmaar,NL,indicator,public_transport_access,Population with access to public transport (15-minute walk),Mobility,fua,90.1,PT_POP (% population),30.24,2023,,,higher=better,OECD,
NL002,Alkmaar,NL,indicator,employment_rate,Employment rate (15-64),Economic Opportunity,fua,80.7,PT_POP_SUB (% of working-age population),94.65,2024,,,higher=better,OECD,
NL002,Alkmaar,NL,indicator,unemployment_rate,Unemployment rate (15-64),Economic Opportunity,fua,3.8,PT_LF_SUB (% of labour force),78.49,2024,,,higher=worse,OECD,
NL002,Alkmaar,NL,composite,environment_score,Environment composite score,Environment,fua (composite),,score (0-100),73.22,,,,,derived (V1 approved composites),
NL002,Alkmaar,NL,composite,mobility_score,Mobility composite score,Mobility,fua (composite),,score (0-100),30.24,,,,,derived (V1 approved composites),
NL002,Alkmaar,NL,composite,economic_opportunity_score,Economic Opportunity composite score,Economic Opportunity,fua (composite),,score (0-100),86.57,,,,,derived (V1 approved composites),
NL002,Alkmaar,NL,context,population,Population (total),Context,fua,281743,PS (persons),,2025,,,neutral (context),OECD,
NL002,Alkmaar,NL,context,commuting_public_transport,Commuting mode share - public transport,Mobility (context),fua,,PT_WR (% of workers),,,,,higher=better,OECD,
NL002,Alkmaar,NL,context,commuting_bike,Commuting mode share - bicycle,Mobility (context),fua,,PT_WR (% of workers),,,,,higher=better,OECD,
NL002,Alkmaar,NL,context,commuting_walk,Commuting mode share - walking,Mobility (context),fua,,PT_WR (% of workers),,,,,higher=better,OECD,
NL002,Alkmaar,NL,context,commuting_car,Commuting mode share - car,Mobility (context),fua,,PT_WR (% of workers),,,,,higher=worse,OECD,
NL008,Arnhem,NL,indicator,pm25,Mean PM2.5 population exposure,Environment,fua,25.179441822264746,MCG_M3 (ug/m3),71.05,2025,,,higher=worse,OECD,
NL008,Arnhem,NL,indicator,green_area,Green area per inhabitant (urban centre),Environment,fua,225,M2_PS (m2/person),89.65,2021,,,higher=better,OECD,
NL008,Arnhem,NL,indicator,public_transport_access,Population with access to public transport (15-minute walk),Mobility,fua,93.9,PT_POP (% population),45.62,2023,,,higher=better,OECD,
NL008,Arnhem,NL,indicator,employment_rate,Employment rate (15-64),Economic Opportunity,fua,82.9,PT_POP_SUB (% of working-age population),99.45,2024,,,higher=better,OECD,
NL008,Arnhem,NL,indicator,unemployment_rate,Unemployment rate (15-64),Economic Opportunity,fua,3.5,PT_LF_SUB (% of labour force),82.26,2024,,,higher=worse,OECD,
NL008,Arnhem,NL,composite,environment_score,Environment composite score,Environment,fua (composite),,score (0-100),80.35,,,,,derived (V1 approved composites),
NL008,Arnhem,NL,composite,mobility_score,Mobility composite score,Mobility,fua (composite),,score (0-100),45.62,,,,,derived (V1 approved composites),
NL008,Arnhem,NL,composite,economic_opportunity_score,Economic Opportunity composite score,Economic Opportunity,fua (composite),,score (0-100),90.86,,,,,derived (V1 approved composites),
NL008,Arnhem,NL,context,population,Population (total),Context,fua,428463,PS (persons),,2025,,,neutral (context),OECD,
NL008,Arnhem,NL,context,commuting_public_transport,Commuting mode share - public transport,Mobility (context),fua,,PT_WR (% of workers),,,,,higher=better,OECD,
NL008,Arnhem,NL,context,commuting_bike,Commuting mode share - bicycle,Mobility (context),fua,,PT_WR (% of workers),,,,,higher=better,OECD,
NL008,Arnhem,NL,context,commuting_walk,Commuting mode share - walking,Mobility (context),fua,,PT_WR (% of workers),,,,,higher=better,OECD,
NL008,Arnhem,NL,context,commuting_car,Commuting mode share - car,Mobility (context),fua,,PT_WR (% of workers),,,,,higher=worse,OECD,
NL011,Breda,NL,indicator,pm25,Mean PM2.5 population exposure,Environment,fua,26.84461632153512,MCG_M3 (ug/m3),62.33,2025,,,higher=worse,OECD,
NL011,Breda,NL,indicator,green_area,Green area per inhabitant (urban centre),Environment,fua,147,M2_PS (m2/person),54.57,2021,,,higher=better,OECD,
NL011,Breda,NL,indicator,public_transport_access,Population with access to public transport (15-minute walk),Mobility,fua,88.1,PT_POP (% population),24.54,2023,,,higher=better,OECD,
NL011,Breda,NL,indicator,employment_rate,Employment rate (15-64),Economic Opportunity,fua,82.3,PT_POP_SUB (% of working-age population),97.05,2024,,,higher=better,OECD,
NL011,Breda,NL,indicator,unemployment_rate,Unemployment rate (15-64),Economic Opportunity,fua,3.2,PT_LF_SUB (% of labour force),86.98,2024,,,higher=worse,OECD,
NL011,Breda,NL,composite,environment_score,Environment composite score,Environment,fua (composite),,score (0-100),58.45,,,,,derived (V1 approved composites),
NL011,Breda,NL,composite,mobility_score,Mobility composite score,Mobility,fua (composite),,score (0-100),24.54,,,,,derived (V1 approved composites),
NL011,Breda,NL,composite,economic_opportunity_score,Economic Opportunity composite score,Economic Opportunity,fua (composite),,score (0-100),92.02,,,,,derived (V1 approved composites),
NL011,Breda,NL,context,population,Population (total),Context,fua,361464,PS (persons),,2025,,,neutral (context),OECD,
NL011,Breda,NL,context,commuting_public_transport,Commuting mode share - public transport,Mobility (context),fua,,PT_WR (% of workers),,,,,higher=better,OECD,
NL011,Breda,NL,context,commuting_bike,Commuting mode share - bicycle,Mobility (context),fua,,PT_WR (% of workers),,,,,higher=better,OECD,
NL011,Breda,NL,context,commuting_walk,Commuting mode share - walking,Mobility (context),fua,,PT_WR (% of workers),,,,,higher=better,OECD,
NL011,Breda,NL,context,commuting_car,Commuting mode share - car,Mobility (context),fua,,PT_WR (% of workers),,,,,higher=worse,OECD,
NL014,Eindhoven,NL,indicator,pm25,Mean PM2.5 population exposure,Environment,fua,28.978402566692445,MCG_M3 (ug/m3),49.78,2025,,,higher=worse,OECD,
NL014,Eindhoven,NL,indicator,green_area,Green area per inhabitant (urban centre),Environment,fua,161,M2_PS (m2/person),63.32,2021,,,higher=better,OECD,
NL014,Eindhoven,NL,indicator,public_transport_access,Population with access to public transport (15-minute walk),Mobility,fua,90.7,PT_POP (% population),31.43,2023,,,higher=better,OECD,
NL014,Eindhoven,NL,indicator,employment_rate,Employment rate (15-64),Economic Opportunity,fua,82.3,PT_POP_SUB (% of working-age population),97.05,2024,,,higher=better,OECD,
NL014,Eindhoven,NL,indicator,unemployment_rate,Unemployment rate (15-64),Economic Opportunity,fua,3.2,PT_LF_SUB (% of labour force),86.98,2024,,,higher=worse,OECD,
NL014,Eindhoven,NL,composite,environment_score,Environment composite score,Environment,fua (composite),,score (0-100),56.55,,,,,derived (V1 approved composites),
NL014,Eindhoven,NL,composite,mobility_score,Mobility composite score,Mobility,fua (composite),,score (0-100),31.43,,,,,derived (V1 approved composites),
NL014,Eindhoven,NL,composite,economic_opportunity_score,Economic Opportunity composite score,Economic Opportunity,fua (composite),,score (0-100),92.02,,,,,derived (V1 approved composites),
NL014,Eindhoven,NL,context,population,Population (total),Context,fua,853993,PS (persons),,2025,,,neutral (context),OECD,
NL014,Eindhoven,NL,context,commuting_public_transport,Commuting mode share - public transport,Mobility (context),fua,,PT_WR (% of workers),,,,,higher=better,OECD,
NL014,Eindhoven,NL,context,commuting_bike,Commuting mode share - bicycle,Mobility (context),fua,,PT_WR (% of workers),,,,,higher=better,OECD,
NL014,Eindhoven,NL,context,commuting_walk,Commuting mode share - walking,Mobility (context),fua,,PT_WR (% of workers),,,,,higher=better,OECD,
NL014,Eindhoven,NL,context,commuting_car,Commuting mode share - car,Mobility (context),fua,,PT_WR (% of workers),,,,,higher=worse,OECD,
NL015,Enschede,NL,indicator,pm25,Mean PM2.5 population exposure,Environment,fua,26.526011896114216,MCG_M3 (ug/m3),64.55,2025,,,higher=worse,OECD,
NL015,Enschede,NL,indicator,green_area,Green area per inhabitant (urban centre),Environment,fua,189,M2_PS (m2/person),76.24,2021,,,higher=better,OECD,
NL015,Enschede,NL,indicator,public_transport_access,Population with access to public transport (15-minute walk),Mobility,fua,89.3,PT_POP (% population),28.51,2023,,,higher=better,OECD,
NL015,Enschede,NL,indicator,employment_rate,Employment rate (15-64),Economic Opportunity,fua,82.6,PT_POP_SUB (% of working-age population),98.71,2024,,,higher=better,OECD,
NL015,Enschede,NL,indicator,unemployment_rate,Unemployment rate (15-64),Economic Opportunity,fua,3.3,PT_LF_SUB (% of labour force),84.91,2024,,,higher=worse,OECD,
NL015,Enschede,NL,composite,environment_score,Environment composite score,Environment,fua (composite),,score (0-100),70.39,,,,,derived (V1 approved composites),
NL015,Enschede,NL,composite,mobility_score,Mobility composite score,Mobility,fua (composite),,score (0-100),28.51,,,,,derived (V1 approved composites),
NL015,Enschede,NL,composite,economic_opportunity_score,Economic Opportunity composite score,Economic Opportunity,fua (composite),,score (0-100),91.81,,,,,derived (V1 approved composites),
NL015,Enschede,NL,context,population,Population (total),Context,fua,412816,PS (persons),,2025,,,neutral (context),OECD,
NL015,Enschede,NL,context,commuting_public_transport,Commuting mode share - public transport,Mobility (context),fua,,PT_WR (% of workers),,,,,higher=better,OECD,
NL015,Enschede,NL,context,commuting_bike,Commuting mode share - bicycle,Mobility (context),fua,,PT_WR (% of workers),,,,,higher=better,OECD,
NL015,Enschede,NL,context,commuting_walk,Commuting mode share - walking,Mobility (context),fua,,PT_WR (% of workers),,,,,higher=better,OECD,
NL015,Enschede,NL,context,commuting_car,Commuting mode share - car,Mobility (context),fua,,PT_WR (% of workers),,,,,higher=worse,OECD,
NL017,'s-Gravenhage,NL,indicator,pm25,Mean PM2.5 population exposure,Environment,fua,26.681197215203866,MCG_M3 (ug/m3),63.52,2025,,,higher=worse,OECD,
NL017,'s-Gravenhage,NL,indicator,green_area,Green area per inhabitant (urban centre),Environment,fua,122,M2_PS (m2/person),36.84,2021,,,higher=better,OECD,
NL017,'s-Gravenhage,NL,indicator,public_transport_access,Population with access to public transport (15-minute walk),Mobility,fua,95.9,PT_POP (% population),58.89,2023,,,higher=better,OECD,
NL017,'s-Gravenhage,NL,indicator,employment_rate,Employment rate (15-64),Economic Opportunity,fua,81.1,PT_POP_SUB (% of working-age population),95.94,2023,,,higher=better,OECD,
NL017,'s-Gravenhage,NL,indicator,unemployment_rate,Unemployment rate (15-64),Economic Opportunity,fua,4.1,PT_LF_SUB (% of labour force),74.91,2023,,,higher=worse,OECD,
NL017,'s-Gravenhage,NL,composite,environment_score,Environment composite score,Environment,fua (composite),,score (0-100),50.18,,,,,derived (V1 approved composites),
NL017,'s-Gravenhage,NL,composite,mobility_score,Mobility composite score,Mobility,fua (composite),,score (0-100),58.89,,,,,derived (V1 approved composites),
NL017,'s-Gravenhage,NL,composite,economic_opportunity_score,Economic Opportunity composite score,Economic Opportunity,fua (composite),,score (0-100),85.42,,,,,derived (V1 approved composites),
NL017,'s-Gravenhage,NL,context,population,Population (total),Context,fua,1236069,PS (persons),,2025,,,neutral (context),OECD,
NL017,'s-Gravenhage,NL,context,commuting_public_transport,Commuting mode share - public transport,Mobility (context),fua,,PT_WR (% of workers),,,,,higher=better,OECD,
NL017,'s-Gravenhage,NL,context,commuting_bike,Commuting mode share - bicycle,Mobility (context),fua,,PT_WR (% of workers),,,,,higher=better,OECD,
NL017,'s-Gravenhage,NL,context,commuting_walk,Commuting mode share - walking,Mobility (context),fua,,PT_WR (% of workers),,,,,higher=better,OECD,
NL017,'s-Gravenhage,NL,context,commuting_car,Commuting mode share - car,Mobility (context),fua,,PT_WR (% of workers),,,,,higher=worse,OECD,
NL018,Groningen,NL,indicator,pm25,Mean PM2.5 population exposure,Environment,fua,25.006868951863755,MCG_M3 (ug/m3),71.64,2025,,,higher=worse,OECD,
NL018,Groningen,NL,indicator,green_area,Green area per inhabitant (urban centre),Environment,fua,143,M2_PS (m2/person),50.96,2021,,,higher=better,OECD,
NL018,Groningen,NL,indicator,public_transport_access,Population with access to public transport (15-minute walk),Mobility,fua,84.1,PT_POP (% population),18.17,2023,,,higher=better,OECD,
NL018,Groningen,NL,indicator,employment_rate,Employment rate (15-64),Economic Opportunity,fua,78.7,PT_POP_SUB (% of working-age population),90.04,2024,,,higher=better,OECD,
NL018,Groningen,NL,indicator,unemployment_rate,Unemployment rate (15-64),Economic Opportunity,fua,4.6,PT_LF_SUB (% of labour force),68.87,2024,,,higher=worse,OECD,
NL018,Groningen,NL,composite,environment_score,Environment composite score,Environment,fua (composite),,score (0-100),61.3,,,,,derived (V1 approved composites),
NL018,Groningen,NL,composite,mobility_score,Mobility composite score,Mobility,fua (composite),,score (0-100),18.17,,,,,derived (V1 approved composites),
NL018,Groningen,NL,composite,economic_opportunity_score,Economic Opportunity composite score,Economic Opportunity,fua (composite),,score (0-100),79.46,,,,,derived (V1 approved composites),
NL018,Groningen,NL,perception_dimension,perceived_safety,Perceived safety (safe walking at night after dark),Safety,city_core,83.9,"PC (sum of response-category shares, % of respondents)",95.0,2023,,,higher=better,Eurostat,NL018C
NL018,Groningen,NL,perception_dimension,community,Trust / community (generalised trust),Community,city_core,82.4,"PC (sum of response-category shares, % of respondents)",95.0,2023,,,higher=better,Eurostat,NL018C
NL018,Groningen,NL,perception_dimension,life_satisfaction,Life satisfaction (the life you lead),Life Balance,city_core,84.0,"PC (sum of response-category shares, % of respondents)",46.25,2023,,,higher=better,Eurostat,NL018C
NL018,Groningen,NL,perception_dimension,housing_satisfaction,Housing satisfaction (easy to find good housing at a reasonable price),Housing,city_core,37.6,"PC (sum of response-category shares, % of respondents)",68.75,2023,,,higher=better,Eurostat,NL018C
NL018,Groningen,NL,context,population,Population (total),Context,fua,728025,PS (persons),,2025,,,neutral (context),OECD,
NL018,Groningen,NL,context,commuting_public_transport,Commuting mode share - public transport,Mobility (context),fua,,PT_WR (% of workers),,,,,higher=better,OECD,
NL018,Groningen,NL,context,commuting_bike,Commuting mode share - bicycle,Mobility (context),fua,,PT_WR (% of workers),,,,,higher=better,OECD,
NL018,Groningen,NL,context,commuting_walk,Commuting mode share - walking,Mobility (context),fua,,PT_WR (% of workers),,,,,higher=better,OECD,
NL018,Groningen,NL,context,commuting_car,Commuting mode share - car,Mobility (context),fua,,PT_WR (% of workers),,,,,higher=worse,OECD,
NL022,Heerlen,NL,indicator,pm25,Mean PM2.5 population exposure,Environment,fua,24.288767121344442,MCG_M3 (ug/m3),76.22,2025,,,higher=worse,OECD,
NL022,Heerlen,NL,indicator,green_area,Green area per inhabitant (urban centre),Environment,fua,270,M2_PS (m2/person),96.47,2021,,,higher=better,OECD,
NL022,Heerlen,NL,indicator,public_transport_access,Population with access to public transport (15-minute walk),Mobility,fua,96.7,PT_POP (% population),67.64,2023,,,higher=better,OECD,
NL022,Heerlen,NL,indicator,employment_rate,Employment rate (15-64),Economic Opportunity,fua,79.4,PT_POP_SUB (% of working-age population),92.8,2024,,,higher=better,OECD,
NL022,Heerlen,NL,indicator,unemployment_rate,Unemployment rate (15-64),Economic Opportunity,fua,3.3,PT_LF_SUB (% of labour force),84.91,2024,,,higher=worse,OECD,
NL022,Heerlen,NL,composite,environment_score,Environment composite score,Environment,fua (composite),,score (0-100),86.34,,,,,derived (V1 approved composites),
NL022,Heerlen,NL,composite,mobility_score,Mobility composite score,Mobility,fua (composite),,score (0-100),67.64,,,,,derived (V1 approved composites),
NL022,Heerlen,NL,composite,economic_opportunity_score,Economic Opportunity composite score,Economic Opportunity,fua (composite),,score (0-100),88.85,,,,,derived (V1 approved composites),
NL022,Heerlen,NL,context,population,Population (total),Context,fua,256062,PS (persons),,2025,,,neutral (context),OECD,
NL022,Heerlen,NL,context,commuting_public_transport,Commuting mode share - public transport,Mobility (context),fua,,PT_WR (% of workers),,,,,higher=better,OECD,
NL022,Heerlen,NL,context,commuting_bike,Commuting mode share - bicycle,Mobility (context),fua,,PT_WR (% of workers),,,,,higher=better,OECD,
NL022,Heerlen,NL,context,commuting_walk,Commuting mode share - walking,Mobility (context),fua,,PT_WR (% of workers),,,,,higher=better,OECD,
NL022,Heerlen,NL,context,commuting_car,Commuting mode share - car,Mobility (context),fua,,PT_WR (% of workers),,,,,higher=worse,OECD,
NL025,'s-Hertogenbosch,NL,indicator,pm25,Mean PM2.5 population exposure,Environment,fua,28.973267964617758,MCG_M3 (ug/m3),49.93,2025,,,higher=worse,OECD,
NL025,'s-Hertogenbosch,NL,indicator,green_area,Green area per inhabitant (urban centre),Environment,fua,155,M2_PS (m2/person),59.15,2021,,,higher=better,OECD,
NL025,'s-Hertogenbosch,NL,indicator,public_transport_access,Population with access to public transport (15-minute walk),Mobility,fua,94,PT_POP (% population),47.08,2023,,,higher=better,OECD,
NL025,'s-Hertogenbosch,NL,indicator,employment_rate,Employment rate (15-64),Economic Opportunity,fua,82.4,PT_POP_SUB (% of working-age population),97.79,2024,,,higher=better,OECD,
NL025,'s-Hertogenbosch,NL,indicator,unemployment_rate,Unemployment rate (15-64),Economic Opportunity,fua,3.2,PT_LF_SUB (% of labour force),86.98,2024,,,higher=worse,OECD,
NL025,'s-Hertogenbosch,NL,composite,environment_score,Environment composite score,Environment,fua (composite),,score (0-100),54.54,,,,,derived (V1 approved composites),
NL025,'s-Hertogenbosch,NL,composite,mobility_score,Mobility composite score,Mobility,fua (composite),,score (0-100),47.08,,,,,derived (V1 approved composites),
NL025,'s-Hertogenbosch,NL,composite,economic_opportunity_score,Economic Opportunity composite score,Economic Opportunity,fua (composite),,score (0-100),92.39,,,,,derived (V1 approved composites),
NL025,'s-Hertogenbosch,NL,context,population,Population (total),Context,fua,297370,PS (persons),,2025,,,neutral (context),OECD,
NL025,'s-Hertogenbosch,NL,context,commuting_public_transport,Commuting mode share - public transport,Mobility (context),fua,,PT_WR (% of workers),,,,,higher=better,OECD,
NL025,'s-Hertogenbosch,NL,context,commuting_bike,Commuting mode share - bicycle,Mobility (context),fua,,PT_WR (% of workers),,,,,higher=better,OECD,
NL025,'s-Hertogenbosch,NL,context,commuting_walk,Commuting mode share - walking,Mobility (context),fua,,PT_WR (% of workers),,,,,higher=better,OECD,
NL025,'s-Hertogenbosch,NL,context,commuting_car,Commuting mode share - car,Mobility (context),fua,,PT_WR (% of workers),,,,,higher=worse,OECD,
NL029,Leiden,NL,indicator,pm25,Mean PM2.5 population exposure,Environment,fua,30.479620360935584,MCG_M3 (ug/m3),42.98,2025,,,higher=worse,OECD,
NL029,Leiden,NL,indicator,green_area,Green area per inhabitant (urban centre),Environment,fua,146,M2_PS (m2/person),53.77,2021,,,higher=better,OECD,
NL029,Leiden,NL,indicator,public_transport_access,Population with access to public transport (15-minute walk),Mobility,fua,95.2,PT_POP (% population),53.18,2023,,,higher=better,OECD,
NL029,Leiden,NL,indicator,employment_rate,Employment rate (15-64),Economic Opportunity,fua,81.1,PT_POP_SUB (% of working-age population),95.94,2023,,,higher=better,OECD,
NL029,Leiden,NL,indicator,unemployment_rate,Unemployment rate (15-64),Economic Opportunity,fua,4.1,PT_LF_SUB (% of labour force),74.91,2023,,,higher=worse,OECD,
NL029,Leiden,NL,composite,environment_score,Environment composite score,Environment,fua (composite),,score (0-100),48.38,,,,,derived (V1 approved composites),
NL029,Leiden,NL,composite,mobility_score,Mobility composite score,Mobility,fua (composite),,score (0-100),53.18,,,,,derived (V1 approved composites),
NL029,Leiden,NL,composite,economic_opportunity_score,Economic Opportunity composite score,Economic Opportunity,fua (composite),,score (0-100),85.42,,,,,derived (V1 approved composites),
NL029,Leiden,NL,context,population,Population (total),Context,fua,371917,PS (persons),,2025,,,neutral (context),OECD,
NL029,Leiden,NL,context,commuting_public_transport,Commuting mode share - public transport,Mobility (context),fua,,PT_WR (% of workers),,,,,higher=better,OECD,
NL029,Leiden,NL,context,commuting_bike,Commuting mode share - bicycle,Mobility (context),fua,,PT_WR (% of workers),,,,,higher=better,OECD,
NL029,Leiden,NL,context,commuting_walk,Commuting mode share - walking,Mobility (context),fua,,PT_WR (% of workers),,,,,higher=better,OECD,
NL029,Leiden,NL,context,commuting_car,Commuting mode share - car,Mobility (context),fua,,PT_WR (% of workers),,,,,higher=worse,OECD,
NL033,Nijmegen,NL,indicator,pm25,Mean PM2.5 population exposure,Environment,fua,26.12003546602097,MCG_M3 (ug/m3),66.62,2025,,,higher=worse,OECD,
NL033,Nijmegen,NL,indicator,green_area,Green area per inhabitant (urban centre),Environment,fua,151,M2_PS (m2/person),56.66,2021,,,higher=better,OECD,
NL033,Nijmegen,NL,indicator,public_transport_access,Population with access to public transport (15-minute walk),Mobility,fua,94.6,PT_POP (% population),50.0,2023,,,higher=better,OECD,
NL033,Nijmegen,NL,indicator,employment_rate,Employment rate (15-64),Economic Opportunity,fua,82.9,PT_POP_SUB (% of working-age population),99.45,2024,,,higher=better,OECD,
NL033,Nijmegen,NL,indicator,unemployment_rate,Unemployment rate (15-64),Economic Opportunity,fua,3.5,PT_LF_SUB (% of labour force),82.26,2024,,,higher=worse,OECD,
NL033,Nijmegen,NL,composite,environment_score,Environment composite score,Environment,fua (composite),,score (0-100),61.64,,,,,derived (V1 approved composites),
NL033,Nijmegen,NL,composite,mobility_score,Mobility composite score,Mobility,fua (composite),,score (0-100),50.0,,,,,derived (V1 approved composites),
NL033,Nijmegen,NL,composite,economic_opportunity_score,Economic Opportunity composite score,Economic Opportunity,fua (composite),,score (0-100),90.86,,,,,derived (V1 approved composites),
NL033,Nijmegen,NL,context,population,Population (total),Context,fua,337861,PS (persons),,2025,,,neutral (context),OECD,
NL033,Nijmegen,NL,context,commuting_public_transport,Commuting mode share - public transport,Mobility (context),fua,,PT_WR (% of workers),,,,,higher=better,OECD,
NL033,Nijmegen,NL,context,commuting_bike,Commuting mode share - bicycle,Mobility (context),fua,,PT_WR (% of workers),,,,,higher=better,OECD,
NL033,Nijmegen,NL,context,commuting_walk,Commuting mode share - walking,Mobility (context),fua,,PT_WR (% of workers),,,,,higher=better,OECD,
NL033,Nijmegen,NL,context,commuting_car,Commuting mode share - car,Mobility (context),fua,,PT_WR (% of workers),,,,,higher=worse,OECD,
NL037,Rotterdam,NL,indicator,pm25,Mean PM2.5 population exposure,Environment,fua,26.649651806648155,MCG_M3 (ug/m3),63.81,2025,,,higher=worse,OECD,
NL037,Rotterdam,NL,indicator,green_area,Green area per inhabitant (urban centre),Environment,fua,137,M2_PS (m2/person),46.39,2021,,,higher=better,OECD,
NL037,Rotterdam,NL,indicator,public_transport_access,Population with access to public transport (15-minute walk),Mobility,fua,87.6,PT_POP (% population),23.47,2023,,,higher=better,OECD,
NL037,Rotterdam,NL,indicator,employment_rate,Employment rate (15-64),Economic Opportunity,fua,81.1,PT_POP_SUB (% of working-age population),95.94,2023,,,higher=better,OECD,
NL037,Rotterdam,NL,indicator,unemployment_rate,Unemployment rate (15-64),Economic Opportunity,fua,4.1,PT_LF_SUB (% of labour force),74.91,2023,,,higher=worse,OECD,
NL037,Rotterdam,NL,composite,environment_score,Environment composite score,Environment,fua (composite),,score (0-100),55.1,,,,,derived (V1 approved composites),
NL037,Rotterdam,NL,composite,mobility_score,Mobility composite score,Mobility,fua (composite),,score (0-100),23.47,,,,,derived (V1 approved composites),
NL037,Rotterdam,NL,composite,economic_opportunity_score,Economic Opportunity composite score,Economic Opportunity,fua (composite),,score (0-100),85.42,,,,,derived (V1 approved composites),
NL037,Rotterdam,NL,perception_dimension,perceived_safety,Perceived safety (safe walking at night after dark),Safety,city_core,73.1,"PC (sum of response-category shares, % of respondents)",59.38,2023,,,higher=better,Eurostat,NL037C
NL037,Rotterdam,NL,perception_dimension,community,Trust / community (generalised trust),Community,city_core,65.0,"PC (sum of response-category shares, % of respondents)",50.0,2023,,,higher=better,Eurostat,NL037C
NL037,Rotterdam,NL,perception_dimension,life_satisfaction,Life satisfaction (the life you lead),Life Balance,city_core,86.5,"PC (sum of response-category shares, % of respondents)",71.25,2023,,,higher=better,Eurostat,NL037C
NL037,Rotterdam,NL,perception_dimension,housing_satisfaction,Housing satisfaction (easy to find good housing at a reasonable price),Housing,city_core,30.0,"PC (sum of response-category shares, % of respondents)",51.25,2023,,,higher=better,Eurostat,NL037C
NL037,Rotterdam,NL,context,population,Population (total),Context,fua,1885110,PS (persons),,2025,,,neutral (context),OECD,
NL037,Rotterdam,NL,context,commuting_public_transport,Commuting mode share - public transport,Mobility (context),fua,,PT_WR (% of workers),,,,,higher=better,OECD,
NL037,Rotterdam,NL,context,commuting_bike,Commuting mode share - bicycle,Mobility (context),fua,,PT_WR (% of workers),,,,,higher=better,OECD,
NL037,Rotterdam,NL,context,commuting_walk,Commuting mode share - walking,Mobility (context),fua,,PT_WR (% of workers),,,,,higher=better,OECD,
NL037,Rotterdam,NL,context,commuting_car,Commuting mode share - car,Mobility (context),fua,,PT_WR (% of workers),,,,,higher=worse,OECD,
NL041,Tilburg,NL,indicator,pm25,Mean PM2.5 population exposure,Environment,fua,28.304149610994536,MCG_M3 (ug/m3),53.18,2025,,,higher=worse,OECD,
NL041,Tilburg,NL,indicator,green_area,Green area per inhabitant (urban centre),Environment,fua,135,M2_PS (m2/person),45.43,2021,,,higher=better,OECD,
NL041,Tilburg,NL,indicator,public_transport_access,Population with access to public transport (15-minute walk),Mobility,fua,90.9,PT_POP (% population),32.36,2023,,,higher=better,OECD,
NL041,Tilburg,NL,indicator,employment_rate,Employment rate (15-64),Economic Opportunity,fua,82.3,PT_POP_SUB (% of working-age population),97.05,2024,,,higher=better,OECD,
NL041,Tilburg,NL,indicator,unemployment_rate,Unemployment rate (15-64),Economic Opportunity,fua,3.2,PT_LF_SUB (% of labour force),86.98,2024,,,higher=worse,OECD,
NL041,Tilburg,NL,composite,environment_score,Environment composite score,Environment,fua (composite),,score (0-100),49.3,,,,,derived (V1 approved composites),
NL041,Tilburg,NL,composite,mobility_score,Mobility composite score,Mobility,fua (composite),,score (0-100),32.36,,,,,derived (V1 approved composites),
NL041,Tilburg,NL,composite,economic_opportunity_score,Economic Opportunity composite score,Economic Opportunity,fua (composite),,score (0-100),92.02,,,,,derived (V1 approved composites),
NL041,Tilburg,NL,context,population,Population (total),Context,fua,435500,PS (persons),,2025,,,neutral (context),OECD,
NL041,Tilburg,NL,context,commuting_public_transport,Commuting mode share - public transport,Mobility (context),fua,,PT_WR (% of workers),,,,,higher=better,OECD,
NL041,Tilburg,NL,context,commuting_bike,Commuting mode share - bicycle,Mobility (context),fua,,PT_WR (% of workers),,,,,higher=better,OECD,
NL041,Tilburg,NL,context,commuting_walk,Commuting mode share - walking,Mobility (context),fua,,PT_WR (% of workers),,,,,higher=better,OECD,
NL041,Tilburg,NL,context,commuting_car,Commuting mode share - car,Mobility (context),fua,,PT_WR (% of workers),,,,,higher=worse,OECD,
NL042,Utrecht,NL,indicator,pm25,Mean PM2.5 population exposure,Environment,fua,27.881605446303716,MCG_M3 (ug/m3),56.28,2025,,,higher=worse,OECD,
NL042,Utrecht,NL,indicator,green_area,Green area per inhabitant (urban centre),Environment,fua,117,M2_PS (m2/person),33.79,2021,,,higher=better,OECD,
NL042,Utrecht,NL,indicator,public_transport_access,Population with access to public transport (15-minute walk),Mobility,fua,95,PT_POP (% population),51.86,2023,,,higher=better,OECD,
NL042,Utrecht,NL,indicator,employment_rate,Employment rate (15-64),Economic Opportunity,fua,84,PT_POP_SUB (% of working-age population),100.0,2023,,,higher=better,OECD,
NL042,Utrecht,NL,indicator,unemployment_rate,Unemployment rate (15-64),Economic Opportunity,fua,3.5,PT_LF_SUB (% of labour force),82.26,2023,,,higher=worse,OECD,
NL042,Utrecht,NL,composite,environment_score,Environment composite score,Environment,fua (composite),,score (0-100),45.03,,,,,derived (V1 approved composites),
NL042,Utrecht,NL,composite,mobility_score,Mobility composite score,Mobility,fua (composite),,score (0-100),51.86,,,,,derived (V1 approved composites),
NL042,Utrecht,NL,composite,economic_opportunity_score,Economic Opportunity composite score,Economic Opportunity,fua (composite),,score (0-100),91.13,,,,,derived (V1 approved composites),
NL042,Utrecht,NL,context,population,Population (total),Context,fua,970860,PS (persons),,2025,,,neutral (context),OECD,
NL042,Utrecht,NL,context,commuting_public_transport,Commuting mode share - public transport,Mobility (context),fua,,PT_WR (% of workers),,,,,higher=better,OECD,
NL042,Utrecht,NL,context,commuting_bike,Commuting mode share - bicycle,Mobility (context),fua,,PT_WR (% of workers),,,,,higher=better,OECD,
NL042,Utrecht,NL,context,commuting_walk,Commuting mode share - walking,Mobility (context),fua,,PT_WR (% of workers),,,,,higher=better,OECD,
NL042,Utrecht,NL,context,commuting_car,Commuting mode share - car,Mobility (context),fua,,PT_WR (% of workers),,,,,higher=worse,OECD,
NL047,Zwolle,NL,indicator,pm25,Mean PM2.5 population exposure,Environment,fua,30.77418129091725,MCG_M3 (ug/m3),40.92,2025,,,higher=worse,OECD,
NL047,Zwolle,NL,indicator,green_area,Green area per inhabitant (urban centre),Environment,fua,165,M2_PS (m2/person),64.77,2021,,,higher=better,OECD,
NL047,Zwolle,NL,indicator,public_transport_access,Population with access to public transport (15-minute walk),Mobility,fua,82,PT_POP (% population),16.18,2023,,,higher=better,OECD,
NL047,Zwolle,NL,indicator,employment_rate,Employment rate (15-64),Economic Opportunity,fua,82.6,PT_POP_SUB (% of working-age population),98.71,2024,,,higher=better,OECD,
NL047,Zwolle,NL,indicator,unemployment_rate,Unemployment rate (15-64),Economic Opportunity,fua,3.4,PT_LF_SUB (% of labour force),83.58,2024,,,higher=worse,OECD,
NL047,Zwolle,NL,composite,environment_score,Environment composite score,Environment,fua (composite),,score (0-100),52.84,,,,,derived (V1 approved composites),
NL047,Zwolle,NL,composite,mobility_score,Mobility composite score,Mobility,fua (composite),,score (0-100),16.18,,,,,derived (V1 approved composites),
NL047,Zwolle,NL,composite,economic_opportunity_score,Economic Opportunity composite score,Economic Opportunity,fua (composite),,score (0-100),91.14,,,,,derived (V1 approved composites),
NL047,Zwolle,NL,context,population,Population (total),Context,fua,412489,PS (persons),,2025,,,neutral (context),OECD,
NL047,Zwolle,NL,context,commuting_public_transport,Commuting mode share - public transport,Mobility (context),fua,,PT_WR (% of workers),,,,,higher=better,OECD,
NL047,Zwolle,NL,context,commuting_bike,Commuting mode share - bicycle,Mobility (context),fua,,PT_WR (% of workers),,,,,higher=better,OECD,
NL047,Zwolle,NL,context,commuting_walk,Commuting mode share - walking,Mobility (context),fua,,PT_WR (% of workers),,,,,higher=better,OECD,
NL047,Zwolle,NL,context,commuting_car,Commuting mode share - car,Mobility (context),fua,,PT_WR (% of workers),,,,,higher=worse,OECD,
NO001,Oslo,NO,indicator,pm25,Mean PM2.5 population exposure,Environment,fua,22.71940499382652,MCG_M3 (ug/m3),84.64,2025,,,higher=worse,OECD,
NO001,Oslo,NO,indicator,green_area,Green area per inhabitant (urban centre),Environment,fua,156,M2_PS (m2/person),59.87,2021,,,higher=better,OECD,
NO001,Oslo,NO,indicator,public_transport_access,Population with access to public transport (15-minute walk),Mobility,fua,96.2,PT_POP (% population),63.0,2023,,,higher=better,OECD,
NO001,Oslo,NO,indicator,employment_rate,Employment rate (15-64),Economic Opportunity,fua,78.1,PT_POP_SUB (% of working-age population),88.19,2023,,,higher=better,OECD,
NO001,Oslo,NO,indicator,unemployment_rate,Unemployment rate (15-64),Economic Opportunity,fua,4.2,PT_LF_SUB (% of labour force),73.58,2023,,,higher=worse,OECD,
NO001,Oslo,NO,composite,environment_score,Environment composite score,Environment,fua (composite),,score (0-100),72.25,,,,,derived (V1 approved composites),
NO001,Oslo,NO,composite,mobility_score,Mobility composite score,Mobility,fua (composite),,score (0-100),63.0,,,,,derived (V1 approved composites),
NO001,Oslo,NO,composite,economic_opportunity_score,Economic Opportunity composite score,Economic Opportunity,fua (composite),,score (0-100),80.88,,,,,derived (V1 approved composites),
NO001,Oslo,NO,perception_dimension,perceived_safety,Perceived safety (safe walking at night after dark),Safety,city_core,80.2,"PC (sum of response-category shares, % of respondents)",86.25,2023,,,higher=better,Eurostat,NO001C
NO001,Oslo,NO,perception_dimension,community,Trust / community (generalised trust),Community,city_core,81.2,"PC (sum of response-category shares, % of respondents)",92.5,2023,,,higher=better,Eurostat,NO001C
NO001,Oslo,NO,perception_dimension,life_satisfaction,Life satisfaction (the life you lead),Life Balance,city_core,87.5,"PC (sum of response-category shares, % of respondents)",78.75,2023,,,higher=better,Eurostat,NO001C
NO001,Oslo,NO,perception_dimension,housing_satisfaction,Housing satisfaction (easy to find good housing at a reasonable price),Housing,city_core,22.4,"PC (sum of response-category shares, % of respondents)",31.87,2023,,,higher=better,Eurostat,NO001C
NO001,Oslo,NO,context,population,Population (total),Context,fua,1551008,PS (persons),,2025,,,neutral (context),OECD,
NO001,Oslo,NO,context,commuting_public_transport,Commuting mode share - public transport,Mobility (context),fua,29,PT_WR (% of workers),,2009,,stale_commuting_context,higher=better,OECD,
NO001,Oslo,NO,context,commuting_bike,Commuting mode share - bicycle,Mobility (context),fua,6,PT_WR (% of workers),,2009,,stale_commuting_context,higher=better,OECD,
NO001,Oslo,NO,context,commuting_walk,Commuting mode share - walking,Mobility (context),fua,12,PT_WR (% of workers),,2009,,stale_commuting_context,higher=better,OECD,
NO001,Oslo,NO,context,commuting_car,Commuting mode share - car,Mobility (context),fua,51,PT_WR (% of workers),,2009,,stale_commuting_context,higher=worse,OECD,
NO002,Bergen,NO,indicator,pm25,Mean PM2.5 population exposure,Environment,fua,15.893511168883025,MCG_M3 (ug/m3),96.9,2025,,,higher=worse,OECD,
NO002,Bergen,NO,indicator,green_area,Green area per inhabitant (urban centre),Environment,fua,297,M2_PS (m2/person),98.56,2021,,,higher=better,OECD,
NO002,Bergen,NO,indicator,public_transport_access,Population with access to public transport (15-minute walk),Mobility,fua,95.7,PT_POP (% population),56.76,2023,,,higher=better,OECD,
NO002,Bergen,NO,indicator,employment_rate,Employment rate (15-64),Economic Opportunity,fua,80,PT_POP_SUB (% of working-age population),93.73,2024,,,higher=better,OECD,
NO002,Bergen,NO,indicator,unemployment_rate,Unemployment rate (15-64),Economic Opportunity,fua,3.2,PT_LF_SUB (% of labour force),86.98,2024,,,higher=worse,OECD,
NO002,Bergen,NO,composite,environment_score,Environment composite score,Environment,fua (composite),,score (0-100),97.73,,,,,derived (V1 approved composites),
NO002,Bergen,NO,composite,mobility_score,Mobility composite score,Mobility,fua (composite),,score (0-100),56.76,,,,,derived (V1 approved composites),
NO002,Bergen,NO,composite,economic_opportunity_score,Economic Opportunity composite score,Economic Opportunity,fua (composite),,score (0-100),90.36,,,,,derived (V1 approved composites),
NO002,Bergen,NO,context,population,Population (total),Context,fua,435240,PS (persons),,2025,,,neutral (context),OECD,
NO002,Bergen,NO,context,commuting_public_transport,Commuting mode share - public transport,Mobility (context),fua,20,PT_WR (% of workers),,2009,,stale_commuting_context,higher=better,OECD,
NO002,Bergen,NO,context,commuting_bike,Commuting mode share - bicycle,Mobility (context),fua,4,PT_WR (% of workers),,2009,,stale_commuting_context,higher=better,OECD,
NO002,Bergen,NO,context,commuting_walk,Commuting mode share - walking,Mobility (context),fua,12,PT_WR (% of workers),,2009,,stale_commuting_context,higher=better,OECD,
NO002,Bergen,NO,context,commuting_car,Commuting mode share - car,Mobility (context),fua,63,PT_WR (% of workers),,2009,,stale_commuting_context,higher=worse,OECD,
NO003,Trondheim,NO,indicator,pm25,Mean PM2.5 population exposure,Environment,fua,10.97873972660752,MCG_M3 (ug/m3),99.41,2025,,,higher=worse,OECD,
NO003,Trondheim,NO,indicator,green_area,Green area per inhabitant (urban centre),Environment,fua,201,M2_PS (m2/person),81.94,2021,,,higher=better,OECD,
NO003,Trondheim,NO,indicator,public_transport_access,Population with access to public transport (15-minute walk),Mobility,fua,95.9,PT_POP (% population),58.89,2023,,,higher=better,OECD,
NO003,Trondheim,NO,indicator,employment_rate,Employment rate (15-64),Economic Opportunity,fua,77.1,PT_POP_SUB (% of working-age population),84.32,2024,,,higher=better,OECD,
NO003,Trondheim,NO,indicator,unemployment_rate,Unemployment rate (15-64),Economic Opportunity,fua,4,PT_LF_SUB (% of labour force),76.42,2024,,,higher=worse,OECD,
NO003,Trondheim,NO,composite,environment_score,Environment composite score,Environment,fua (composite),,score (0-100),90.67,,,,,derived (V1 approved composites),
NO003,Trondheim,NO,composite,mobility_score,Mobility composite score,Mobility,fua (composite),,score (0-100),58.89,,,,,derived (V1 approved composites),
NO003,Trondheim,NO,composite,economic_opportunity_score,Economic Opportunity composite score,Economic Opportunity,fua (composite),,score (0-100),80.37,,,,,derived (V1 approved composites),
NO003,Trondheim,NO,context,population,Population (total),Context,fua,282801,PS (persons),,2025,,,neutral (context),OECD,
NO003,Trondheim,NO,context,commuting_public_transport,Commuting mode share - public transport,Mobility (context),fua,10,PT_WR (% of workers),,2009,,stale_commuting_context,higher=better,OECD,
NO003,Trondheim,NO,context,commuting_bike,Commuting mode share - bicycle,Mobility (context),fua,13,PT_WR (% of workers),,2009,,stale_commuting_context,higher=better,OECD,
NO003,Trondheim,NO,context,commuting_walk,Commuting mode share - walking,Mobility (context),fua,10,PT_WR (% of workers),,2009,,stale_commuting_context,higher=better,OECD,
NO003,Trondheim,NO,context,commuting_car,Commuting mode share - car,Mobility (context),fua,65,PT_WR (% of workers),,2009,,stale_commuting_context,higher=worse,OECD,
NO004,Stavanger,NO,indicator,pm25,Mean PM2.5 population exposure,Environment,fua,16.58488000389305,MCG_M3 (ug/m3),96.6,2025,,,higher=worse,OECD,
NO004,Stavanger,NO,indicator,green_area,Green area per inhabitant (urban centre),Environment,fua,195,M2_PS (m2/person),78.81,2021,,,higher=better,OECD,
NO004,Stavanger,NO,indicator,public_transport_access,Population with access to public transport (15-minute walk),Mobility,fua,95.3,PT_POP (% population),54.11,2023,,,higher=better,OECD,
NO004,Stavanger,NO,indicator,employment_rate,Employment rate (15-64),Economic Opportunity,fua,76.7,PT_POP_SUB (% of working-age population),82.66,2024,,,higher=better,OECD,
NO004,Stavanger,NO,indicator,unemployment_rate,Unemployment rate (15-64),Economic Opportunity,fua,4.9,PT_LF_SUB (% of labour force),64.91,2024,,,higher=worse,OECD,
NO004,Stavanger,NO,composite,environment_score,Environment composite score,Environment,fua (composite),,score (0-100),87.7,,,,,derived (V1 approved composites),
NO004,Stavanger,NO,composite,mobility_score,Mobility composite score,Mobility,fua (composite),,score (0-100),54.11,,,,,derived (V1 approved composites),
NO004,Stavanger,NO,composite,economic_opportunity_score,Economic Opportunity composite score,Economic Opportunity,fua (composite),,score (0-100),73.78,,,,,derived (V1 approved composites),
NO004,Stavanger,NO,context,population,Population (total),Context,fua,343671,PS (persons),,2025,,,neutral (context),OECD,
NO004,Stavanger,NO,context,commuting_public_transport,Commuting mode share - public transport,Mobility (context),fua,11,PT_WR (% of workers),,2009,,stale_commuting_context,higher=better,OECD,
NO004,Stavanger,NO,context,commuting_bike,Commuting mode share - bicycle,Mobility (context),fua,9,PT_WR (% of workers),,2009,,stale_commuting_context,higher=better,OECD,
NO004,Stavanger,NO,context,commuting_walk,Commuting mode share - walking,Mobility (context),fua,9,PT_WR (% of workers),,2009,,stale_commuting_context,higher=better,OECD,
NO004,Stavanger,NO,context,commuting_car,Commuting mode share - car,Mobility (context),fua,69,PT_WR (% of workers),,2009,,stale_commuting_context,higher=worse,OECD,
PL001,Warszawa,PL,indicator,pm25,Mean PM2.5 population exposure,Environment,fua,41.19436205243013,MCG_M3 (ug/m3),14.18,2025,,,higher=worse,OECD,
PL001,Warszawa,PL,indicator,green_area,Green area per inhabitant (urban centre),Environment,fua,124,M2_PS (m2/person),38.2,2021,,,higher=better,OECD,
PL001,Warszawa,PL,indicator,public_transport_access,Population with access to public transport (15-minute walk),Mobility,fua,81.3,PT_POP (% population),15.12,2023,,,higher=better,OECD,
PL001,Warszawa,PL,indicator,employment_rate,Employment rate (15-64),Economic Opportunity,fua,79,PT_POP_SUB (% of working-age population),91.88,2024,,,higher=better,OECD,
PL001,Warszawa,PL,indicator,unemployment_rate,Unemployment rate (15-64),Economic Opportunity,fua,2.6,PT_LF_SUB (% of labour force),94.15,2024,,,higher=worse,OECD,
PL001,Warszawa,PL,composite,environment_score,Environment composite score,Environment,fua (composite),,score (0-100),26.19,,,,,derived (V1 approved composites),
PL001,Warszawa,PL,composite,mobility_score,Mobility composite score,Mobility,fua (composite),,score (0-100),15.12,,,,,derived (V1 approved composites),
PL001,Warszawa,PL,composite,economic_opportunity_score,Economic Opportunity composite score,Economic Opportunity,fua (composite),,score (0-100),93.02,,,,,derived (V1 approved composites),
PL001,Warszawa,PL,perception_dimension,perceived_safety,Perceived safety (safe walking at night after dark),Safety,city_core,76.9,"PC (sum of response-category shares, % of respondents)",71.25,2023,,,higher=better,Eurostat,PL001C
PL001,Warszawa,PL,perception_dimension,community,Trust / community (generalised trust),Community,city_core,48.2,"PC (sum of response-category shares, % of respondents)",17.5,2023,,,higher=better,Eurostat,PL001C
PL001,Warszawa,PL,perception_dimension,life_satisfaction,Life satisfaction (the life you lead),Life Balance,city_core,86.4,"PC (sum of response-category shares, % of respondents)",69.38,2023,,,higher=better,Eurostat,PL001C
PL001,Warszawa,PL,perception_dimension,housing_satisfaction,Housing satisfaction (easy to find good housing at a reasonable price),Housing,city_core,19.3,"PC (sum of response-category shares, % of respondents)",25.0,2023,,,higher=better,Eurostat,PL001C
PL001,Warszawa,PL,context,population,Population (total),Context,fua,3524612,PS (persons),,2024,,,neutral (context),OECD,
PL001,Warszawa,PL,context,commuting_public_transport,Commuting mode share - public transport,Mobility (context),fua,,PT_WR (% of workers),,,,,higher=better,OECD,
PL001,Warszawa,PL,context,commuting_bike,Commuting mode share - bicycle,Mobility (context),fua,,PT_WR (% of workers),,,,,higher=better,OECD,
PL001,Warszawa,PL,context,commuting_walk,Commuting mode share - walking,Mobility (context),fua,,PT_WR (% of workers),,,,,higher=better,OECD,
PL001,Warszawa,PL,context,commuting_car,Commuting mode share - car,Mobility (context),fua,,PT_WR (% of workers),,,,,higher=worse,OECD,
PL002,Łódź,PL,indicator,pm25,Mean PM2.5 population exposure,Environment,fua,44.46150222284014,MCG_M3 (ug/m3),10.34,2025,,,higher=worse,OECD,
PL002,Łódź,PL,indicator,green_area,Green area per inhabitant (urban centre),Environment,fua,147,M2_PS (m2/person),54.57,2021,,,higher=better,OECD,
PL002,Łódź,PL,indicator,public_transport_access,Population with access to public transport (15-minute walk),Mobility,fua,,PT_POP (% population),,,,,higher=better,OECD,
PL002,Łódź,PL,indicator,employment_rate,Employment rate (15-64),Economic Opportunity,fua,70.6,PT_POP_SUB (% of working-age population),53.69,2024,,,higher=better,OECD,
PL002,Łódź,PL,indicator,unemployment_rate,Unemployment rate (15-64),Economic Opportunity,fua,3.6,PT_LF_SUB (% of labour force),80.38,2024,,,higher=worse,OECD,
PL002,Łódź,PL,composite,environment_score,Environment composite score,Environment,fua (composite),,score (0-100),32.45,,,,,derived (V1 approved composites),
PL002,Łódź,PL,composite,mobility_score,Mobility composite score,Mobility,fua (composite),,score (0-100),,,,,,derived (V1 approved composites),
PL002,Łódź,PL,composite,economic_opportunity_score,Economic Opportunity composite score,Economic Opportunity,fua (composite),,score (0-100),67.03,,,,,derived (V1 approved composites),
PL002,Łódź,PL,context,population,Population (total),Context,fua,1027819,PS (persons),,2024,,,neutral (context),OECD,
PL002,Łódź,PL,context,commuting_public_transport,Commuting mode share - public transport,Mobility (context),fua,,PT_WR (% of workers),,,,,higher=better,OECD,
PL002,Łódź,PL,context,commuting_bike,Commuting mode share - bicycle,Mobility (context),fua,,PT_WR (% of workers),,,,,higher=better,OECD,
PL002,Łódź,PL,context,commuting_walk,Commuting mode share - walking,Mobility (context),fua,,PT_WR (% of workers),,,,,higher=better,OECD,
PL002,Łódź,PL,context,commuting_car,Commuting mode share - car,Mobility (context),fua,,PT_WR (% of workers),,,,,higher=worse,OECD,
PL003,Kraków,PL,indicator,pm25,Mean PM2.5 population exposure,Environment,fua,48.689215131217146,MCG_M3 (ug/m3),7.83,2025,,,higher=worse,OECD,
PL003,Kraków,PL,indicator,green_area,Green area per inhabitant (urban centre),Environment,fua,155,M2_PS (m2/person),59.15,2021,,,higher=better,OECD,
PL003,Kraków,PL,indicator,public_transport_access,Population with access to public transport (15-minute walk),Mobility,fua,71.5,PT_POP (% population),6.9,2023,,,higher=better,OECD,
PL003,Kraków,PL,indicator,employment_rate,Employment rate (15-64),Economic Opportunity,fua,70.1,PT_POP_SUB (% of working-age population),47.79,2024,,,higher=better,OECD,
PL003,Kraków,PL,indicator,unemployment_rate,Unemployment rate (15-64),Economic Opportunity,fua,2.6,PT_LF_SUB (% of labour force),94.15,2024,,,higher=worse,OECD,
PL003,Kraków,PL,composite,environment_score,Environment composite score,Environment,fua (composite),,score (0-100),33.49,,,,,derived (V1 approved composites),
PL003,Kraków,PL,composite,mobility_score,Mobility composite score,Mobility,fua (composite),,score (0-100),6.9,,,,,derived (V1 approved composites),
PL003,Kraków,PL,composite,economic_opportunity_score,Economic Opportunity composite score,Economic Opportunity,fua (composite),,score (0-100),70.97,,,,,derived (V1 approved composites),
PL003,Kraków,PL,perception_dimension,perceived_safety,Perceived safety (safe walking at night after dark),Safety,city_core,77.1,"PC (sum of response-category shares, % of respondents)",73.75,2023,,,higher=better,Eurostat,PL003C
PL003,Kraków,PL,perception_dimension,community,Trust / community (generalised trust),Community,city_core,56.1,"PC (sum of response-category shares, % of respondents)",32.5,2023,,,higher=better,Eurostat,PL003C
PL003,Kraków,PL,perception_dimension,life_satisfaction,Life satisfaction (the life you lead),Life Balance,city_core,86.6,"PC (sum of response-category shares, % of respondents)",72.5,2023,,,higher=better,Eurostat,PL003C
PL003,Kraków,PL,perception_dimension,housing_satisfaction,Housing satisfaction (easy to find good housing at a reasonable price),Housing,city_core,26.3,"PC (sum of response-category shares, % of respondents)",41.25,2023,,,higher=better,Eurostat,PL003C
PL003,Kraków,PL,context,population,Population (total),Context,fua,1456240,PS (persons),,2024,,,neutral (context),OECD,
PL003,Kraków,PL,context,commuting_public_transport,Commuting mode share - public transport,Mobility (context),fua,,PT_WR (% of workers),,,,,higher=better,OECD,
PL003,Kraków,PL,context,commuting_bike,Commuting mode share - bicycle,Mobility (context),fua,,PT_WR (% of workers),,,,,higher=better,OECD,
PL003,Kraków,PL,context,commuting_walk,Commuting mode share - walking,Mobility (context),fua,,PT_WR (% of workers),,,,,higher=better,OECD,
PL003,Kraków,PL,context,commuting_car,Commuting mode share - car,Mobility (context),fua,,PT_WR (% of workers),,,,,higher=worse,OECD,
PL004,Wrocław,PL,indicator,pm25,Mean PM2.5 population exposure,Environment,fua,45.31178818624665,MCG_M3 (ug/m3),9.9,2025,,,higher=worse,OECD,
PL004,Wrocław,PL,indicator,green_area,Green area per inhabitant (urban centre),Environment,fua,163,M2_PS (m2/person),64.29,2021,,,higher=better,OECD,
PL004,Wrocław,PL,indicator,public_transport_access,Population with access to public transport (15-minute walk),Mobility,fua,81.5,PT_POP (% population),15.92,2023,,,higher=better,OECD,
PL004,Wrocław,PL,indicator,employment_rate,Employment rate (15-64),Economic Opportunity,fua,73.9,PT_POP_SUB (% of working-age population),70.3,2024,,,higher=better,OECD,
PL004,Wrocław,PL,indicator,unemployment_rate,Unemployment rate (15-64),Economic Opportunity,fua,3.4,PT_LF_SUB (% of labour force),83.58,2024,,,higher=worse,OECD,
PL004,Wrocław,PL,composite,environment_score,Environment composite score,Environment,fua (composite),,score (0-100),37.1,,,,,derived (V1 approved composites),
PL004,Wrocław,PL,composite,mobility_score,Mobility composite score,Mobility,fua (composite),,score (0-100),15.92,,,,,derived (V1 approved composites),
PL004,Wrocław,PL,composite,economic_opportunity_score,Economic Opportunity composite score,Economic Opportunity,fua (composite),,score (0-100),76.94,,,,,derived (V1 approved composites),
PL004,Wrocław,PL,context,population,Population (total),Context,fua,1038107,PS (persons),,2024,,,neutral (context),OECD,
PL004,Wrocław,PL,context,commuting_public_transport,Commuting mode share - public transport,Mobility (context),fua,,PT_WR (% of workers),,,,,higher=better,OECD,
PL004,Wrocław,PL,context,commuting_bike,Commuting mode share - bicycle,Mobility (context),fua,,PT_WR (% of workers),,,,,higher=better,OECD,
PL004,Wrocław,PL,context,commuting_walk,Commuting mode share - walking,Mobility (context),fua,,PT_WR (% of workers),,,,,higher=better,OECD,
PL004,Wrocław,PL,context,commuting_car,Commuting mode share - car,Mobility (context),fua,,PT_WR (% of workers),,,,,higher=worse,OECD,
PL005,Poznań,PL,indicator,pm25,Mean PM2.5 population exposure,Environment,fua,42.17775124223465,MCG_M3 (ug/m3),12.41,2025,,,higher=worse,OECD,
PL005,Poznań,PL,indicator,green_area,Green area per inhabitant (urban centre),Environment,fua,195,M2_PS (m2/person),78.81,2021,,,higher=better,OECD,
PL005,Poznań,PL,indicator,public_transport_access,Population with access to public transport (15-minute walk),Mobility,fua,83.4,PT_POP (% population),16.98,2023,,,higher=better,OECD,
PL005,Poznań,PL,indicator,employment_rate,Employment rate (15-64),Economic Opportunity,fua,72.5,PT_POP_SUB (% of working-age population),61.62,2024,,,higher=better,OECD,
PL005,Poznań,PL,indicator,unemployment_rate,Unemployment rate (15-64),Economic Opportunity,fua,2.3,PT_LF_SUB (% of labour force),96.79,2024,,,higher=worse,OECD,
PL005,Poznań,PL,composite,environment_score,Environment composite score,Environment,fua (composite),,score (0-100),45.61,,,,,derived (V1 approved composites),
PL005,Poznań,PL,composite,mobility_score,Mobility composite score,Mobility,fua (composite),,score (0-100),16.98,,,,,derived (V1 approved composites),
PL005,Poznań,PL,composite,economic_opportunity_score,Economic Opportunity composite score,Economic Opportunity,fua (composite),,score (0-100),79.2,,,,,derived (V1 approved composites),
PL005,Poznań,PL,context,population,Population (total),Context,fua,992919,PS (persons),,2024,,,neutral (context),OECD,
PL005,Poznań,PL,context,commuting_public_transport,Commuting mode share - public transport,Mobility (context),fua,,PT_WR (% of workers),,,,,higher=better,OECD,
PL005,Poznań,PL,context,commuting_bike,Commuting mode share - bicycle,Mobility (context),fua,,PT_WR (% of workers),,,,,higher=better,OECD,
PL005,Poznań,PL,context,commuting_walk,Commuting mode share - walking,Mobility (context),fua,,PT_WR (% of workers),,,,,higher=better,OECD,
PL005,Poznań,PL,context,commuting_car,Commuting mode share - car,Mobility (context),fua,,PT_WR (% of workers),,,,,higher=worse,OECD,
PL006,Gdańsk,PL,indicator,pm25,Mean PM2.5 population exposure,Environment,fua,31.86747961415555,MCG_M3 (ug/m3),36.93,2025,,,higher=worse,OECD,
PL006,Gdańsk,PL,indicator,green_area,Green area per inhabitant (urban centre),Environment,fua,165,M2_PS (m2/person),64.77,2021,,,higher=better,OECD,
PL006,Gdańsk,PL,indicator,public_transport_access,Population with access to public transport (15-minute walk),Mobility,fua,78.5,PT_POP (% population),11.41,2023,,,higher=better,OECD,
PL006,Gdańsk,PL,indicator,employment_rate,Employment rate (15-64),Economic Opportunity,fua,72.9,PT_POP_SUB (% of working-age population),64.94,2024,,,higher=better,OECD,
PL006,Gdańsk,PL,indicator,unemployment_rate,Unemployment rate (15-64),Economic Opportunity,fua,2.2,PT_LF_SUB (% of labour force),97.74,2024,,,higher=worse,OECD,
PL006,Gdańsk,PL,composite,environment_score,Environment composite score,Environment,fua (composite),,score (0-100),50.85,,,,,derived (V1 approved composites),
PL006,Gdańsk,PL,composite,mobility_score,Mobility composite score,Mobility,fua (composite),,score (0-100),11.41,,,,,derived (V1 approved composites),
PL006,Gdańsk,PL,composite,economic_opportunity_score,Economic Opportunity composite score,Economic Opportunity,fua (composite),,score (0-100),81.34,,,,,derived (V1 approved composites),
PL006,Gdańsk,PL,perception_dimension,perceived_safety,Perceived safety (safe walking at night after dark),Safety,city_core,79.0,"PC (sum of response-category shares, % of respondents)",80.0,2023,,,higher=better,Eurostat,PL006C
PL006,Gdańsk,PL,perception_dimension,community,Trust / community (generalised trust),Community,city_core,64.6,"PC (sum of response-category shares, % of respondents)",46.25,2023,,,higher=better,Eurostat,PL006C
PL006,Gdańsk,PL,perception_dimension,life_satisfaction,Life satisfaction (the life you lead),Life Balance,city_core,85.4,"PC (sum of response-category shares, % of respondents)",55.0,2023,,,higher=better,Eurostat,PL006C
PL006,Gdańsk,PL,perception_dimension,housing_satisfaction,Housing satisfaction (easy to find good housing at a reasonable price),Housing,city_core,33.2,"PC (sum of response-category shares, % of respondents)",57.5,2023,,,higher=better,Eurostat,PL006C
PL006,Gdańsk,PL,context,population,Population (total),Context,fua,717743,PS (persons),,2024,,,neutral (context),OECD,
PL006,Gdańsk,PL,context,commuting_public_transport,Commuting mode share - public transport,Mobility (context),fua,,PT_WR (% of workers),,,,,higher=better,OECD,
PL006,Gdańsk,PL,context,commuting_bike,Commuting mode share - bicycle,Mobility (context),fua,,PT_WR (% of workers),,,,,higher=better,OECD,
PL006,Gdańsk,PL,context,commuting_walk,Commuting mode share - walking,Mobility (context),fua,,PT_WR (% of workers),,,,,higher=better,OECD,
PL006,Gdańsk,PL,context,commuting_car,Commuting mode share - car,Mobility (context),fua,,PT_WR (% of workers),,,,,higher=worse,OECD,
PL007,Szczecin,PL,indicator,pm25,Mean PM2.5 population exposure,Environment,fua,30.781575486138085,MCG_M3 (ug/m3),40.77,2025,,,higher=worse,OECD,
PL007,Szczecin,PL,indicator,green_area,Green area per inhabitant (urban centre),Environment,fua,166,M2_PS (m2/person),65.41,2021,,,higher=better,OECD,
PL007,Szczecin,PL,indicator,public_transport_access,Population with access to public transport (15-minute walk),Mobility,fua,88.6,PT_POP (% population),25.33,2023,,,higher=better,OECD,
PL007,Szczecin,PL,indicator,employment_rate,Employment rate (15-64),Economic Opportunity,fua,70.9,PT_POP_SUB (% of working-age population),56.64,2024,,,higher=better,OECD,
PL007,Szczecin,PL,indicator,unemployment_rate,Unemployment rate (15-64),Economic Opportunity,fua,2.8,PT_LF_SUB (% of labour force),91.89,2024,,,higher=worse,OECD,
PL007,Szczecin,PL,composite,environment_score,Environment composite score,Environment,fua (composite),,score (0-100),53.09,,,,,derived (V1 approved composites),
PL007,Szczecin,PL,composite,mobility_score,Mobility composite score,Mobility,fua (composite),,score (0-100),25.33,,,,,derived (V1 approved composites),
PL007,Szczecin,PL,composite,economic_opportunity_score,Economic Opportunity composite score,Economic Opportunity,fua (composite),,score (0-100),74.27,,,,,derived (V1 approved composites),
PL007,Szczecin,PL,context,population,Population (total),Context,fua,515242,PS (persons),,2024,,,neutral (context),OECD,
PL007,Szczecin,PL,context,commuting_public_transport,Commuting mode share - public transport,Mobility (context),fua,,PT_WR (% of workers),,,,,higher=better,OECD,
PL007,Szczecin,PL,context,commuting_bike,Commuting mode share - bicycle,Mobility (context),fua,,PT_WR (% of workers),,,,,higher=better,OECD,
PL007,Szczecin,PL,context,commuting_walk,Commuting mode share - walking,Mobility (context),fua,,PT_WR (% of workers),,,,,higher=better,OECD,
PL007,Szczecin,PL,context,commuting_car,Commuting mode share - car,Mobility (context),fua,,PT_WR (% of workers),,,,,higher=worse,OECD,
PL008,Bydgoszcz,PL,indicator,pm25,Mean PM2.5 population exposure,Environment,fua,38.25335968038872,MCG_M3 (ug/m3),18.61,2025,,,higher=worse,OECD,
PL008,Bydgoszcz,PL,indicator,green_area,Green area per inhabitant (urban centre),Environment,fua,153,M2_PS (m2/person),58.19,2021,,,higher=better,OECD,
PL008,Bydgoszcz,PL,indicator,public_transport_access,Population with access to public transport (15-minute walk),Mobility,fua,77.2,PT_POP (% population),9.81,2023,,,higher=better,OECD,
PL008,Bydgoszcz,PL,indicator,employment_rate,Employment rate (15-64),Economic Opportunity,fua,71.2,PT_POP_SUB (% of working-age population),58.12,2024,,,higher=better,OECD,
PL008,Bydgoszcz,PL,indicator,unemployment_rate,Unemployment rate (15-64),Economic Opportunity,fua,4.2,PT_LF_SUB (% of labour force),73.58,2024,,,higher=worse,OECD,
PL008,Bydgoszcz,PL,composite,environment_score,Environment composite score,Environment,fua (composite),,score (0-100),38.4,,,,,derived (V1 approved composites),
PL008,Bydgoszcz,PL,composite,mobility_score,Mobility composite score,Mobility,fua (composite),,score (0-100),9.81,,,,,derived (V1 approved composites),
PL008,Bydgoszcz,PL,composite,economic_opportunity_score,Economic Opportunity composite score,Economic Opportunity,fua (composite),,score (0-100),65.85,,,,,derived (V1 approved composites),
PL008,Bydgoszcz,PL,context,population,Population (total),Context,fua,545444,PS (persons),,2024,,,neutral (context),OECD,
PL008,Bydgoszcz,PL,context,commuting_public_transport,Commuting mode share - public transport,Mobility (context),fua,,PT_WR (% of workers),,,,,higher=better,OECD,
PL008,Bydgoszcz,PL,context,commuting_bike,Commuting mode share - bicycle,Mobility (context),fua,,PT_WR (% of workers),,,,,higher=better,OECD,
PL008,Bydgoszcz,PL,context,commuting_walk,Commuting mode share - walking,Mobility (context),fua,,PT_WR (% of workers),,,,,higher=better,OECD,
PL008,Bydgoszcz,PL,context,commuting_car,Commuting mode share - car,Mobility (context),fua,,PT_WR (% of workers),,,,,higher=worse,OECD,
PL009,Lublin,PL,indicator,pm25,Mean PM2.5 population exposure,Environment,fua,38.92649847953416,MCG_M3 (ug/m3),16.4,2025,,,higher=worse,OECD,
PL009,Lublin,PL,indicator,green_area,Green area per inhabitant (urban centre),Environment,fua,142,M2_PS (m2/person),50.32,2021,,,higher=better,OECD,
PL009,Lublin,PL,indicator,public_transport_access,Population with access to public transport (15-minute walk),Mobility,fua,62.2,PT_POP (% population),1.86,2023,,,higher=better,OECD,
PL009,Lublin,PL,indicator,employment_rate,Employment rate (15-64),Economic Opportunity,fua,70,PT_POP_SUB (% of working-age population),46.86,2024,,,higher=better,OECD,
PL009,Lublin,PL,indicator,unemployment_rate,Unemployment rate (15-64),Economic Opportunity,fua,3.3,PT_LF_SUB (% of labour force),84.91,2024,,,higher=worse,OECD,
PL009,Lublin,PL,composite,environment_score,Environment composite score,Environment,fua (composite),,score (0-100),33.36,,,,,derived (V1 approved composites),
PL009,Lublin,PL,composite,mobility_score,Mobility composite score,Mobility,fua (composite),,score (0-100),1.86,,,,,derived (V1 approved composites),
PL009,Lublin,PL,composite,economic_opportunity_score,Economic Opportunity composite score,Economic Opportunity,fua (composite),,score (0-100),65.88,,,,,derived (V1 approved composites),
PL009,Lublin,PL,context,population,Population (total),Context,fua,677413,PS (persons),,2024,,,neutral (context),OECD,
PL009,Lublin,PL,context,commuting_public_transport,Commuting mode share - public transport,Mobility (context),fua,,PT_WR (% of workers),,,,,higher=better,OECD,
PL009,Lublin,PL,context,commuting_bike,Commuting mode share - bicycle,Mobility (context),fua,,PT_WR (% of workers),,,,,higher=better,OECD,
PL009,Lublin,PL,context,commuting_walk,Commuting mode share - walking,Mobility (context),fua,,PT_WR (% of workers),,,,,higher=better,OECD,
PL009,Lublin,PL,context,commuting_car,Commuting mode share - car,Mobility (context),fua,,PT_WR (% of workers),,,,,higher=worse,OECD,
PL010,Katowice,PL,indicator,pm25,Mean PM2.5 population exposure,Environment,fua,59.19592964873134,MCG_M3 (ug/m3),2.95,2025,,,higher=worse,OECD,
PL010,Katowice,PL,indicator,green_area,Green area per inhabitant (urban centre),Environment,fua,240,M2_PS (m2/person),93.58,2021,,,higher=better,OECD,
PL010,Katowice,PL,indicator,public_transport_access,Population with access to public transport (15-minute walk),Mobility,fua,,PT_POP (% population),,,,,higher=better,OECD,
PL010,Katowice,PL,indicator,employment_rate,Employment rate (15-64),Economic Opportunity,fua,70.1,PT_POP_SUB (% of working-age population),47.79,2024,,,higher=better,OECD,
PL010,Katowice,PL,indicator,unemployment_rate,Unemployment rate (15-64),Economic Opportunity,fua,2.4,PT_LF_SUB (% of labour force),95.85,2024,,,higher=worse,OECD,
PL010,Katowice,PL,composite,environment_score,Environment composite score,Environment,fua (composite),,score (0-100),48.27,,,,,derived (V1 approved composites),
PL010,Katowice,PL,composite,mobility_score,Mobility composite score,Mobility,fua (composite),,score (0-100),,,,,,derived (V1 approved composites),
PL010,Katowice,PL,composite,economic_opportunity_score,Economic Opportunity composite score,Economic Opportunity,fua (composite),,score (0-100),71.82,,,,,derived (V1 approved composites),
PL010,Katowice,PL,context,population,Population (total),Context,fua,1266834,PS (persons),,2024,,,neutral (context),OECD,
PL010,Katowice,PL,context,commuting_public_transport,Commuting mode share - public transport,Mobility (context),fua,,PT_WR (% of workers),,,,,higher=better,OECD,
PL010,Katowice,PL,context,commuting_bike,Commuting mode share - bicycle,Mobility (context),fua,,PT_WR (% of workers),,,,,higher=better,OECD,
PL010,Katowice,PL,context,commuting_walk,Commuting mode share - walking,Mobility (context),fua,,PT_WR (% of workers),,,,,higher=better,OECD,
PL010,Katowice,PL,context,commuting_car,Commuting mode share - car,Mobility (context),fua,,PT_WR (% of workers),,,,,higher=worse,OECD,
PL011,Białystok,PL,indicator,pm25,Mean PM2.5 population exposure,Environment,fua,30.416998752291942,MCG_M3 (ug/m3),43.57,2025,,,higher=worse,OECD,
PL011,Białystok,PL,indicator,green_area,Green area per inhabitant (urban centre),Environment,fua,117,M2_PS (m2/person),33.79,2021,,,higher=better,OECD,
PL011,Białystok,PL,indicator,public_transport_access,Population with access to public transport (15-minute walk),Mobility,fua,80.8,PT_POP (% population),14.59,2023,,,higher=better,OECD,
PL011,Białystok,PL,indicator,employment_rate,Employment rate (15-64),Economic Opportunity,fua,70.5,PT_POP_SUB (% of working-age population),52.58,2024,,,higher=better,OECD,
PL011,Białystok,PL,indicator,unemployment_rate,Unemployment rate (15-64),Economic Opportunity,fua,3,PT_LF_SUB (% of labour force),88.87,2024,,,higher=worse,OECD,
PL011,Białystok,PL,composite,environment_score,Environment composite score,Environment,fua (composite),,score (0-100),38.68,,,,,derived (V1 approved composites),
PL011,Białystok,PL,composite,mobility_score,Mobility composite score,Mobility,fua (composite),,score (0-100),14.59,,,,,derived (V1 approved composites),
PL011,Białystok,PL,composite,economic_opportunity_score,Economic Opportunity composite score,Economic Opportunity,fua (composite),,score (0-100),70.72,,,,,derived (V1 approved composites),
PL011,Białystok,PL,perception_dimension,perceived_safety,Perceived safety (safe walking at night after dark),Safety,city_core,83.5,"PC (sum of response-category shares, % of respondents)",93.75,2023,,,higher=better,Eurostat,PL011C
PL011,Białystok,PL,perception_dimension,community,Trust / community (generalised trust),Community,city_core,68.0,"PC (sum of response-category shares, % of respondents)",63.75,2023,,,higher=better,Eurostat,PL011C
PL011,Białystok,PL,perception_dimension,life_satisfaction,Life satisfaction (the life you lead),Life Balance,city_core,86.1,"PC (sum of response-category shares, % of respondents)",65.62,2023,,,higher=better,Eurostat,PL011C
PL011,Białystok,PL,perception_dimension,housing_satisfaction,Housing satisfaction (easy to find good housing at a reasonable price),Housing,city_core,52.6,"PC (sum of response-category shares, % of respondents)",92.5,2023,,,higher=better,Eurostat,PL011C
PL011,Białystok,PL,context,population,Population (total),Context,fua,469829,PS (persons),,2024,,,neutral (context),OECD,
PL011,Białystok,PL,context,commuting_public_transport,Commuting mode share - public transport,Mobility (context),fua,,PT_WR (% of workers),,,,,higher=better,OECD,
PL011,Białystok,PL,context,commuting_bike,Commuting mode share - bicycle,Mobility (context),fua,,PT_WR (% of workers),,,,,higher=better,OECD,
PL011,Białystok,PL,context,commuting_walk,Commuting mode share - walking,Mobility (context),fua,,PT_WR (% of workers),,,,,higher=better,OECD,
PL011,Białystok,PL,context,commuting_car,Commuting mode share - car,Mobility (context),fua,,PT_WR (% of workers),,,,,higher=worse,OECD,
PL012,Kielce,PL,indicator,pm25,Mean PM2.5 population exposure,Environment,fua,39.824747821083115,MCG_M3 (ug/m3),15.51,2025,,,higher=worse,OECD,
PL012,Kielce,PL,indicator,green_area,Green area per inhabitant (urban centre),Environment,fua,164,M2_PS (m2/person),64.53,2021,,,higher=better,OECD,
PL012,Kielce,PL,indicator,public_transport_access,Population with access to public transport (15-minute walk),Mobility,fua,,PT_POP (% population),,,,,higher=better,OECD,
PL012,Kielce,PL,indicator,employment_rate,Employment rate (15-64),Economic Opportunity,fua,69,PT_POP_SUB (% of working-age population),39.48,2024,,,higher=better,OECD,
PL012,Kielce,PL,indicator,unemployment_rate,Unemployment rate (15-64),Economic Opportunity,fua,3.8,PT_LF_SUB (% of labour force),78.49,2024,,,higher=worse,OECD,
PL012,Kielce,PL,composite,environment_score,Environment composite score,Environment,fua (composite),,score (0-100),40.02,,,,,derived (V1 approved composites),
PL012,Kielce,PL,composite,mobility_score,Mobility composite score,Mobility,fua (composite),,score (0-100),,,,,,derived (V1 approved composites),
PL012,Kielce,PL,composite,economic_opportunity_score,Economic Opportunity composite score,Economic Opportunity,fua (composite),,score (0-100),58.98,,,,,derived (V1 approved composites),
PL012,Kielce,PL,context,population,Population (total),Context,fua,393623,PS (persons),,2024,,,neutral (context),OECD,
PL012,Kielce,PL,context,commuting_public_transport,Commuting mode share - public transport,Mobility (context),fua,,PT_WR (% of workers),,,,,higher=better,OECD,
PL012,Kielce,PL,context,commuting_bike,Commuting mode share - bicycle,Mobility (context),fua,,PT_WR (% of workers),,,,,higher=better,OECD,
PL012,Kielce,PL,context,commuting_walk,Commuting mode share - walking,Mobility (context),fua,,PT_WR (% of workers),,,,,higher=better,OECD,
PL012,Kielce,PL,context,commuting_car,Commuting mode share - car,Mobility (context),fua,,PT_WR (% of workers),,,,,higher=worse,OECD,
PL013,Toruń,PL,indicator,pm25,Mean PM2.5 population exposure,Environment,fua,40.94004318926351,MCG_M3 (ug/m3),14.48,2025,,,higher=worse,OECD,
PL013,Toruń,PL,indicator,green_area,Green area per inhabitant (urban centre),Environment,fua,173,M2_PS (m2/person),69.26,2021,,,higher=better,OECD,
PL013,Toruń,PL,indicator,public_transport_access,Population with access to public transport (15-minute walk),Mobility,fua,,PT_POP (% population),,,,,higher=better,OECD,
PL013,Toruń,PL,indicator,employment_rate,Employment rate (15-64),Economic Opportunity,fua,71.2,PT_POP_SUB (% of working-age population),58.12,2024,,,higher=better,OECD,
PL013,Toruń,PL,indicator,unemployment_rate,Unemployment rate (15-64),Economic Opportunity,fua,4.2,PT_LF_SUB (% of labour force),73.58,2024,,,higher=worse,OECD,
PL013,Toruń,PL,composite,environment_score,Environment composite score,Environment,fua (composite),,score (0-100),41.87,,,,,derived (V1 approved composites),
PL013,Toruń,PL,composite,mobility_score,Mobility composite score,Mobility,fua (composite),,score (0-100),,,,,,derived (V1 approved composites),
PL013,Toruń,PL,composite,economic_opportunity_score,Economic Opportunity composite score,Economic Opportunity,fua (composite),,score (0-100),65.85,,,,,derived (V1 approved composites),
PL013,Toruń,PL,context,population,Population (total),Context,fua,323575,PS (persons),,2024,,,neutral (context),OECD,
PL013,Toruń,PL,context,commuting_public_transport,Commuting mode share - public transport,Mobility (context),fua,,PT_WR (% of workers),,,,,higher=better,OECD,
PL013,Toruń,PL,context,commuting_bike,Commuting mode share - bicycle,Mobility (context),fua,,PT_WR (% of workers),,,,,higher=better,OECD,
PL013,Toruń,PL,context,commuting_walk,Commuting mode share - walking,Mobility (context),fua,,PT_WR (% of workers),,,,,higher=better,OECD,
PL013,Toruń,PL,context,commuting_car,Commuting mode share - car,Mobility (context),fua,,PT_WR (% of workers),,,,,higher=worse,OECD,
PL014,Olsztyn,PL,indicator,pm25,Mean PM2.5 population exposure,Environment,fua,33.66519264428622,MCG_M3 (ug/m3),30.87,2025,,,higher=worse,OECD,
PL014,Olsztyn,PL,indicator,green_area,Green area per inhabitant (urban centre),Environment,fua,137,M2_PS (m2/person),46.39,2021,,,higher=better,OECD,
PL014,Olsztyn,PL,indicator,public_transport_access,Population with access to public transport (15-minute walk),Mobility,fua,77.7,PT_POP (% population),10.61,2023,,,higher=better,OECD,
PL014,Olsztyn,PL,indicator,employment_rate,Employment rate (15-64),Economic Opportunity,fua,67.7,PT_POP_SUB (% of working-age population),32.47,2024,,,higher=better,OECD,
PL014,Olsztyn,PL,indicator,unemployment_rate,Unemployment rate (15-64),Economic Opportunity,fua,3.9,PT_LF_SUB (% of labour force),77.55,2024,,,higher=worse,OECD,
PL014,Olsztyn,PL,composite,environment_score,Environment composite score,Environment,fua (composite),,score (0-100),38.63,,,,,derived (V1 approved composites),
PL014,Olsztyn,PL,composite,mobility_score,Mobility composite score,Mobility,fua (composite),,score (0-100),10.61,,,,,derived (V1 approved composites),
PL014,Olsztyn,PL,composite,economic_opportunity_score,Economic Opportunity composite score,Economic Opportunity,fua (composite),,score (0-100),55.01,,,,,derived (V1 approved composites),
PL014,Olsztyn,PL,context,population,Population (total),Context,fua,268565,PS (persons),,2024,,,neutral (context),OECD,
PL014,Olsztyn,PL,context,commuting_public_transport,Commuting mode share - public transport,Mobility (context),fua,,PT_WR (% of workers),,,,,higher=better,OECD,
PL014,Olsztyn,PL,context,commuting_bike,Commuting mode share - bicycle,Mobility (context),fua,,PT_WR (% of workers),,,,,higher=better,OECD,
PL014,Olsztyn,PL,context,commuting_walk,Commuting mode share - walking,Mobility (context),fua,,PT_WR (% of workers),,,,,higher=better,OECD,
PL014,Olsztyn,PL,context,commuting_car,Commuting mode share - car,Mobility (context),fua,,PT_WR (% of workers),,,,,higher=worse,OECD,
PL015,Rzeszów,PL,indicator,pm25,Mean PM2.5 population exposure,Environment,fua,35.53696798425156,MCG_M3 (ug/m3),25.26,2025,,,higher=worse,OECD,
PL015,Rzeszów,PL,indicator,green_area,Green area per inhabitant (urban centre),Environment,fua,129,M2_PS (m2/person),42.13,2021,,,higher=better,OECD,
PL015,Rzeszów,PL,indicator,public_transport_access,Population with access to public transport (15-minute walk),Mobility,fua,48,PT_POP (% population),0.53,2023,,,higher=better,OECD,
PL015,Rzeszów,PL,indicator,employment_rate,Employment rate (15-64),Economic Opportunity,fua,65.1,PT_POP_SUB (% of working-age population),23.99,2024,,,higher=better,OECD,
PL015,Rzeszów,PL,indicator,unemployment_rate,Unemployment rate (15-64),Economic Opportunity,fua,3.7,PT_LF_SUB (% of labour force),79.25,2024,,,higher=worse,OECD,
PL015,Rzeszów,PL,composite,environment_score,Environment composite score,Environment,fua (composite),,score (0-100),33.7,,,,,derived (V1 approved composites),
PL015,Rzeszów,PL,composite,mobility_score,Mobility composite score,Mobility,fua (composite),,score (0-100),0.53,,,,,derived (V1 approved composites),
PL015,Rzeszów,PL,composite,economic_opportunity_score,Economic Opportunity composite score,Economic Opportunity,fua (composite),,score (0-100),51.62,,,,,derived (V1 approved composites),
PL015,Rzeszów,PL,context,population,Population (total),Context,fua,483729,PS (persons),,2024,,,neutral (context),OECD,
PL015,Rzeszów,PL,context,commuting_public_transport,Commuting mode share - public transport,Mobility (context),fua,,PT_WR (% of workers),,,,,higher=better,OECD,
PL015,Rzeszów,PL,context,commuting_bike,Commuting mode share - bicycle,Mobility (context),fua,,PT_WR (% of workers),,,,,higher=better,OECD,
PL015,Rzeszów,PL,context,commuting_walk,Commuting mode share - walking,Mobility (context),fua,,PT_WR (% of workers),,,,,higher=better,OECD,
PL015,Rzeszów,PL,context,commuting_car,Commuting mode share - car,Mobility (context),fua,,PT_WR (% of workers),,,,,higher=worse,OECD,
PL020,Nowy Sącz,PL,indicator,pm25,Mean PM2.5 population exposure,Environment,fua,41.66685327255582,MCG_M3 (ug/m3),13.44,2025,,,higher=worse,OECD,
PL020,Nowy Sącz,PL,indicator,green_area,Green area per inhabitant (urban centre),Environment,fua,186,M2_PS (m2/person),74.96,2021,,,higher=better,OECD,
PL020,Nowy Sącz,PL,indicator,public_transport_access,Population with access to public transport (15-minute walk),Mobility,fua,,PT_POP (% population),,,,,higher=better,OECD,
PL020,Nowy Sącz,PL,indicator,employment_rate,Employment rate (15-64),Economic Opportunity,fua,70.2,PT_POP_SUB (% of working-age population),49.45,2024,,,higher=better,OECD,
PL020,Nowy Sącz,PL,indicator,unemployment_rate,Unemployment rate (15-64),Economic Opportunity,fua,2.6,PT_LF_SUB (% of labour force),94.15,2024,,,higher=worse,OECD,
PL020,Nowy Sącz,PL,composite,environment_score,Environment composite score,Environment,fua (composite),,score (0-100),44.2,,,,,derived (V1 approved composites),
PL020,Nowy Sącz,PL,composite,mobility_score,Mobility composite score,Mobility,fua (composite),,score (0-100),,,,,,derived (V1 approved composites),
PL020,Nowy Sącz,PL,composite,economic_opportunity_score,Economic Opportunity composite score,Economic Opportunity,fua (composite),,score (0-100),71.8,,,,,derived (V1 approved composites),
PL020,Nowy Sącz,PL,context,population,Population (total),Context,fua,262233,PS (persons),,2024,,,neutral (context),OECD,
PL020,Nowy Sącz,PL,context,commuting_public_transport,Commuting mode share - public transport,Mobility (context),fua,,PT_WR (% of workers),,,,,higher=better,OECD,
PL020,Nowy Sącz,PL,context,commuting_bike,Commuting mode share - bicycle,Mobility (context),fua,,PT_WR (% of workers),,,,,higher=better,OECD,
PL020,Nowy Sącz,PL,context,commuting_walk,Commuting mode share - walking,Mobility (context),fua,,PT_WR (% of workers),,,,,higher=better,OECD,
PL020,Nowy Sącz,PL,context,commuting_car,Commuting mode share - car,Mobility (context),fua,,PT_WR (% of workers),,,,,higher=worse,OECD,
PL024,Częstochowa,PL,indicator,pm25,Mean PM2.5 population exposure,Environment,fua,49.53135625803601,MCG_M3 (ug/m3),7.24,2025,,,higher=worse,OECD,
PL024,Częstochowa,PL,indicator,green_area,Green area per inhabitant (urban centre),Environment,fua,237,M2_PS (m2/person),92.78,2021,,,higher=better,OECD,
PL024,Częstochowa,PL,indicator,public_transport_access,Population with access to public transport (15-minute walk),Mobility,fua,,PT_POP (% population),,,,,higher=better,OECD,
PL024,Częstochowa,PL,indicator,employment_rate,Employment rate (15-64),Economic Opportunity,fua,70.1,PT_POP_SUB (% of working-age population),47.79,2024,,,higher=better,OECD,
PL024,Częstochowa,PL,indicator,unemployment_rate,Unemployment rate (15-64),Economic Opportunity,fua,2.4,PT_LF_SUB (% of labour force),95.85,2024,,,higher=worse,OECD,
PL024,Częstochowa,PL,composite,environment_score,Environment composite score,Environment,fua (composite),,score (0-100),50.01,,,,,derived (V1 approved composites),
PL024,Częstochowa,PL,composite,mobility_score,Mobility composite score,Mobility,fua (composite),,score (0-100),,,,,,derived (V1 approved composites),
PL024,Częstochowa,PL,composite,economic_opportunity_score,Economic Opportunity composite score,Economic Opportunity,fua (composite),,score (0-100),71.82,,,,,derived (V1 approved composites),
PL024,Częstochowa,PL,context,population,Population (total),Context,fua,380900,PS (persons),,2024,,,neutral (context),OECD,
PL024,Częstochowa,PL,context,commuting_public_transport,Commuting mode share - public transport,Mobility (context),fua,,PT_WR (% of workers),,,,,higher=better,OECD,
PL024,Częstochowa,PL,context,commuting_bike,Commuting mode share - bicycle,Mobility (context),fua,,PT_WR (% of workers),,,,,higher=better,OECD,
PL024,Częstochowa,PL,context,commuting_walk,Commuting mode share - walking,Mobility (context),fua,,PT_WR (% of workers),,,,,higher=better,OECD,
PL024,Częstochowa,PL,context,commuting_car,Commuting mode share - car,Mobility (context),fua,,PT_WR (% of workers),,,,,higher=worse,OECD,
PL025,Radom,PL,indicator,pm25,Mean PM2.5 population exposure,Environment,fua,40.4552656511277,MCG_M3 (ug/m3),14.92,2025,,,higher=worse,OECD,
PL025,Radom,PL,indicator,green_area,Green area per inhabitant (urban centre),Environment,fua,159,M2_PS (m2/person),62.12,2021,,,higher=better,OECD,
PL025,Radom,PL,indicator,public_transport_access,Population with access to public transport (15-minute walk),Mobility,fua,83.7,PT_POP (% population),17.24,2023,,,higher=better,OECD,
PL025,Radom,PL,indicator,employment_rate,Employment rate (15-64),Economic Opportunity,fua,70.3,PT_POP_SUB (% of working-age population),50.92,2024,,,higher=better,OECD,
PL025,Radom,PL,indicator,unemployment_rate,Unemployment rate (15-64),Economic Opportunity,fua,3.5,PT_LF_SUB (% of labour force),82.26,2024,,,higher=worse,OECD,
PL025,Radom,PL,composite,environment_score,Environment composite score,Environment,fua (composite),,score (0-100),38.52,,,,,derived (V1 approved composites),
PL025,Radom,PL,composite,mobility_score,Mobility composite score,Mobility,fua (composite),,score (0-100),17.24,,,,,derived (V1 approved composites),
PL025,Radom,PL,composite,economic_opportunity_score,Economic Opportunity composite score,Economic Opportunity,fua (composite),,score (0-100),66.59,,,,,derived (V1 approved composites),
PL025,Radom,PL,context,population,Population (total),Context,fua,321439,PS (persons),,2024,,,neutral (context),OECD,
PL025,Radom,PL,context,commuting_public_transport,Commuting mode share - public transport,Mobility (context),fua,,PT_WR (% of workers),,,,,higher=better,OECD,
PL025,Radom,PL,context,commuting_bike,Commuting mode share - bicycle,Mobility (context),fua,,PT_WR (% of workers),,,,,higher=better,OECD,
PL025,Radom,PL,context,commuting_walk,Commuting mode share - walking,Mobility (context),fua,,PT_WR (% of workers),,,,,higher=better,OECD,
PL025,Radom,PL,context,commuting_car,Commuting mode share - car,Mobility (context),fua,,PT_WR (% of workers),,,,,higher=worse,OECD,
PL058,Bielsko-Biała,PL,indicator,pm25,Mean PM2.5 population exposure,Environment,fua,49.126806825139724,MCG_M3 (ug/m3),7.39,2025,,,higher=worse,OECD,
PL058,Bielsko-Biała,PL,indicator,green_area,Green area per inhabitant (urban centre),Environment,fua,238,M2_PS (m2/person),92.94,2021,,,higher=better,OECD,
PL058,Bielsko-Biała,PL,indicator,public_transport_access,Population with access to public transport (15-minute walk),Mobility,fua,,PT_POP (% population),,,,,higher=better,OECD,
PL058,Bielsko-Biała,PL,indicator,employment_rate,Employment rate (15-64),Economic Opportunity,fua,70.1,PT_POP_SUB (% of working-age population),47.79,2024,,,higher=better,OECD,
PL058,Bielsko-Biała,PL,indicator,unemployment_rate,Unemployment rate (15-64),Economic Opportunity,fua,2.4,PT_LF_SUB (% of labour force),95.85,2024,,,higher=worse,OECD,
PL058,Bielsko-Biała,PL,composite,environment_score,Environment composite score,Environment,fua (composite),,score (0-100),50.16,,,,,derived (V1 approved composites),
PL058,Bielsko-Biała,PL,composite,mobility_score,Mobility composite score,Mobility,fua (composite),,score (0-100),,,,,,derived (V1 approved composites),
PL058,Bielsko-Biała,PL,composite,economic_opportunity_score,Economic Opportunity composite score,Economic Opportunity,fua (composite),,score (0-100),71.82,,,,,derived (V1 approved composites),
PL058,Bielsko-Biała,PL,context,population,Population (total),Context,fua,362688,PS (persons),,2024,,,neutral (context),OECD,
PL058,Bielsko-Biała,PL,context,commuting_public_transport,Commuting mode share - public transport,Mobility (context),fua,,PT_WR (% of workers),,,,,higher=better,OECD,
PL058,Bielsko-Biała,PL,context,commuting_bike,Commuting mode share - bicycle,Mobility (context),fua,,PT_WR (% of workers),,,,,higher=better,OECD,
PL058,Bielsko-Biała,PL,context,commuting_walk,Commuting mode share - walking,Mobility (context),fua,,PT_WR (% of workers),,,,,higher=better,OECD,
PL058,Bielsko-Biała,PL,context,commuting_car,Commuting mode share - car,Mobility (context),fua,,PT_WR (% of workers),,,,,higher=worse,OECD,
PT001,Lisboa,PT,indicator,pm25,Mean PM2.5 population exposure,Environment,fua,28.26899390000819,MCG_M3 (ug/m3),53.77,2025,,,higher=worse,OECD,
PT001,Lisboa,PT,indicator,green_area,Green area per inhabitant (urban centre),Environment,fua,89,M2_PS (m2/person),18.54,2021,,,higher=better,OECD,
PT001,Lisboa,PT,indicator,public_transport_access,Population with access to public transport (15-minute walk),Mobility,fua,,PT_POP (% population),,,,,higher=better,OECD,
PT001,Lisboa,PT,indicator,employment_rate,Employment rate (15-64),Economic Opportunity,fua,73.2,PT_POP_SUB (% of working-age population),66.05,2023,,,higher=better,OECD,
PT001,Lisboa,PT,indicator,unemployment_rate,Unemployment rate (15-64),Economic Opportunity,fua,7.4,PT_LF_SUB (% of labour force),35.47,2023,,,higher=worse,OECD,
PT001,Lisboa,PT,composite,environment_score,Environment composite score,Environment,fua (composite),,score (0-100),36.16,,,,,derived (V1 approved composites),
PT001,Lisboa,PT,composite,mobility_score,Mobility composite score,Mobility,fua (composite),,score (0-100),,,,,,derived (V1 approved composites),
PT001,Lisboa,PT,composite,economic_opportunity_score,Economic Opportunity composite score,Economic Opportunity,fua (composite),,score (0-100),50.76,,,,,derived (V1 approved composites),
PT001,Lisboa,PT,perception_dimension,perceived_safety,Perceived safety (safe walking at night after dark),Safety,city_core,67.5,"PC (sum of response-category shares, % of respondents)",41.25,2023,,,higher=better,Eurostat,PT001C
PT001,Lisboa,PT,perception_dimension,community,Trust / community (generalised trust),Community,city_core,60.2,"PC (sum of response-category shares, % of respondents)",37.5,2023,,,higher=better,Eurostat,PT001C
PT001,Lisboa,PT,perception_dimension,life_satisfaction,Life satisfaction (the life you lead),Life Balance,city_core,76.9,"PC (sum of response-category shares, % of respondents)",18.75,2023,,,higher=better,Eurostat,PT001C
PT001,Lisboa,PT,perception_dimension,housing_satisfaction,Housing satisfaction (easy to find good housing at a reasonable price),Housing,city_core,15.0,"PC (sum of response-category shares, % of respondents)",13.75,2023,,,higher=better,Eurostat,PT001C
PT001,Lisboa,PT,context,population,Population (total),Context,fua,3163849,PS (persons),,2024,,,neutral (context),OECD,
PT001,Lisboa,PT,context,commuting_public_transport,Commuting mode share - public transport,Mobility (context),fua,24.9,PT_WR (% of workers),,2021,,current,higher=better,OECD,
PT001,Lisboa,PT,context,commuting_bike,Commuting mode share - bicycle,Mobility (context),fua,0.5,PT_WR (% of workers),,2021,,current,higher=better,OECD,
PT001,Lisboa,PT,context,commuting_walk,Commuting mode share - walking,Mobility (context),fua,16.4,PT_WR (% of workers),,2021,,current,higher=better,OECD,
PT001,Lisboa,PT,context,commuting_car,Commuting mode share - car,Mobility (context),fua,56.4,PT_WR (% of workers),,2021,,current,higher=worse,OECD,
PT002,Porto,PT,indicator,pm25,Mean PM2.5 population exposure,Environment,fua,32.47426117330833,MCG_M3 (ug/m3),35.6,2025,,,higher=worse,OECD,
PT002,Porto,PT,indicator,green_area,Green area per inhabitant (urban centre),Environment,fua,138,M2_PS (m2/person),47.35,2021,,,higher=better,OECD,
PT002,Porto,PT,indicator,public_transport_access,Population with access to public transport (15-minute walk),Mobility,fua,,PT_POP (% population),,,,,higher=better,OECD,
PT002,Porto,PT,indicator,employment_rate,Employment rate (15-64),Economic Opportunity,fua,71.8,PT_POP_SUB (% of working-age population),59.78,2024,,,higher=better,OECD,
PT002,Porto,PT,indicator,unemployment_rate,Unemployment rate (15-64),Economic Opportunity,fua,6.7,PT_LF_SUB (% of labour force),45.09,2024,,,higher=worse,OECD,
PT002,Porto,PT,composite,environment_score,Environment composite score,Environment,fua (composite),,score (0-100),41.48,,,,,derived (V1 approved composites),
PT002,Porto,PT,composite,mobility_score,Mobility composite score,Mobility,fua (composite),,score (0-100),,,,,,derived (V1 approved composites),
PT002,Porto,PT,composite,economic_opportunity_score,Economic Opportunity composite score,Economic Opportunity,fua (composite),,score (0-100),52.44,,,,,derived (V1 approved composites),
PT002,Porto,PT,context,population,Population (total),Context,fua,1578389,PS (persons),,2024,,,neutral (context),OECD,
PT002,Porto,PT,context,commuting_public_transport,Commuting mode share - public transport,Mobility (context),fua,17.7,PT_WR (% of workers),,2021,,current,higher=better,OECD,
PT002,Porto,PT,context,commuting_bike,Commuting mode share - bicycle,Mobility (context),fua,0.4,PT_WR (% of workers),,2021,,current,higher=better,OECD,
PT002,Porto,PT,context,commuting_walk,Commuting mode share - walking,Mobility (context),fua,13.8,PT_WR (% of workers),,2021,,current,higher=better,OECD,
PT002,Porto,PT,context,commuting_car,Commuting mode share - car,Mobility (context),fua,66.7,PT_WR (% of workers),,2021,,current,higher=worse,OECD,
PT004,Funchal,PT,indicator,pm25,Mean PM2.5 population exposure,Environment,fua,18.215471881273523,MCG_M3 (ug/m3),95.42,2025,,,higher=worse,OECD,
PT004,Funchal,PT,indicator,green_area,Green area per inhabitant (urban centre),Environment,fua,125,M2_PS (m2/person),39.17,2021,,,higher=better,OECD,
PT004,Funchal,PT,indicator,public_transport_access,Population with access to public transport (15-minute walk),Mobility,fua,71.4,PT_POP (% population),6.63,2023,,,higher=better,OECD,
PT004,Funchal,PT,indicator,employment_rate,Employment rate (15-64),Economic Opportunity,fua,,PT_POP_SUB (% of working-age population),,,,,higher=better,OECD,
PT004,Funchal,PT,indicator,unemployment_rate,Unemployment rate (15-64),Economic Opportunity,fua,,PT_LF_SUB (% of labour force),,,,,higher=worse,OECD,
PT004,Funchal,PT,composite,environment_score,Environment composite score,Environment,fua (composite),,score (0-100),67.3,,,,,derived (V1 approved composites),
PT004,Funchal,PT,composite,mobility_score,Mobility composite score,Mobility,fua (composite),,score (0-100),6.63,,,,,derived (V1 approved composites),
PT004,Funchal,PT,composite,economic_opportunity_score,Economic Opportunity composite score,Economic Opportunity,fua (composite),,score (0-100),,,,,,derived (V1 approved composites),
PT004,Funchal,PT,context,population,Population (total),Context,fua,234625,PS (persons),,2024,,,neutral (context),OECD,
PT004,Funchal,PT,context,commuting_public_transport,Commuting mode share - public transport,Mobility (context),fua,19.2,PT_WR (% of workers),,2021,,current,higher=better,OECD,
PT004,Funchal,PT,context,commuting_bike,Commuting mode share - bicycle,Mobility (context),fua,0,PT_WR (% of workers),,2021,,current,higher=better,OECD,
PT004,Funchal,PT,context,commuting_walk,Commuting mode share - walking,Mobility (context),fua,13.1,PT_WR (% of workers),,2021,,current,higher=better,OECD,
PT004,Funchal,PT,context,commuting_car,Commuting mode share - car,Mobility (context),fua,65.1,PT_WR (% of workers),,2021,,current,higher=worse,OECD,
PT005,Coimbra,PT,indicator,pm25,Mean PM2.5 population exposure,Environment,fua,30.643523682468278,MCG_M3 (ug/m3),42.25,2025,,,higher=worse,OECD,
PT005,Coimbra,PT,indicator,green_area,Green area per inhabitant (urban centre),Environment,fua,158,M2_PS (m2/person),61.24,2021,,,higher=better,OECD,
PT005,Coimbra,PT,indicator,public_transport_access,Population with access to public transport (15-minute walk),Mobility,fua,,PT_POP (% population),,,,,higher=better,OECD,
PT005,Coimbra,PT,indicator,employment_rate,Employment rate (15-64),Economic Opportunity,fua,73.8,PT_POP_SUB (% of working-age population),69.37,2023,,,higher=better,OECD,
PT005,Coimbra,PT,indicator,unemployment_rate,Unemployment rate (15-64),Economic Opportunity,fua,5.5,PT_LF_SUB (% of labour force),62.08,2023,,,higher=worse,OECD,
PT005,Coimbra,PT,composite,environment_score,Environment composite score,Environment,fua (composite),,score (0-100),51.75,,,,,derived (V1 approved composites),
PT005,Coimbra,PT,composite,mobility_score,Mobility composite score,Mobility,fua (composite),,score (0-100),,,,,,derived (V1 approved composites),
PT005,Coimbra,PT,composite,economic_opportunity_score,Economic Opportunity composite score,Economic Opportunity,fua (composite),,score (0-100),65.72,,,,,derived (V1 approved composites),
PT005,Coimbra,PT,context,population,Population (total),Context,fua,277380,PS (persons),,2024,,,neutral (context),OECD,
PT005,Coimbra,PT,context,commuting_public_transport,Commuting mode share - public transport,Mobility (context),fua,12.7,PT_WR (% of workers),,2021,,current,higher=better,OECD,
PT005,Coimbra,PT,context,commuting_bike,Commuting mode share - bicycle,Mobility (context),fua,0.4,PT_WR (% of workers),,2021,,current,higher=better,OECD,
PT005,Coimbra,PT,context,commuting_walk,Commuting mode share - walking,Mobility (context),fua,10.6,PT_WR (% of workers),,2021,,current,higher=better,OECD,
PT005,Coimbra,PT,context,commuting_car,Commuting mode share - car,Mobility (context),fua,74.9,PT_WR (% of workers),,2021,,current,higher=worse,OECD,
RO001,Bucureşti,RO,indicator,pm25,Mean PM2.5 population exposure,Environment,fua,35.69902322911043,MCG_M3 (ug/m3),25.11,2025,,,higher=worse,OECD,
RO001,Bucureşti,RO,indicator,green_area,Green area per inhabitant (urban centre),Environment,fua,47,M2_PS (m2/person),3.77,2021,,,higher=better,OECD,
RO001,Bucureşti,RO,indicator,public_transport_access,Population with access to public transport (15-minute walk),Mobility,fua,,PT_POP (% population),,,,,higher=better,OECD,
RO001,Bucureşti,RO,indicator,employment_rate,Employment rate (15-64),Economic Opportunity,fua,77.1,PT_POP_SUB (% of working-age population),84.32,2024,,,higher=better,OECD,
RO001,Bucureşti,RO,indicator,unemployment_rate,Unemployment rate (15-64),Economic Opportunity,fua,2.2,PT_LF_SUB (% of labour force),97.74,2024,,,higher=worse,OECD,
RO001,Bucureşti,RO,composite,environment_score,Environment composite score,Environment,fua (composite),,score (0-100),14.44,,,,,derived (V1 approved composites),
RO001,Bucureşti,RO,composite,mobility_score,Mobility composite score,Mobility,fua (composite),,score (0-100),,,,,,derived (V1 approved composites),
RO001,Bucureşti,RO,composite,economic_opportunity_score,Economic Opportunity composite score,Economic Opportunity,fua (composite),,score (0-100),91.03,,,,,derived (V1 approved composites),
RO001,Bucureşti,RO,perception_dimension,perceived_safety,Perceived safety (safe walking at night after dark),Safety,city_core,56.6,"PC (sum of response-category shares, % of respondents)",17.5,2023,,,higher=better,Eurostat,RO001C
RO001,Bucureşti,RO,perception_dimension,community,Trust / community (generalised trust),Community,city_core,46.1,"PC (sum of response-category shares, % of respondents)",13.75,2023,,,higher=better,Eurostat,RO001C
RO001,Bucureşti,RO,perception_dimension,life_satisfaction,Life satisfaction (the life you lead),Life Balance,city_core,74.4,"PC (sum of response-category shares, % of respondents)",14.37,2023,,,higher=better,Eurostat,RO001C
RO001,Bucureşti,RO,perception_dimension,housing_satisfaction,Housing satisfaction (easy to find good housing at a reasonable price),Housing,city_core,38.2,"PC (sum of response-category shares, % of respondents)",71.25,2023,,,higher=better,Eurostat,RO001C
RO001,Bucureşti,RO,context,population,Population (total),Context,fua,3051258,PS (persons),,2021,,,neutral (context),OECD,
RO001,Bucureşti,RO,context,commuting_public_transport,Commuting mode share - public transport,Mobility (context),fua,,PT_WR (% of workers),,,,,higher=better,OECD,
RO001,Bucureşti,RO,context,commuting_bike,Commuting mode share - bicycle,Mobility (context),fua,,PT_WR (% of workers),,,,,higher=better,OECD,
RO001,Bucureşti,RO,context,commuting_walk,Commuting mode share - walking,Mobility (context),fua,,PT_WR (% of workers),,,,,higher=better,OECD,
RO001,Bucureşti,RO,context,commuting_car,Commuting mode share - car,Mobility (context),fua,,PT_WR (% of workers),,,,,higher=worse,OECD,
RO002,Cluj-Napoca,RO,indicator,pm25,Mean PM2.5 population exposure,Environment,fua,34.97779730090705,MCG_M3 (ug/m3),27.62,2025,,,higher=worse,OECD,
RO002,Cluj-Napoca,RO,indicator,green_area,Green area per inhabitant (urban centre),Environment,fua,90,M2_PS (m2/person),19.5,2021,,,higher=better,OECD,
RO002,Cluj-Napoca,RO,indicator,public_transport_access,Population with access to public transport (15-minute walk),Mobility,fua,,PT_POP (% population),,,,,higher=better,OECD,
RO002,Cluj-Napoca,RO,indicator,employment_rate,Employment rate (15-64),Economic Opportunity,fua,65.8,PT_POP_SUB (% of working-age population),24.72,2024,,,higher=better,OECD,
RO002,Cluj-Napoca,RO,indicator,unemployment_rate,Unemployment rate (15-64),Economic Opportunity,fua,4.6,PT_LF_SUB (% of labour force),68.87,2024,,,higher=worse,OECD,
RO002,Cluj-Napoca,RO,composite,environment_score,Environment composite score,Environment,fua (composite),,score (0-100),23.56,,,,,derived (V1 approved composites),
RO002,Cluj-Napoca,RO,composite,mobility_score,Mobility composite score,Mobility,fua (composite),,score (0-100),,,,,,derived (V1 approved composites),
RO002,Cluj-Napoca,RO,composite,economic_opportunity_score,Economic Opportunity composite score,Economic Opportunity,fua (composite),,score (0-100),46.8,,,,,derived (V1 approved composites),
RO002,Cluj-Napoca,RO,perception_dimension,perceived_safety,Perceived safety (safe walking at night after dark),Safety,city_core,77.9,"PC (sum of response-category shares, % of respondents)",77.5,2023,,,higher=better,Eurostat,RO002C
RO002,Cluj-Napoca,RO,perception_dimension,community,Trust / community (generalised trust),Community,city_core,71.6,"PC (sum of response-category shares, % of respondents)",72.5,2023,,,higher=better,Eurostat,RO002C
RO002,Cluj-Napoca,RO,perception_dimension,life_satisfaction,Life satisfaction (the life you lead),Life Balance,city_core,84.8,"PC (sum of response-category shares, % of respondents)",52.5,2023,,,higher=better,Eurostat,RO002C
RO002,Cluj-Napoca,RO,perception_dimension,housing_satisfaction,Housing satisfaction (easy to find good housing at a reasonable price),Housing,city_core,30.4,"PC (sum of response-category shares, % of respondents)",53.75,2023,,,higher=better,Eurostat,RO002C
RO002,Cluj-Napoca,RO,context,population,Population (total),Context,fua,486022,PS (persons),,2021,,,neutral (context),OECD,
RO002,Cluj-Napoca,RO,context,commuting_public_transport,Commuting mode share - public transport,Mobility (context),fua,,PT_WR (% of workers),,,,,higher=better,OECD,
RO002,Cluj-Napoca,RO,context,commuting_bike,Commuting mode share - bicycle,Mobility (context),fua,,PT_WR (% of workers),,,,,higher=better,OECD,
RO002,Cluj-Napoca,RO,context,commuting_walk,Commuting mode share - walking,Mobility (context),fua,,PT_WR (% of workers),,,,,higher=better,OECD,
RO002,Cluj-Napoca,RO,context,commuting_car,Commuting mode share - car,Mobility (context),fua,,PT_WR (% of workers),,,,,higher=worse,OECD,
RO003,Timişoara,RO,indicator,pm25,Mean PM2.5 population exposure,Environment,fua,43.75512179675301,MCG_M3 (ug/m3),11.23,2025,,,higher=worse,OECD,
RO003,Timişoara,RO,indicator,green_area,Green area per inhabitant (urban centre),Environment,fua,85,M2_PS (m2/person),16.53,2021,,,higher=better,OECD,
RO003,Timişoara,RO,indicator,public_transport_access,Population with access to public transport (15-minute walk),Mobility,fua,,PT_POP (% population),,,,,higher=better,OECD,
RO003,Timişoara,RO,indicator,employment_rate,Employment rate (15-64),Economic Opportunity,fua,64.2,PT_POP_SUB (% of working-age population),20.48,2024,,,higher=better,OECD,
RO003,Timişoara,RO,indicator,unemployment_rate,Unemployment rate (15-64),Economic Opportunity,fua,3.3,PT_LF_SUB (% of labour force),84.91,2024,,,higher=worse,OECD,
RO003,Timişoara,RO,composite,environment_score,Environment composite score,Environment,fua (composite),,score (0-100),13.88,,,,,derived (V1 approved composites),
RO003,Timişoara,RO,composite,mobility_score,Mobility composite score,Mobility,fua (composite),,score (0-100),,,,,,derived (V1 approved composites),
RO003,Timişoara,RO,composite,economic_opportunity_score,Economic Opportunity composite score,Economic Opportunity,fua (composite),,score (0-100),52.7,,,,,derived (V1 approved composites),
RO003,Timişoara,RO,context,population,Population (total),Context,fua,516162,PS (persons),,2021,,,neutral (context),OECD,
RO003,Timişoara,RO,context,commuting_public_transport,Commuting mode share - public transport,Mobility (context),fua,,PT_WR (% of workers),,,,,higher=better,OECD,
RO003,Timişoara,RO,context,commuting_bike,Commuting mode share - bicycle,Mobility (context),fua,,PT_WR (% of workers),,,,,higher=better,OECD,
RO003,Timişoara,RO,context,commuting_walk,Commuting mode share - walking,Mobility (context),fua,,PT_WR (% of workers),,,,,higher=better,OECD,
RO003,Timişoara,RO,context,commuting_car,Commuting mode share - car,Mobility (context),fua,,PT_WR (% of workers),,,,,higher=worse,OECD,
RO004,Craiova,RO,indicator,pm25,Mean PM2.5 population exposure,Environment,fua,38.898972429318945,MCG_M3 (ug/m3),16.54,2025,,,higher=worse,OECD,
RO004,Craiova,RO,indicator,green_area,Green area per inhabitant (urban centre),Environment,fua,73,M2_PS (m2/person),12.76,2021,,,higher=better,OECD,
RO004,Craiova,RO,indicator,public_transport_access,Population with access to public transport (15-minute walk),Mobility,fua,,PT_POP (% population),,,,,higher=better,OECD,
RO004,Craiova,RO,indicator,employment_rate,Employment rate (15-64),Economic Opportunity,fua,58.6,PT_POP_SUB (% of working-age population),11.62,2024,,,higher=better,OECD,
RO004,Craiova,RO,indicator,unemployment_rate,Unemployment rate (15-64),Economic Opportunity,fua,7.8,PT_LF_SUB (% of labour force),29.62,2024,,,higher=worse,OECD,
RO004,Craiova,RO,composite,environment_score,Environment composite score,Environment,fua (composite),,score (0-100),14.65,,,,,derived (V1 approved composites),
RO004,Craiova,RO,composite,mobility_score,Mobility composite score,Mobility,fua (composite),,score (0-100),,,,,,derived (V1 approved composites),
RO004,Craiova,RO,composite,economic_opportunity_score,Economic Opportunity composite score,Economic Opportunity,fua (composite),,score (0-100),20.62,,,,,derived (V1 approved composites),
RO004,Craiova,RO,context,population,Population (total),Context,fua,472885,PS (persons),,2021,,,neutral (context),OECD,
RO004,Craiova,RO,context,commuting_public_transport,Commuting mode share - public transport,Mobility (context),fua,,PT_WR (% of workers),,,,,higher=better,OECD,
RO004,Craiova,RO,context,commuting_bike,Commuting mode share - bicycle,Mobility (context),fua,,PT_WR (% of workers),,,,,higher=better,OECD,
RO004,Craiova,RO,context,commuting_walk,Commuting mode share - walking,Mobility (context),fua,,PT_WR (% of workers),,,,,higher=better,OECD,
RO004,Craiova,RO,context,commuting_car,Commuting mode share - car,Mobility (context),fua,,PT_WR (% of workers),,,,,higher=worse,OECD,
RO023,Constanţa,RO,indicator,pm25,Mean PM2.5 population exposure,Environment,fua,35.311547540941476,MCG_M3 (ug/m3),26.29,2025,,,higher=worse,OECD,
RO023,Constanţa,RO,indicator,green_area,Green area per inhabitant (urban centre),Environment,fua,51,M2_PS (m2/person),5.22,2021,,,higher=better,OECD,
RO023,Constanţa,RO,indicator,public_transport_access,Population with access to public transport (15-minute walk),Mobility,fua,,PT_POP (% population),,,,,higher=better,OECD,
RO023,Constanţa,RO,indicator,employment_rate,Employment rate (15-64),Economic Opportunity,fua,56.9,PT_POP_SUB (% of working-age population),9.04,2024,,,higher=better,OECD,
RO023,Constanţa,RO,indicator,unemployment_rate,Unemployment rate (15-64),Economic Opportunity,fua,9.9,PT_LF_SUB (% of labour force),12.83,2024,,,higher=worse,OECD,
RO023,Constanţa,RO,composite,environment_score,Environment composite score,Environment,fua (composite),,score (0-100),15.75,,,,,derived (V1 approved composites),
RO023,Constanţa,RO,composite,mobility_score,Mobility composite score,Mobility,fua (composite),,score (0-100),,,,,,derived (V1 approved composites),
RO023,Constanţa,RO,composite,economic_opportunity_score,Economic Opportunity composite score,Economic Opportunity,fua (composite),,score (0-100),10.93,,,,,derived (V1 approved composites),
RO023,Constanţa,RO,context,population,Population (total),Context,fua,553282,PS (persons),,2021,,,neutral (context),OECD,
RO023,Constanţa,RO,context,commuting_public_transport,Commuting mode share - public transport,Mobility (context),fua,,PT_WR (% of workers),,,,,higher=better,OECD,
RO023,Constanţa,RO,context,commuting_bike,Commuting mode share - bicycle,Mobility (context),fua,,PT_WR (% of workers),,,,,higher=better,OECD,
RO023,Constanţa,RO,context,commuting_walk,Commuting mode share - walking,Mobility (context),fua,,PT_WR (% of workers),,,,,higher=better,OECD,
RO023,Constanţa,RO,context,commuting_car,Commuting mode share - car,Mobility (context),fua,,PT_WR (% of workers),,,,,higher=worse,OECD,
RO024,Iaşi,RO,indicator,pm25,Mean PM2.5 population exposure,Environment,fua,32.969636902192974,MCG_M3 (ug/m3),33.38,2025,,,higher=worse,OECD,
RO024,Iaşi,RO,indicator,green_area,Green area per inhabitant (urban centre),Environment,fua,100,M2_PS (m2/person),25.52,2021,,,higher=better,OECD,
RO024,Iaşi,RO,indicator,public_transport_access,Population with access to public transport (15-minute walk),Mobility,fua,,PT_POP (% population),,,,,higher=better,OECD,
RO024,Iaşi,RO,indicator,employment_rate,Employment rate (15-64),Economic Opportunity,fua,61.5,PT_POP_SUB (% of working-age population),15.5,2024,,,higher=better,OECD,
RO024,Iaşi,RO,indicator,unemployment_rate,Unemployment rate (15-64),Economic Opportunity,fua,4.9,PT_LF_SUB (% of labour force),64.91,2024,,,higher=worse,OECD,
RO024,Iaşi,RO,composite,environment_score,Environment composite score,Environment,fua (composite),,score (0-100),29.45,,,,,derived (V1 approved composites),
RO024,Iaşi,RO,composite,mobility_score,Mobility composite score,Mobility,fua (composite),,score (0-100),,,,,,derived (V1 approved composites),
RO024,Iaşi,RO,composite,economic_opportunity_score,Economic Opportunity composite score,Economic Opportunity,fua (composite),,score (0-100),40.2,,,,,derived (V1 approved composites),
RO024,Iaşi,RO,context,population,Population (total),Context,fua,543752,PS (persons),,2021,,,neutral (context),OECD,
RO024,Iaşi,RO,context,commuting_public_transport,Commuting mode share - public transport,Mobility (context),fua,,PT_WR (% of workers),,,,,higher=better,OECD,
RO024,Iaşi,RO,context,commuting_bike,Commuting mode share - bicycle,Mobility (context),fua,,PT_WR (% of workers),,,,,higher=better,OECD,
RO024,Iaşi,RO,context,commuting_walk,Commuting mode share - walking,Mobility (context),fua,,PT_WR (% of workers),,,,,higher=better,OECD,
RO024,Iaşi,RO,context,commuting_car,Commuting mode share - car,Mobility (context),fua,,PT_WR (% of workers),,,,,higher=worse,OECD,
RO025,Galaţi,RO,indicator,pm25,Mean PM2.5 population exposure,Environment,fua,38.25881817233762,MCG_M3 (ug/m3),18.32,2025,,,higher=worse,OECD,
RO025,Galaţi,RO,indicator,green_area,Green area per inhabitant (urban centre),Environment,fua,94,M2_PS (m2/person),21.67,2021,,,higher=better,OECD,
RO025,Galaţi,RO,indicator,public_transport_access,Population with access to public transport (15-minute walk),Mobility,fua,,PT_POP (% population),,,,,higher=better,OECD,
RO025,Galaţi,RO,indicator,employment_rate,Employment rate (15-64),Economic Opportunity,fua,56.9,PT_POP_SUB (% of working-age population),9.04,2024,,,higher=better,OECD,
RO025,Galaţi,RO,indicator,unemployment_rate,Unemployment rate (15-64),Economic Opportunity,fua,9.9,PT_LF_SUB (% of labour force),12.83,2024,,,higher=worse,OECD,
RO025,Galaţi,RO,composite,environment_score,Environment composite score,Environment,fua (composite),,score (0-100),20.0,,,,,derived (V1 approved composites),
RO025,Galaţi,RO,composite,mobility_score,Mobility composite score,Mobility,fua (composite),,score (0-100),,,,,,derived (V1 approved composites),
RO025,Galaţi,RO,composite,economic_opportunity_score,Economic Opportunity composite score,Economic Opportunity,fua (composite),,score (0-100),10.93,,,,,derived (V1 approved composites),
RO025,Galaţi,RO,context,population,Population (total),Context,fua,309528,PS (persons),,2021,,,neutral (context),OECD,
RO025,Galaţi,RO,context,commuting_public_transport,Commuting mode share - public transport,Mobility (context),fua,,PT_WR (% of workers),,,,,higher=better,OECD,
RO025,Galaţi,RO,context,commuting_bike,Commuting mode share - bicycle,Mobility (context),fua,,PT_WR (% of workers),,,,,higher=better,OECD,
RO025,Galaţi,RO,context,commuting_walk,Commuting mode share - walking,Mobility (context),fua,,PT_WR (% of workers),,,,,higher=better,OECD,
RO025,Galaţi,RO,context,commuting_car,Commuting mode share - car,Mobility (context),fua,,PT_WR (% of workers),,,,,higher=worse,OECD,
RO026,Braşov,RO,indicator,pm25,Mean PM2.5 population exposure,Environment,fua,38.02570028229097,MCG_M3 (ug/m3),18.91,2025,,,higher=worse,OECD,
RO026,Braşov,RO,indicator,green_area,Green area per inhabitant (urban centre),Environment,fua,99,M2_PS (m2/person),25.04,2021,,,higher=better,OECD,
RO026,Braşov,RO,indicator,public_transport_access,Population with access to public transport (15-minute walk),Mobility,fua,,PT_POP (% population),,,,,higher=better,OECD,
RO026,Braşov,RO,indicator,employment_rate,Employment rate (15-64),Economic Opportunity,fua,62.9,PT_POP_SUB (% of working-age population),18.08,2024,,,higher=better,OECD,
RO026,Braşov,RO,indicator,unemployment_rate,Unemployment rate (15-64),Economic Opportunity,fua,4.3,PT_LF_SUB (% of labour force),72.26,2024,,,higher=worse,OECD,
RO026,Braşov,RO,composite,environment_score,Environment composite score,Environment,fua (composite),,score (0-100),21.98,,,,,derived (V1 approved composites),
RO026,Braşov,RO,composite,mobility_score,Mobility composite score,Mobility,fua (composite),,score (0-100),,,,,,derived (V1 approved composites),
RO026,Braşov,RO,composite,economic_opportunity_score,Economic Opportunity composite score,Economic Opportunity,fua (composite),,score (0-100),45.17,,,,,derived (V1 approved composites),
RO026,Braşov,RO,context,population,Population (total),Context,fua,462588,PS (persons),,2021,,,neutral (context),OECD,
RO026,Braşov,RO,context,commuting_public_transport,Commuting mode share - public transport,Mobility (context),fua,,PT_WR (% of workers),,,,,higher=better,OECD,
RO026,Braşov,RO,context,commuting_bike,Commuting mode share - bicycle,Mobility (context),fua,,PT_WR (% of workers),,,,,higher=better,OECD,
RO026,Braşov,RO,context,commuting_walk,Commuting mode share - walking,Mobility (context),fua,,PT_WR (% of workers),,,,,higher=better,OECD,
RO026,Braşov,RO,context,commuting_car,Commuting mode share - car,Mobility (context),fua,,PT_WR (% of workers),,,,,higher=worse,OECD,
RO027,Ploieşti,RO,indicator,pm25,Mean PM2.5 population exposure,Environment,fua,41.82772830638313,MCG_M3 (ug/m3),13.0,2025,,,higher=worse,OECD,
RO027,Ploieşti,RO,indicator,green_area,Green area per inhabitant (urban centre),Environment,fua,74,M2_PS (m2/person),13.24,2021,,,higher=better,OECD,
RO027,Ploieşti,RO,indicator,public_transport_access,Population with access to public transport (15-minute walk),Mobility,fua,,PT_POP (% population),,,,,higher=better,OECD,
RO027,Ploieşti,RO,indicator,employment_rate,Employment rate (15-64),Economic Opportunity,fua,63.2,PT_POP_SUB (% of working-age population),18.45,2024,,,higher=better,OECD,
RO027,Ploieşti,RO,indicator,unemployment_rate,Unemployment rate (15-64),Economic Opportunity,fua,7.2,PT_LF_SUB (% of labour force),38.68,2024,,,higher=worse,OECD,
RO027,Ploieşti,RO,composite,environment_score,Environment composite score,Environment,fua (composite),,score (0-100),13.12,,,,,derived (V1 approved composites),
RO027,Ploieşti,RO,composite,mobility_score,Mobility composite score,Mobility,fua (composite),,score (0-100),,,,,,derived (V1 approved composites),
RO027,Ploieşti,RO,composite,economic_opportunity_score,Economic Opportunity composite score,Economic Opportunity,fua (composite),,score (0-100),28.56,,,,,derived (V1 approved composites),
RO027,Ploieşti,RO,context,population,Population (total),Context,fua,468879,PS (persons),,2021,,,neutral (context),OECD,
RO027,Ploieşti,RO,context,commuting_public_transport,Commuting mode share - public transport,Mobility (context),fua,,PT_WR (% of workers),,,,,higher=better,OECD,
RO027,Ploieşti,RO,context,commuting_bike,Commuting mode share - bicycle,Mobility (context),fua,,PT_WR (% of workers),,,,,higher=better,OECD,
RO027,Ploieşti,RO,context,commuting_walk,Commuting mode share - walking,Mobility (context),fua,,PT_WR (% of workers),,,,,higher=better,OECD,
RO027,Ploieşti,RO,context,commuting_car,Commuting mode share - car,Mobility (context),fua,,PT_WR (% of workers),,,,,higher=worse,OECD,
SE001,Stockholm,SE,indicator,pm25,Mean PM2.5 population exposure,Environment,fua,16.64322918821387,MCG_M3 (ug/m3),96.45,2025,,,higher=worse,OECD,
SE001,Stockholm,SE,indicator,green_area,Green area per inhabitant (urban centre),Environment,fua,157,M2_PS (m2/person),60.51,2021,,,higher=better,OECD,
SE001,Stockholm,SE,indicator,public_transport_access,Population with access to public transport (15-minute walk),Mobility,fua,96.8,PT_POP (% population),68.17,2023,,,higher=better,OECD,
SE001,Stockholm,SE,indicator,employment_rate,Employment rate (15-64),Economic Opportunity,fua,77.5,PT_POP_SUB (% of working-age population),86.16,2024,,,higher=better,OECD,
SE001,Stockholm,SE,indicator,unemployment_rate,Unemployment rate (15-64),Economic Opportunity,fua,8.4,PT_LF_SUB (% of labour force),24.91,2024,,,higher=worse,OECD,
SE001,Stockholm,SE,composite,environment_score,Environment composite score,Environment,fua (composite),,score (0-100),78.48,,,,,derived (V1 approved composites),
SE001,Stockholm,SE,composite,mobility_score,Mobility composite score,Mobility,fua (composite),,score (0-100),68.17,,,,,derived (V1 approved composites),
SE001,Stockholm,SE,composite,economic_opportunity_score,Economic Opportunity composite score,Economic Opportunity,fua (composite),,score (0-100),55.53,,,,,derived (V1 approved composites),
SE001,Stockholm,SE,perception_dimension,perceived_safety,Perceived safety (safe walking at night after dark),Safety,city_core,81.4,"PC (sum of response-category shares, % of respondents)",87.5,2023,,,higher=better,Eurostat,SE001C
SE001,Stockholm,SE,perception_dimension,community,Trust / community (generalised trust),Community,city_core,78.2,"PC (sum of response-category shares, % of respondents)",88.75,2023,,,higher=better,Eurostat,SE001C
SE001,Stockholm,SE,perception_dimension,life_satisfaction,Life satisfaction (the life you lead),Life Balance,city_core,89.5,"PC (sum of response-category shares, % of respondents)",93.75,2023,,,higher=better,Eurostat,SE001C
SE001,Stockholm,SE,perception_dimension,housing_satisfaction,Housing satisfaction (easy to find good housing at a reasonable price),Housing,city_core,10.7,"PC (sum of response-category shares, % of respondents)",6.25,2023,,,higher=better,Eurostat,SE001C
SE001,Stockholm,SE,context,population,Population (total),Context,fua,2561978,PS (persons),,2024,,,neutral (context),OECD,
SE001,Stockholm,SE,context,commuting_public_transport,Commuting mode share - public transport,Mobility (context),fua,34,PT_WR (% of workers),,2005,,stale_commuting_context,higher=better,OECD,
SE001,Stockholm,SE,context,commuting_bike,Commuting mode share - bicycle,Mobility (context),fua,6,PT_WR (% of workers),,2005,,stale_commuting_context,higher=better,OECD,
SE001,Stockholm,SE,context,commuting_walk,Commuting mode share - walking,Mobility (context),fua,11,PT_WR (% of workers),,2005,,stale_commuting_context,higher=better,OECD,
SE001,Stockholm,SE,context,commuting_car,Commuting mode share - car,Mobility (context),fua,48,PT_WR (% of workers),,2005,,stale_commuting_context,higher=worse,OECD,
SE002,Göteborg,SE,indicator,pm25,Mean PM2.5 population exposure,Environment,fua,17.940864441386896,MCG_M3 (ug/m3),95.86,2025,,,higher=worse,OECD,
SE002,Göteborg,SE,indicator,green_area,Green area per inhabitant (urban centre),Environment,fua,192,M2_PS (m2/person),77.37,2021,,,higher=better,OECD,
SE002,Göteborg,SE,indicator,public_transport_access,Population with access to public transport (15-minute walk),Mobility,fua,94.6,PT_POP (% population),50.0,2023,,,higher=better,OECD,
SE002,Göteborg,SE,indicator,employment_rate,Employment rate (15-64),Economic Opportunity,fua,75.7,PT_POP_SUB (% of working-age population),79.34,2024,,,higher=better,OECD,
SE002,Göteborg,SE,indicator,unemployment_rate,Unemployment rate (15-64),Economic Opportunity,fua,8.7,PT_LF_SUB (% of labour force),22.45,2024,,,higher=worse,OECD,
SE002,Göteborg,SE,composite,environment_score,Environment composite score,Environment,fua (composite),,score (0-100),86.62,,,,,derived (V1 approved composites),
SE002,Göteborg,SE,composite,mobility_score,Mobility composite score,Mobility,fua (composite),,score (0-100),50.0,,,,,derived (V1 approved composites),
SE002,Göteborg,SE,composite,economic_opportunity_score,Economic Opportunity composite score,Economic Opportunity,fua (composite),,score (0-100),50.9,,,,,derived (V1 approved composites),
SE002,Göteborg,SE,context,population,Population (total),Context,fua,1097407,PS (persons),,2024,,,neutral (context),OECD,
SE002,Göteborg,SE,context,commuting_public_transport,Commuting mode share - public transport,Mobility (context),fua,15,PT_WR (% of workers),,2005,,stale_commuting_context,higher=better,OECD,
SE002,Göteborg,SE,context,commuting_bike,Commuting mode share - bicycle,Mobility (context),fua,12,PT_WR (% of workers),,2005,,stale_commuting_context,higher=better,OECD,
SE002,Göteborg,SE,context,commuting_walk,Commuting mode share - walking,Mobility (context),fua,10,PT_WR (% of workers),,2005,,stale_commuting_context,higher=better,OECD,
SE002,Göteborg,SE,context,commuting_car,Commuting mode share - car,Mobility (context),fua,61,PT_WR (% of workers),,2005,,stale_commuting_context,higher=worse,OECD,
SE003,Malmö,SE,indicator,pm25,Mean PM2.5 population exposure,Environment,fua,23.474087377462038,MCG_M3 (ug/m3),81.24,2025,,,higher=worse,OECD,
SE003,Malmö,SE,indicator,green_area,Green area per inhabitant (urban centre),Environment,fua,101,M2_PS (m2/person),25.68,2021,,,higher=better,OECD,
SE003,Malmö,SE,indicator,public_transport_access,Population with access to public transport (15-minute walk),Mobility,fua,93,PT_POP (% population),39.39,2023,,,higher=better,OECD,
SE003,Malmö,SE,indicator,employment_rate,Employment rate (15-64),Economic Opportunity,fua,74.5,PT_POP_SUB (% of working-age population),74.91,2024,,,higher=better,OECD,
SE003,Malmö,SE,indicator,unemployment_rate,Unemployment rate (15-64),Economic Opportunity,fua,9.9,PT_LF_SUB (% of labour force),12.83,2024,,,higher=worse,OECD,
SE003,Malmö,SE,composite,environment_score,Environment composite score,Environment,fua (composite),,score (0-100),53.46,,,,,derived (V1 approved composites),
SE003,Malmö,SE,composite,mobility_score,Mobility composite score,Mobility,fua (composite),,score (0-100),39.39,,,,,derived (V1 approved composites),
SE003,Malmö,SE,composite,economic_opportunity_score,Economic Opportunity composite score,Economic Opportunity,fua (composite),,score (0-100),43.87,,,,,derived (V1 approved composites),
SE003,Malmö,SE,perception_dimension,perceived_safety,Perceived safety (safe walking at night after dark),Safety,city_core,73.7,"PC (sum of response-category shares, % of respondents)",64.38,2023,,,higher=better,Eurostat,SE003C
SE003,Malmö,SE,perception_dimension,community,Trust / community (generalised trust),Community,city_core,70.1,"PC (sum of response-category shares, % of respondents)",68.75,2023,,,higher=better,Eurostat,SE003C
SE003,Malmö,SE,perception_dimension,life_satisfaction,Life satisfaction (the life you lead),Life Balance,city_core,88.7,"PC (sum of response-category shares, % of respondents)",91.25,2023,,,higher=better,Eurostat,SE003C
SE003,Malmö,SE,perception_dimension,housing_satisfaction,Housing satisfaction (easy to find good housing at a reasonable price),Housing,city_core,33.6,"PC (sum of response-category shares, % of respondents)",60.0,2023,,,higher=better,Eurostat,SE003C
SE003,Malmö,SE,context,population,Population (total),Context,fua,876786,PS (persons),,2024,,,neutral (context),OECD,
SE003,Malmö,SE,context,commuting_public_transport,Commuting mode share - public transport,Mobility (context),fua,15,PT_WR (% of workers),,2005,,stale_commuting_context,higher=better,OECD,
SE003,Malmö,SE,context,commuting_bike,Commuting mode share - bicycle,Mobility (context),fua,17,PT_WR (% of workers),,2005,,stale_commuting_context,higher=better,OECD,
SE003,Malmö,SE,context,commuting_walk,Commuting mode share - walking,Mobility (context),fua,7,PT_WR (% of workers),,2005,,stale_commuting_context,higher=better,OECD,
SE003,Malmö,SE,context,commuting_car,Commuting mode share - car,Mobility (context),fua,60,PT_WR (% of workers),,2005,,stale_commuting_context,higher=worse,OECD,
SE006,Uppsala,SE,indicator,pm25,Mean PM2.5 population exposure,Environment,fua,9.655302480960357,MCG_M3 (ug/m3),99.85,2025,,,higher=worse,OECD,
SE006,Uppsala,SE,indicator,green_area,Green area per inhabitant (urban centre),Environment,fua,144,M2_PS (m2/person),51.61,2021,,,higher=better,OECD,
SE006,Uppsala,SE,indicator,public_transport_access,Population with access to public transport (15-minute walk),Mobility,fua,90.9,PT_POP (% population),32.36,2023,,,higher=better,OECD,
SE006,Uppsala,SE,indicator,employment_rate,Employment rate (15-64),Economic Opportunity,fua,74.5,PT_POP_SUB (% of working-age population),74.91,2024,,,higher=better,OECD,
SE006,Uppsala,SE,indicator,unemployment_rate,Unemployment rate (15-64),Economic Opportunity,fua,9.3,PT_LF_SUB (% of labour force),15.09,2024,,,higher=worse,OECD,
SE006,Uppsala,SE,composite,environment_score,Environment composite score,Environment,fua (composite),,score (0-100),75.73,,,,,derived (V1 approved composites),
SE006,Uppsala,SE,composite,mobility_score,Mobility composite score,Mobility,fua (composite),,score (0-100),32.36,,,,,derived (V1 approved composites),
SE006,Uppsala,SE,composite,economic_opportunity_score,Economic Opportunity composite score,Economic Opportunity,fua (composite),,score (0-100),45.0,,,,,derived (V1 approved composites),
SE006,Uppsala,SE,context,population,Population (total),Context,fua,326796,PS (persons),,2024,,,neutral (context),OECD,
SE006,Uppsala,SE,context,commuting_public_transport,Commuting mode share - public transport,Mobility (context),fua,5,PT_WR (% of workers),,2005,,stale_commuting_context,higher=better,OECD,
SE006,Uppsala,SE,context,commuting_bike,Commuting mode share - bicycle,Mobility (context),fua,20,PT_WR (% of workers),,2005,,stale_commuting_context,higher=better,OECD,
SE006,Uppsala,SE,context,commuting_walk,Commuting mode share - walking,Mobility (context),fua,12,PT_WR (% of workers),,2005,,stale_commuting_context,higher=better,OECD,
SE006,Uppsala,SE,context,commuting_car,Commuting mode share - car,Mobility (context),fua,62,PT_WR (% of workers),,2005,,stale_commuting_context,higher=worse,OECD,
SE007,Linköping,SE,indicator,pm25,Mean PM2.5 population exposure,Environment,fua,13.460707259195534,MCG_M3 (ug/m3),98.38,2025,,,higher=worse,OECD,
SE007,Linköping,SE,indicator,green_area,Green area per inhabitant (urban centre),Environment,fua,198,M2_PS (m2/person),80.42,2021,,,higher=better,OECD,
SE007,Linköping,SE,indicator,public_transport_access,Population with access to public transport (15-minute walk),Mobility,fua,84.8,PT_POP (% population),19.1,2023,,,higher=better,OECD,
SE007,Linköping,SE,indicator,employment_rate,Employment rate (15-64),Economic Opportunity,fua,,PT_POP_SUB (% of working-age population),,,,,higher=better,OECD,
SE007,Linköping,SE,indicator,unemployment_rate,Unemployment rate (15-64),Economic Opportunity,fua,,PT_LF_SUB (% of labour force),,,,,higher=worse,OECD,
SE007,Linköping,SE,composite,environment_score,Environment composite score,Environment,fua (composite),,score (0-100),89.4,,,,,derived (V1 approved composites),
SE007,Linköping,SE,composite,mobility_score,Mobility composite score,Mobility,fua (composite),,score (0-100),19.1,,,,,derived (V1 approved composites),
SE007,Linköping,SE,composite,economic_opportunity_score,Economic Opportunity composite score,Economic Opportunity,fua (composite),,score (0-100),,,,,,derived (V1 approved composites),
SE007,Linköping,SE,context,population,Population (total),Context,fua,261659,PS (persons),,2024,,,neutral (context),OECD,
SE007,Linköping,SE,context,commuting_public_transport,Commuting mode share - public transport,Mobility (context),fua,11,PT_WR (% of workers),,2005,,stale_commuting_context,higher=better,OECD,
SE007,Linköping,SE,context,commuting_bike,Commuting mode share - bicycle,Mobility (context),fua,16,PT_WR (% of workers),,2005,,stale_commuting_context,higher=better,OECD,
SE007,Linköping,SE,context,commuting_walk,Commuting mode share - walking,Mobility (context),fua,10,PT_WR (% of workers),,2005,,stale_commuting_context,higher=better,OECD,
SE007,Linköping,SE,context,commuting_car,Commuting mode share - car,Mobility (context),fua,61,PT_WR (% of workers),,2005,,stale_commuting_context,higher=worse,OECD,
SE008,Örebro,SE,indicator,pm25,Mean PM2.5 population exposure,Environment,fua,13.05746334996122,MCG_M3 (ug/m3),98.52,2025,,,higher=worse,OECD,
SE008,Örebro,SE,indicator,green_area,Green area per inhabitant (urban centre),Environment,fua,173,M2_PS (m2/person),69.26,2021,,,higher=better,OECD,
SE008,Örebro,SE,indicator,public_transport_access,Population with access to public transport (15-minute walk),Mobility,fua,86.7,PT_POP (% population),21.88,2023,,,higher=better,OECD,
SE008,Örebro,SE,indicator,employment_rate,Employment rate (15-64),Economic Opportunity,fua,,PT_POP_SUB (% of working-age population),,,,,higher=better,OECD,
SE008,Örebro,SE,indicator,unemployment_rate,Unemployment rate (15-64),Economic Opportunity,fua,,PT_LF_SUB (% of labour force),,,,,higher=worse,OECD,
SE008,Örebro,SE,composite,environment_score,Environment composite score,Environment,fua (composite),,score (0-100),83.89,,,,,derived (V1 approved composites),
SE008,Örebro,SE,composite,mobility_score,Mobility composite score,Mobility,fua (composite),,score (0-100),21.88,,,,,derived (V1 approved composites),
SE008,Örebro,SE,composite,economic_opportunity_score,Economic Opportunity composite score,Economic Opportunity,fua (composite),,score (0-100),,,,,,derived (V1 approved composites),
SE008,Örebro,SE,context,population,Population (total),Context,fua,218186,PS (persons),,2024,,,neutral (context),OECD,
SE008,Örebro,SE,context,commuting_public_transport,Commuting mode share - public transport,Mobility (context),fua,5,PT_WR (% of workers),,2005,,stale_commuting_context,higher=better,OECD,
SE008,Örebro,SE,context,commuting_bike,Commuting mode share - bicycle,Mobility (context),fua,20,PT_WR (% of workers),,2005,,stale_commuting_context,higher=better,OECD,
SE008,Örebro,SE,context,commuting_walk,Commuting mode share - walking,Mobility (context),fua,12,PT_WR (% of workers),,2005,,stale_commuting_context,higher=better,OECD,
SE008,Örebro,SE,context,commuting_car,Commuting mode share - car,Mobility (context),fua,62,PT_WR (% of workers),,2005,,stale_commuting_context,higher=worse,OECD,
SI001,Osrednjeslovenska,SI,indicator,pm25,Mean PM2.5 population exposure,Environment,fua,34.76714323652271,MCG_M3 (ug/m3),28.36,2025,,,higher=worse,OECD,
SI001,Osrednjeslovenska,SI,indicator,green_area,Green area per inhabitant (urban centre),Environment,fua,181,M2_PS (m2/person),72.95,2021,,,higher=better,OECD,
SI001,Osrednjeslovenska,SI,indicator,public_transport_access,Population with access to public transport (15-minute walk),Mobility,fua,57.7,PT_POP (% population),1.33,2023,,,higher=better,OECD,
SI001,Osrednjeslovenska,SI,indicator,employment_rate,Employment rate (15-64),Economic Opportunity,fua,73.6,PT_POP_SUB (% of working-age population),67.9,2022,,,higher=better,OECD,
SI001,Osrednjeslovenska,SI,indicator,unemployment_rate,Unemployment rate (15-64),Economic Opportunity,fua,3.9,PT_LF_SUB (% of labour force),77.55,2022,,,higher=worse,OECD,
SI001,Osrednjeslovenska,SI,composite,environment_score,Environment composite score,Environment,fua (composite),,score (0-100),50.66,,,,,derived (V1 approved composites),
SI001,Osrednjeslovenska,SI,composite,mobility_score,Mobility composite score,Mobility,fua (composite),,score (0-100),1.33,,,,,derived (V1 approved composites),
SI001,Osrednjeslovenska,SI,composite,economic_opportunity_score,Economic Opportunity composite score,Economic Opportunity,fua (composite),,score (0-100),72.72,,,,,derived (V1 approved composites),
SI001,Osrednjeslovenska,SI,perception_dimension,perceived_safety,Perceived safety (safe walking at night after dark),Safety,city_core,85.2,"PC (sum of response-category shares, % of respondents)",97.5,2023,,,higher=better,Eurostat,SI001C
SI001,Osrednjeslovenska,SI,perception_dimension,community,Trust / community (generalised trust),Community,city_core,62.1,"PC (sum of response-category shares, % of respondents)",38.75,2023,,,higher=better,Eurostat,SI001C
SI001,Osrednjeslovenska,SI,perception_dimension,life_satisfaction,Life satisfaction (the life you lead),Life Balance,city_core,85.8,"PC (sum of response-category shares, % of respondents)",60.0,2023,,,higher=better,Eurostat,SI001C
SI001,Osrednjeslovenska,SI,perception_dimension,housing_satisfaction,Housing satisfaction (easy to find good housing at a reasonable price),Housing,city_core,23.9,"PC (sum of response-category shares, % of respondents)",36.25,2023,,,higher=better,Eurostat,SI001C
SI001,Osrednjeslovenska,SI,context,population,Population (total),Context,fua,920388,PS (persons),,2025,,,neutral (context),OECD,
SI001,Osrednjeslovenska,SI,context,commuting_public_transport,Commuting mode share - public transport,Mobility (context),fua,7.3,PT_WR (% of workers),,2017,,stale_commuting_context,higher=better,OECD,
SI001,Osrednjeslovenska,SI,context,commuting_bike,Commuting mode share - bicycle,Mobility (context),fua,,PT_WR (% of workers),,,,,higher=better,OECD,
SI001,Osrednjeslovenska,SI,context,commuting_walk,Commuting mode share - walking,Mobility (context),fua,,PT_WR (% of workers),,,,,higher=better,OECD,
SI001,Osrednjeslovenska,SI,context,commuting_car,Commuting mode share - car,Mobility (context),fua,78.3,PT_WR (% of workers),,2017,,stale_commuting_context,higher=worse,OECD,
SI002,Podravska,SI,indicator,pm25,Mean PM2.5 population exposure,Environment,fua,34.9641171783943,MCG_M3 (ug/m3),27.92,2025,,,higher=worse,OECD,
SI002,Podravska,SI,indicator,green_area,Green area per inhabitant (urban centre),Environment,fua,113,M2_PS (m2/person),31.86,2021,,,higher=better,OECD,
SI002,Podravska,SI,indicator,public_transport_access,Population with access to public transport (15-minute walk),Mobility,fua,,PT_POP (% population),,,,,higher=better,OECD,
SI002,Podravska,SI,indicator,employment_rate,Employment rate (15-64),Economic Opportunity,fua,70.2,PT_POP_SUB (% of working-age population),49.45,2022,,,higher=better,OECD,
SI002,Podravska,SI,indicator,unemployment_rate,Unemployment rate (15-64),Economic Opportunity,fua,5.1,PT_LF_SUB (% of labour force),63.4,2022,,,higher=worse,OECD,
SI002,Podravska,SI,composite,environment_score,Environment composite score,Environment,fua (composite),,score (0-100),29.89,,,,,derived (V1 approved composites),
SI002,Podravska,SI,composite,mobility_score,Mobility composite score,Mobility,fua (composite),,score (0-100),,,,,,derived (V1 approved composites),
SI002,Podravska,SI,composite,economic_opportunity_score,Economic Opportunity composite score,Economic Opportunity,fua (composite),,score (0-100),56.42,,,,,derived (V1 approved composites),
SI002,Podravska,SI,context,population,Population (total),Context,fua,262050,PS (persons),,2025,,,neutral (context),OECD,
SI002,Podravska,SI,context,commuting_public_transport,Commuting mode share - public transport,Mobility (context),fua,,PT_WR (% of workers),,,,,higher=better,OECD,
SI002,Podravska,SI,context,commuting_bike,Commuting mode share - bicycle,Mobility (context),fua,,PT_WR (% of workers),,,,,higher=better,OECD,
SI002,Podravska,SI,context,commuting_walk,Commuting mode share - walking,Mobility (context),fua,,PT_WR (% of workers),,,,,higher=better,OECD,
SI002,Podravska,SI,context,commuting_car,Commuting mode share - car,Mobility (context),fua,85.1,PT_WR (% of workers),,2017,,stale_commuting_context,higher=worse,OECD,
SK001,Bratislava,SK,indicator,pm25,Mean PM2.5 population exposure,Environment,fua,30.677407587077823,MCG_M3 (ug/m3),41.65,2025,,,higher=worse,OECD,
SK001,Bratislava,SK,indicator,green_area,Green area per inhabitant (urban centre),Environment,fua,159,M2_PS (m2/person),62.12,2021,,,higher=better,OECD,
SK001,Bratislava,SK,indicator,public_transport_access,Population with access to public transport (15-minute walk),Mobility,fua,,PT_POP (% population),,,,,higher=better,OECD,
SK001,Bratislava,SK,indicator,employment_rate,Employment rate (15-64),Economic Opportunity,fua,78.5,PT_POP_SUB (% of working-age population),89.11,2024,,,higher=better,OECD,
SK001,Bratislava,SK,indicator,unemployment_rate,Unemployment rate (15-64),Economic Opportunity,fua,2.3,PT_LF_SUB (% of labour force),96.79,2024,,,higher=worse,OECD,
SK001,Bratislava,SK,composite,environment_score,Environment composite score,Environment,fua (composite),,score (0-100),51.88,,,,,derived (V1 approved composites),
SK001,Bratislava,SK,composite,mobility_score,Mobility composite score,Mobility,fua (composite),,score (0-100),,,,,,derived (V1 approved composites),
SK001,Bratislava,SK,composite,economic_opportunity_score,Economic Opportunity composite score,Economic Opportunity,fua (composite),,score (0-100),92.95,,,,,derived (V1 approved composites),
SK001,Bratislava,SK,perception_dimension,perceived_safety,Perceived safety (safe walking at night after dark),Safety,city_core,63.2,"PC (sum of response-category shares, % of respondents)",28.75,2023,,,higher=better,Eurostat,SK001C
SK001,Bratislava,SK,perception_dimension,community,Trust / community (generalised trust),Community,city_core,41.0,"PC (sum of response-category shares, % of respondents)",7.5,2023,,,higher=better,Eurostat,SK001C
SK001,Bratislava,SK,perception_dimension,life_satisfaction,Life satisfaction (the life you lead),Life Balance,city_core,83.4,"PC (sum of response-category shares, % of respondents)",41.25,2023,,,higher=better,Eurostat,SK001C
SK001,Bratislava,SK,perception_dimension,housing_satisfaction,Housing satisfaction (easy to find good housing at a reasonable price),Housing,city_core,14.3,"PC (sum of response-category shares, % of respondents)",12.5,2023,,,higher=better,Eurostat,SK001C
SK001,Bratislava,SK,context,population,Population (total),Context,fua,1049696,PS (persons),,2024,,,neutral (context),OECD,
SK001,Bratislava,SK,context,commuting_public_transport,Commuting mode share - public transport,Mobility (context),fua,28.8,PT_WR (% of workers),,2021,,current,higher=better,OECD,
SK001,Bratislava,SK,context,commuting_bike,Commuting mode share - bicycle,Mobility (context),fua,3.9,PT_WR (% of workers),,2021,,current,higher=better,OECD,
SK001,Bratislava,SK,context,commuting_walk,Commuting mode share - walking,Mobility (context),fua,10.1,PT_WR (% of workers),,2021,,current,higher=better,OECD,
SK001,Bratislava,SK,context,commuting_car,Commuting mode share - car,Mobility (context),fua,55.4,PT_WR (% of workers),,2021,,current,higher=worse,OECD,
SK002,Košice,SK,indicator,pm25,Mean PM2.5 population exposure,Environment,fua,31.59117435490987,MCG_M3 (ug/m3),37.67,2025,,,higher=worse,OECD,
SK002,Košice,SK,indicator,green_area,Green area per inhabitant (urban centre),Environment,fua,125,M2_PS (m2/person),39.17,2021,,,higher=better,OECD,
SK002,Košice,SK,indicator,public_transport_access,Population with access to public transport (15-minute walk),Mobility,fua,,PT_POP (% population),,,,,higher=better,OECD,
SK002,Košice,SK,indicator,employment_rate,Employment rate (15-64),Economic Opportunity,fua,66.7,PT_POP_SUB (% of working-age population),29.89,2024,,,higher=better,OECD,
SK002,Košice,SK,indicator,unemployment_rate,Unemployment rate (15-64),Economic Opportunity,fua,8.7,PT_LF_SUB (% of labour force),22.45,2024,,,higher=worse,OECD,
SK002,Košice,SK,composite,environment_score,Environment composite score,Environment,fua (composite),,score (0-100),38.42,,,,,derived (V1 approved composites),
SK002,Košice,SK,composite,mobility_score,Mobility composite score,Mobility,fua (composite),,score (0-100),,,,,,derived (V1 approved composites),
SK002,Košice,SK,composite,economic_opportunity_score,Economic Opportunity composite score,Economic Opportunity,fua (composite),,score (0-100),26.17,,,,,derived (V1 approved composites),
SK002,Košice,SK,perception_dimension,perceived_safety,Perceived safety (safe walking at night after dark),Safety,city_core,59.9,"PC (sum of response-category shares, % of respondents)",25.0,2023,,,higher=better,Eurostat,SK002C
SK002,Košice,SK,perception_dimension,community,Trust / community (generalised trust),Community,city_core,44.8,"PC (sum of response-category shares, % of respondents)",12.5,2023,,,higher=better,Eurostat,SK002C
SK002,Košice,SK,perception_dimension,life_satisfaction,Life satisfaction (the life you lead),Life Balance,city_core,83.4,"PC (sum of response-category shares, % of respondents)",41.25,2023,,,higher=better,Eurostat,SK002C
SK002,Košice,SK,perception_dimension,housing_satisfaction,Housing satisfaction (easy to find good housing at a reasonable price),Housing,city_core,19.4,"PC (sum of response-category shares, % of respondents)",26.25,2023,,,higher=better,Eurostat,SK002C
SK002,Košice,SK,context,population,Population (total),Context,fua,372203,PS (persons),,2024,,,neutral (context),OECD,
SK002,Košice,SK,context,commuting_public_transport,Commuting mode share - public transport,Mobility (context),fua,31.9,PT_WR (% of workers),,2021,,current,higher=better,OECD,
SK002,Košice,SK,context,commuting_bike,Commuting mode share - bicycle,Mobility (context),fua,2.3,PT_WR (% of workers),,2021,,current,higher=better,OECD,
SK002,Košice,SK,context,commuting_walk,Commuting mode share - walking,Mobility (context),fua,11.6,PT_WR (% of workers),,2021,,current,higher=better,OECD,
SK002,Košice,SK,context,commuting_car,Commuting mode share - car,Mobility (context),fua,52.6,PT_WR (% of workers),,2021,,current,higher=worse,OECD,
TR001,Ankara,TR,indicator,pm25,Mean PM2.5 population exposure,Environment,fua,71.42128358874676,MCG_M3 (ug/m3),0.59,2025,,,higher=worse,OECD,
TR001,Ankara,TR,indicator,green_area,Green area per inhabitant (urban centre),Environment,fua,43,M2_PS (m2/person),3.21,2021,,,higher=better,OECD,
TR001,Ankara,TR,indicator,public_transport_access,Population with access to public transport (15-minute walk),Mobility,fua,,PT_POP (% population),,,,,higher=better,OECD,
TR001,Ankara,TR,indicator,employment_rate,Employment rate (15-64),Economic Opportunity,fua,54.9,PT_POP_SUB (% of working-age population),7.01,2024,,,higher=better,OECD,
TR001,Ankara,TR,indicator,unemployment_rate,Unemployment rate (15-64),Economic Opportunity,fua,9.7,PT_LF_SUB (% of labour force),13.96,2024,,,higher=worse,OECD,
TR001,Ankara,TR,composite,environment_score,Environment composite score,Environment,fua (composite),,score (0-100),1.9,,,,,derived (V1 approved composites),
TR001,Ankara,TR,composite,mobility_score,Mobility composite score,Mobility,fua (composite),,score (0-100),,,,,,derived (V1 approved composites),
TR001,Ankara,TR,composite,economic_opportunity_score,Economic Opportunity composite score,Economic Opportunity,fua (composite),,score (0-100),10.48,,,,,derived (V1 approved composites),
TR001,Ankara,TR,perception_dimension,perceived_safety,Perceived safety (safe walking at night after dark),Safety,city_core,71.2,"PC (sum of response-category shares, % of respondents)",53.75,2023,,,higher=better,Eurostat,TR001C
TR001,Ankara,TR,perception_dimension,community,Trust / community (generalised trust),Community,city_core,58.7,"PC (sum of response-category shares, % of respondents)",35.0,2023,,,higher=better,Eurostat,TR001C
TR001,Ankara,TR,perception_dimension,life_satisfaction,Life satisfaction (the life you lead),Life Balance,city_core,76.1,"PC (sum of response-category shares, % of respondents)",16.88,2023,,,higher=better,Eurostat,TR001C
TR001,Ankara,TR,perception_dimension,housing_satisfaction,Housing satisfaction (easy to find good housing at a reasonable price),Housing,city_core,34.9,"PC (sum of response-category shares, % of respondents)",61.25,2023,,,higher=better,Eurostat,TR001C
TR001,Ankara,TR,context,population,Population (total),Context,fua,5246281,PS (persons),,2024,,,neutral (context),OECD,
TR001,Ankara,TR,context,commuting_public_transport,Commuting mode share - public transport,Mobility (context),fua,,PT_WR (% of workers),,,,,higher=better,OECD,
TR001,Ankara,TR,context,commuting_bike,Commuting mode share - bicycle,Mobility (context),fua,,PT_WR (% of workers),,,,,higher=better,OECD,
TR001,Ankara,TR,context,commuting_walk,Commuting mode share - walking,Mobility (context),fua,,PT_WR (% of workers),,,,,higher=better,OECD,
TR001,Ankara,TR,context,commuting_car,Commuting mode share - car,Mobility (context),fua,,PT_WR (% of workers),,,,,higher=worse,OECD,
TR002,Adana,TR,indicator,pm25,Mean PM2.5 population exposure,Environment,fua,58.847331392480136,MCG_M3 (ug/m3),3.25,2025,,,higher=worse,OECD,
TR002,Adana,TR,indicator,green_area,Green area per inhabitant (urban centre),Environment,fua,44,M2_PS (m2/person),3.37,2021,,,higher=better,OECD,
TR002,Adana,TR,indicator,public_transport_access,Population with access to public transport (15-minute walk),Mobility,fua,,PT_POP (% population),,,,,higher=better,OECD,
TR002,Adana,TR,indicator,employment_rate,Employment rate (15-64),Economic Opportunity,fua,52.4,PT_POP_SUB (% of working-age population),5.9,2024,,,higher=better,OECD,
TR002,Adana,TR,indicator,unemployment_rate,Unemployment rate (15-64),Economic Opportunity,fua,9.3,PT_LF_SUB (% of labour force),15.09,2024,,,higher=worse,OECD,
TR002,Adana,TR,composite,environment_score,Environment composite score,Environment,fua (composite),,score (0-100),3.31,,,,,derived (V1 approved composites),
TR002,Adana,TR,composite,mobility_score,Mobility composite score,Mobility,fua (composite),,score (0-100),,,,,,derived (V1 approved composites),
TR002,Adana,TR,composite,economic_opportunity_score,Economic Opportunity composite score,Economic Opportunity,fua (composite),,score (0-100),10.5,,,,,derived (V1 approved composites),
TR002,Adana,TR,context,population,Population (total),Context,fua,1816750,PS (persons),,2024,,,neutral (context),OECD,
TR002,Adana,TR,context,commuting_public_transport,Commuting mode share - public transport,Mobility (context),fua,,PT_WR (% of workers),,,,,higher=better,OECD,
TR002,Adana,TR,context,commuting_bike,Commuting mode share - bicycle,Mobility (context),fua,,PT_WR (% of workers),,,,,higher=better,OECD,
TR002,Adana,TR,context,commuting_walk,Commuting mode share - walking,Mobility (context),fua,,PT_WR (% of workers),,,,,higher=better,OECD,
TR002,Adana,TR,context,commuting_car,Commuting mode share - car,Mobility (context),fua,,PT_WR (% of workers),,,,,higher=worse,OECD,
TR003,Antalya,TR,indicator,pm25,Mean PM2.5 population exposure,Environment,fua,42.379062532104776,MCG_M3 (ug/m3),12.26,2025,,,higher=worse,OECD,
TR003,Antalya,TR,indicator,green_area,Green area per inhabitant (urban centre),Environment,fua,84,M2_PS (m2/person),15.81,2021,,,higher=better,OECD,
TR003,Antalya,TR,indicator,public_transport_access,Population with access to public transport (15-minute walk),Mobility,fua,,PT_POP (% population),,,,,higher=better,OECD,
TR003,Antalya,TR,indicator,employment_rate,Employment rate (15-64),Economic Opportunity,fua,60.5,PT_POP_SUB (% of working-age population),13.28,2024,,,higher=better,OECD,
TR003,Antalya,TR,indicator,unemployment_rate,Unemployment rate (15-64),Economic Opportunity,fua,6,PT_LF_SUB (% of labour force),56.79,2024,,,higher=worse,OECD,
TR003,Antalya,TR,composite,environment_score,Environment composite score,Environment,fua (composite),,score (0-100),14.04,,,,,derived (V1 approved composites),
TR003,Antalya,TR,composite,mobility_score,Mobility composite score,Mobility,fua (composite),,score (0-100),,,,,,derived (V1 approved composites),
TR003,Antalya,TR,composite,economic_opportunity_score,Economic Opportunity composite score,Economic Opportunity,fua (composite),,score (0-100),35.03,,,,,derived (V1 approved composites),
TR003,Antalya,TR,perception_dimension,perceived_safety,Perceived safety (safe walking at night after dark),Safety,city_core,79.4,"PC (sum of response-category shares, % of respondents)",83.12,2023,,,higher=better,Eurostat,TR003C
TR003,Antalya,TR,perception_dimension,community,Trust / community (generalised trust),Community,city_core,50.7,"PC (sum of response-category shares, % of respondents)",22.5,2023,,,higher=better,Eurostat,TR003C
TR003,Antalya,TR,perception_dimension,life_satisfaction,Life satisfaction (the life you lead),Life Balance,city_core,78.0,"PC (sum of response-category shares, % of respondents)",22.5,2023,,,higher=better,Eurostat,TR003C
TR003,Antalya,TR,perception_dimension,housing_satisfaction,Housing satisfaction (easy to find good housing at a reasonable price),Housing,city_core,42.5,"PC (sum of response-category shares, % of respondents)",81.25,2023,,,higher=better,Eurostat,TR003C
TR003,Antalya,TR,context,population,Population (total),Context,fua,1508134,PS (persons),,2024,,,neutral (context),OECD,
TR003,Antalya,TR,context,commuting_public_transport,Commuting mode share - public transport,Mobility (context),fua,,PT_WR (% of workers),,,,,higher=better,OECD,
TR003,Antalya,TR,context,commuting_bike,Commuting mode share - bicycle,Mobility (context),fua,,PT_WR (% of workers),,,,,higher=better,OECD,
TR003,Antalya,TR,context,commuting_walk,Commuting mode share - walking,Mobility (context),fua,,PT_WR (% of workers),,,,,higher=better,OECD,
TR003,Antalya,TR,context,commuting_car,Commuting mode share - car,Mobility (context),fua,,PT_WR (% of workers),,,,,higher=worse,OECD,
TR004,Balikesir,TR,indicator,pm25,Mean PM2.5 population exposure,Environment,fua,54.70717919191688,MCG_M3 (ug/m3),4.87,2025,,,higher=worse,OECD,
TR004,Balikesir,TR,indicator,green_area,Green area per inhabitant (urban centre),Environment,fua,36,M2_PS (m2/person),2.09,2021,,,higher=better,OECD,
TR004,Balikesir,TR,indicator,public_transport_access,Population with access to public transport (15-minute walk),Mobility,fua,,PT_POP (% population),,,,,higher=better,OECD,
TR004,Balikesir,TR,indicator,employment_rate,Employment rate (15-64),Economic Opportunity,fua,57.8,PT_POP_SUB (% of working-age population),10.52,2024,,,higher=better,OECD,
TR004,Balikesir,TR,indicator,unemployment_rate,Unemployment rate (15-64),Economic Opportunity,fua,6.3,PT_LF_SUB (% of labour force),52.64,2024,,,higher=worse,OECD,
TR004,Balikesir,TR,composite,environment_score,Environment composite score,Environment,fua (composite),,score (0-100),3.48,,,,,derived (V1 approved composites),
TR004,Balikesir,TR,composite,mobility_score,Mobility composite score,Mobility,fua (composite),,score (0-100),,,,,,derived (V1 approved composites),
TR004,Balikesir,TR,composite,economic_opportunity_score,Economic Opportunity composite score,Economic Opportunity,fua (composite),,score (0-100),31.58,,,,,derived (V1 approved composites),
TR004,Balikesir,TR,context,population,Population (total),Context,fua,375778,PS (persons),,2024,,,neutral (context),OECD,
TR004,Balikesir,TR,context,commuting_public_transport,Commuting mode share - public transport,Mobility (context),fua,,PT_WR (% of workers),,,,,higher=better,OECD,
TR004,Balikesir,TR,context,commuting_bike,Commuting mode share - bicycle,Mobility (context),fua,,PT_WR (% of workers),,,,,higher=better,OECD,
TR004,Balikesir,TR,context,commuting_walk,Commuting mode share - walking,Mobility (context),fua,,PT_WR (% of workers),,,,,higher=better,OECD,
TR004,Balikesir,TR,context,commuting_car,Commuting mode share - car,Mobility (context),fua,,PT_WR (% of workers),,,,,higher=worse,OECD,
TR005,Bursa,TR,indicator,pm25,Mean PM2.5 population exposure,Environment,fua,68.9080315447348,MCG_M3 (ug/m3),1.03,2025,,,higher=worse,OECD,
TR005,Bursa,TR,indicator,green_area,Green area per inhabitant (urban centre),Environment,fua,31,M2_PS (m2/person),1.12,2021,,,higher=better,OECD,
TR005,Bursa,TR,indicator,public_transport_access,Population with access to public transport (15-minute walk),Mobility,fua,,PT_POP (% population),,,,,higher=better,OECD,
TR005,Bursa,TR,indicator,employment_rate,Employment rate (15-64),Economic Opportunity,fua,56.2,PT_POP_SUB (% of working-age population),8.12,2024,,,higher=better,OECD,
TR005,Bursa,TR,indicator,unemployment_rate,Unemployment rate (15-64),Economic Opportunity,fua,9,PT_LF_SUB (% of labour force),18.87,2024,,,higher=worse,OECD,
TR005,Bursa,TR,composite,environment_score,Environment composite score,Environment,fua (composite),,score (0-100),1.08,,,,,derived (V1 approved composites),
TR005,Bursa,TR,composite,mobility_score,Mobility composite score,Mobility,fua (composite),,score (0-100),,,,,,derived (V1 approved composites),
TR005,Bursa,TR,composite,economic_opportunity_score,Economic Opportunity composite score,Economic Opportunity,fua (composite),,score (0-100),13.5,,,,,derived (V1 approved composites),
TR005,Bursa,TR,context,population,Population (total),Context,fua,2102169,PS (persons),,2024,,,neutral (context),OECD,
TR005,Bursa,TR,context,commuting_public_transport,Commuting mode share - public transport,Mobility (context),fua,,PT_WR (% of workers),,,,,higher=better,OECD,
TR005,Bursa,TR,context,commuting_bike,Commuting mode share - bicycle,Mobility (context),fua,,PT_WR (% of workers),,,,,higher=better,OECD,
TR005,Bursa,TR,context,commuting_walk,Commuting mode share - walking,Mobility (context),fua,,PT_WR (% of workers),,,,,higher=better,OECD,
TR005,Bursa,TR,context,commuting_car,Commuting mode share - car,Mobility (context),fua,,PT_WR (% of workers),,,,,higher=worse,OECD,
TR006,Denizli,TR,indicator,pm25,Mean PM2.5 population exposure,Environment,fua,48.49210812755127,MCG_M3 (ug/m3),8.12,2025,,,higher=worse,OECD,
TR006,Denizli,TR,indicator,green_area,Green area per inhabitant (urban centre),Environment,fua,63,M2_PS (m2/person),9.07,2021,,,higher=better,OECD,
TR006,Denizli,TR,indicator,public_transport_access,Population with access to public transport (15-minute walk),Mobility,fua,,PT_POP (% population),,,,,higher=better,OECD,
TR006,Denizli,TR,indicator,employment_rate,Employment rate (15-64),Economic Opportunity,fua,57.8,PT_POP_SUB (% of working-age population),10.52,2024,,,higher=better,OECD,
TR006,Denizli,TR,indicator,unemployment_rate,Unemployment rate (15-64),Economic Opportunity,fua,8.3,PT_LF_SUB (% of labour force),25.28,2024,,,higher=worse,OECD,
TR006,Denizli,TR,composite,environment_score,Environment composite score,Environment,fua (composite),,score (0-100),8.59,,,,,derived (V1 approved composites),
TR006,Denizli,TR,composite,mobility_score,Mobility composite score,Mobility,fua (composite),,score (0-100),,,,,,derived (V1 approved composites),
TR006,Denizli,TR,composite,economic_opportunity_score,Economic Opportunity composite score,Economic Opportunity,fua (composite),,score (0-100),17.9,,,,,derived (V1 approved composites),
TR006,Denizli,TR,context,population,Population (total),Context,fua,691783,PS (persons),,2024,,,neutral (context),OECD,
TR006,Denizli,TR,context,commuting_public_transport,Commuting mode share - public transport,Mobility (context),fua,,PT_WR (% of workers),,,,,higher=better,OECD,
TR006,Denizli,TR,context,commuting_bike,Commuting mode share - bicycle,Mobility (context),fua,,PT_WR (% of workers),,,,,higher=better,OECD,
TR006,Denizli,TR,context,commuting_walk,Commuting mode share - walking,Mobility (context),fua,,PT_WR (% of workers),,,,,higher=better,OECD,
TR006,Denizli,TR,context,commuting_car,Commuting mode share - car,Mobility (context),fua,,PT_WR (% of workers),,,,,higher=worse,OECD,
TR007,Diyarbakir,TR,indicator,pm25,Mean PM2.5 population exposure,Environment,fua,59.99539238525718,MCG_M3 (ug/m3),2.81,2025,,,higher=worse,OECD,
TR007,Diyarbakir,TR,indicator,green_area,Green area per inhabitant (urban centre),Environment,fua,39,M2_PS (m2/person),2.65,2021,,,higher=better,OECD,
TR007,Diyarbakir,TR,indicator,public_transport_access,Population with access to public transport (15-minute walk),Mobility,fua,,PT_POP (% population),,,,,higher=better,OECD,
TR007,Diyarbakir,TR,indicator,employment_rate,Employment rate (15-64),Economic Opportunity,fua,40.9,PT_POP_SUB (% of working-age population),0.92,2024,,,higher=better,OECD,
TR007,Diyarbakir,TR,indicator,unemployment_rate,Unemployment rate (15-64),Economic Opportunity,fua,9.4,PT_LF_SUB (% of labour force),14.34,2024,,,higher=worse,OECD,
TR007,Diyarbakir,TR,composite,environment_score,Environment composite score,Environment,fua (composite),,score (0-100),2.73,,,,,derived (V1 approved composites),
TR007,Diyarbakir,TR,composite,mobility_score,Mobility composite score,Mobility,fua (composite),,score (0-100),,,,,,derived (V1 approved composites),
TR007,Diyarbakir,TR,composite,economic_opportunity_score,Economic Opportunity composite score,Economic Opportunity,fua (composite),,score (0-100),7.63,,,,,derived (V1 approved composites),
TR007,Diyarbakir,TR,perception_dimension,perceived_safety,Perceived safety (safe walking at night after dark),Safety,city_core,73.1,"PC (sum of response-category shares, % of respondents)",59.38,2023,,,higher=better,Eurostat,TR007C
TR007,Diyarbakir,TR,perception_dimension,community,Trust / community (generalised trust),Community,city_core,75.9,"PC (sum of response-category shares, % of respondents)",82.5,2023,,,higher=better,Eurostat,TR007C
TR007,Diyarbakir,TR,perception_dimension,life_satisfaction,Life satisfaction (the life you lead),Life Balance,city_core,71.1,"PC (sum of response-category shares, % of respondents)",7.5,2023,,,higher=better,Eurostat,TR007C
TR007,Diyarbakir,TR,perception_dimension,housing_satisfaction,Housing satisfaction (easy to find good housing at a reasonable price),Housing,city_core,48.3,"PC (sum of response-category shares, % of respondents)",88.75,2023,,,higher=better,Eurostat,TR007C
TR007,Diyarbakir,TR,context,population,Population (total),Context,fua,1164940,PS (persons),,2024,,,neutral (context),OECD,
TR007,Diyarbakir,TR,context,commuting_public_transport,Commuting mode share - public transport,Mobility (context),fua,,PT_WR (% of workers),,,,,higher=better,OECD,
TR007,Diyarbakir,TR,context,commuting_bike,Commuting mode share - bicycle,Mobility (context),fua,,PT_WR (% of workers),,,,,higher=better,OECD,
TR007,Diyarbakir,TR,context,commuting_walk,Commuting mode share - walking,Mobility (context),fua,,PT_WR (% of workers),,,,,higher=better,OECD,
TR007,Diyarbakir,TR,context,commuting_car,Commuting mode share - car,Mobility (context),fua,,PT_WR (% of workers),,,,,higher=worse,OECD,
TR009,Erzurum,TR,indicator,pm25,Mean PM2.5 population exposure,Environment,fua,35.024409135061696,MCG_M3 (ug/m3),27.18,2025,,,higher=worse,OECD,
TR009,Erzurum,TR,indicator,green_area,Green area per inhabitant (urban centre),Environment,fua,78,M2_PS (m2/person),14.29,2021,,,higher=better,OECD,
TR009,Erzurum,TR,indicator,public_transport_access,Population with access to public transport (15-minute walk),Mobility,fua,,PT_POP (% population),,,,,higher=better,OECD,
TR009,Erzurum,TR,indicator,employment_rate,Employment rate (15-64),Economic Opportunity,fua,50.1,PT_POP_SUB (% of working-age population),4.43,2024,,,higher=better,OECD,
TR009,Erzurum,TR,indicator,unemployment_rate,Unemployment rate (15-64),Economic Opportunity,fua,6.7,PT_LF_SUB (% of labour force),45.09,2024,,,higher=worse,OECD,
TR009,Erzurum,TR,composite,environment_score,Environment composite score,Environment,fua (composite),,score (0-100),20.73,,,,,derived (V1 approved composites),
TR009,Erzurum,TR,composite,mobility_score,Mobility composite score,Mobility,fua (composite),,score (0-100),,,,,,derived (V1 approved composites),
TR009,Erzurum,TR,composite,economic_opportunity_score,Economic Opportunity composite score,Economic Opportunity,fua (composite),,score (0-100),24.76,,,,,derived (V1 approved composites),
TR009,Erzurum,TR,context,population,Population (total),Context,fua,440546,PS (persons),,2024,,,neutral (context),OECD,
TR009,Erzurum,TR,context,commuting_public_transport,Commuting mode share - public transport,Mobility (context),fua,,PT_WR (% of workers),,,,,higher=better,OECD,
TR009,Erzurum,TR,context,commuting_bike,Commuting mode share - bicycle,Mobility (context),fua,,PT_WR (% of workers),,,,,higher=better,OECD,
TR009,Erzurum,TR,context,commuting_walk,Commuting mode share - walking,Mobility (context),fua,,PT_WR (% of workers),,,,,higher=better,OECD,
TR009,Erzurum,TR,context,commuting_car,Commuting mode share - car,Mobility (context),fua,,PT_WR (% of workers),,,,,higher=worse,OECD,
TR010,Gaziantep,TR,indicator,pm25,Mean PM2.5 population exposure,Environment,fua,64.31934523528143,MCG_M3 (ug/m3),2.07,2025,,,higher=worse,OECD,
TR010,Gaziantep,TR,indicator,green_area,Green area per inhabitant (urban centre),Environment,fua,27,M2_PS (m2/person),0.64,2021,,,higher=better,OECD,
TR010,Gaziantep,TR,indicator,public_transport_access,Population with access to public transport (15-minute walk),Mobility,fua,,PT_POP (% population),,,,,higher=better,OECD,
TR010,Gaziantep,TR,indicator,employment_rate,Employment rate (15-64),Economic Opportunity,fua,46.6,PT_POP_SUB (% of working-age population),2.21,2024,,,higher=better,OECD,
TR010,Gaziantep,TR,indicator,unemployment_rate,Unemployment rate (15-64),Economic Opportunity,fua,10.9,PT_LF_SUB (% of labour force),9.43,2024,,,higher=worse,OECD,
TR010,Gaziantep,TR,composite,environment_score,Environment composite score,Environment,fua (composite),,score (0-100),1.35,,,,,derived (V1 approved composites),
TR010,Gaziantep,TR,composite,mobility_score,Mobility composite score,Mobility,fua (composite),,score (0-100),,,,,,derived (V1 approved composites),
TR010,Gaziantep,TR,composite,economic_opportunity_score,Economic Opportunity composite score,Economic Opportunity,fua (composite),,score (0-100),5.82,,,,,derived (V1 approved composites),
TR010,Gaziantep,TR,context,population,Population (total),Context,fua,1835508,PS (persons),,2024,,,neutral (context),OECD,
TR010,Gaziantep,TR,context,commuting_public_transport,Commuting mode share - public transport,Mobility (context),fua,,PT_WR (% of workers),,,,,higher=better,OECD,
TR010,Gaziantep,TR,context,commuting_bike,Commuting mode share - bicycle,Mobility (context),fua,,PT_WR (% of workers),,,,,higher=better,OECD,
TR010,Gaziantep,TR,context,commuting_walk,Commuting mode share - walking,Mobility (context),fua,,PT_WR (% of workers),,,,,higher=better,OECD,
TR010,Gaziantep,TR,context,commuting_car,Commuting mode share - car,Mobility (context),fua,,PT_WR (% of workers),,,,,higher=worse,OECD,
TR011,Hatay,TR,indicator,pm25,Mean PM2.5 population exposure,Environment,fua,58.18562826488896,MCG_M3 (ug/m3),3.4,2025,,,higher=worse,OECD,
TR011,Hatay,TR,indicator,green_area,Green area per inhabitant (urban centre),Environment,fua,74,M2_PS (m2/person),13.24,2021,,,higher=better,OECD,
TR011,Hatay,TR,indicator,public_transport_access,Population with access to public transport (15-minute walk),Mobility,fua,,PT_POP (% population),,,,,higher=better,OECD,
TR011,Hatay,TR,indicator,employment_rate,Employment rate (15-64),Economic Opportunity,fua,49.8,PT_POP_SUB (% of working-age population),3.87,2024,,,higher=better,OECD,
TR011,Hatay,TR,indicator,unemployment_rate,Unemployment rate (15-64),Economic Opportunity,fua,12,PT_LF_SUB (% of labour force),7.55,2024,,,higher=worse,OECD,
TR011,Hatay,TR,composite,environment_score,Environment composite score,Environment,fua (composite),,score (0-100),8.32,,,,,derived (V1 approved composites),
TR011,Hatay,TR,composite,mobility_score,Mobility composite score,Mobility,fua (composite),,score (0-100),,,,,,derived (V1 approved composites),
TR011,Hatay,TR,composite,economic_opportunity_score,Economic Opportunity composite score,Economic Opportunity,fua (composite),,score (0-100),5.71,,,,,derived (V1 approved composites),
TR011,Hatay,TR,context,population,Population (total),Context,fua,440536,PS (persons),,2024,,,neutral (context),OECD,
TR011,Hatay,TR,context,commuting_public_transport,Commuting mode share - public transport,Mobility (context),fua,,PT_WR (% of workers),,,,,higher=better,OECD,
TR011,Hatay,TR,context,commuting_bike,Commuting mode share - bicycle,Mobility (context),fua,,PT_WR (% of workers),,,,,higher=better,OECD,
TR011,Hatay,TR,context,commuting_walk,Commuting mode share - walking,Mobility (context),fua,,PT_WR (% of workers),,,,,higher=better,OECD,
TR011,Hatay,TR,context,commuting_car,Commuting mode share - car,Mobility (context),fua,,PT_WR (% of workers),,,,,higher=worse,OECD,
TR012,Istanbul,TR,indicator,pm25,Mean PM2.5 population exposure,Environment,fua,72.7018720198803,MCG_M3 (ug/m3),0.3,2025,,,higher=worse,OECD,
TR012,Istanbul,TR,indicator,green_area,Green area per inhabitant (urban centre),Environment,fua,30,M2_PS (m2/person),0.8,2021,,,higher=better,OECD,
TR012,Istanbul,TR,indicator,public_transport_access,Population with access to public transport (15-minute walk),Mobility,fua,,PT_POP (% population),,,,,higher=better,OECD,
TR012,Istanbul,TR,indicator,employment_rate,Employment rate (15-64),Economic Opportunity,fua,57.6,PT_POP_SUB (% of working-age population),9.96,2024,,,higher=better,OECD,
TR012,Istanbul,TR,indicator,unemployment_rate,Unemployment rate (15-64),Economic Opportunity,fua,8.8,PT_LF_SUB (% of labour force),21.51,2024,,,higher=worse,OECD,
TR012,Istanbul,TR,composite,environment_score,Environment composite score,Environment,fua (composite),,score (0-100),0.55,,,,,derived (V1 approved composites),
TR012,Istanbul,TR,composite,mobility_score,Mobility composite score,Mobility,fua (composite),,score (0-100),,,,,,derived (V1 approved composites),
TR012,Istanbul,TR,composite,economic_opportunity_score,Economic Opportunity composite score,Economic Opportunity,fua (composite),,score (0-100),15.74,,,,,derived (V1 approved composites),
TR012,Istanbul,TR,perception_dimension,perceived_safety,Perceived safety (safe walking at night after dark),Safety,city_core,43.7,"PC (sum of response-category shares, % of respondents)",7.5,2023,,,higher=better,Eurostat,TR012C
TR012,Istanbul,TR,perception_dimension,community,Trust / community (generalised trust),Community,city_core,27.2,"PC (sum of response-category shares, % of respondents)",1.25,2023,,,higher=better,Eurostat,TR012C
TR012,Istanbul,TR,perception_dimension,life_satisfaction,Life satisfaction (the life you lead),Life Balance,city_core,67.7,"PC (sum of response-category shares, % of respondents)",3.75,2023,,,higher=better,Eurostat,TR012C
TR012,Istanbul,TR,perception_dimension,housing_satisfaction,Housing satisfaction (easy to find good housing at a reasonable price),Housing,city_core,10.2,"PC (sum of response-category shares, % of respondents)",3.75,2023,,,higher=better,Eurostat,TR012C
TR012,Istanbul,TR,context,population,Population (total),Context,fua,13638945,PS (persons),,2024,,,neutral (context),OECD,
TR012,Istanbul,TR,context,commuting_public_transport,Commuting mode share - public transport,Mobility (context),fua,,PT_WR (% of workers),,,,,higher=better,OECD,
TR012,Istanbul,TR,context,commuting_bike,Commuting mode share - bicycle,Mobility (context),fua,,PT_WR (% of workers),,,,,higher=better,OECD,
TR012,Istanbul,TR,context,commuting_walk,Commuting mode share - walking,Mobility (context),fua,,PT_WR (% of workers),,,,,higher=better,OECD,
TR012,Istanbul,TR,context,commuting_car,Commuting mode share - car,Mobility (context),fua,,PT_WR (% of workers),,,,,higher=worse,OECD,
TR013,Izmir,TR,indicator,pm25,Mean PM2.5 population exposure,Environment,fua,70.78994013728172,MCG_M3 (ug/m3),0.74,2025,,,higher=worse,OECD,
TR013,Izmir,TR,indicator,green_area,Green area per inhabitant (urban centre),Environment,fua,49,M2_PS (m2/person),4.41,2021,,,higher=better,OECD,
TR013,Izmir,TR,indicator,public_transport_access,Population with access to public transport (15-minute walk),Mobility,fua,98.1,PT_POP (% population),85.68,2023,,,higher=better,OECD,
TR013,Izmir,TR,indicator,employment_rate,Employment rate (15-64),Economic Opportunity,fua,57.1,PT_POP_SUB (% of working-age population),9.59,2024,,,higher=better,OECD,
TR013,Izmir,TR,indicator,unemployment_rate,Unemployment rate (15-64),Economic Opportunity,fua,11.1,PT_LF_SUB (% of labour force),8.68,2024,,,higher=worse,OECD,
TR013,Izmir,TR,composite,environment_score,Environment composite score,Environment,fua (composite),,score (0-100),2.58,,,,,derived (V1 approved composites),
TR013,Izmir,TR,composite,mobility_score,Mobility composite score,Mobility,fua (composite),,score (0-100),85.68,,,,,derived (V1 approved composites),
TR013,Izmir,TR,composite,economic_opportunity_score,Economic Opportunity composite score,Economic Opportunity,fua (composite),,score (0-100),9.13,,,,,derived (V1 approved composites),
TR013,Izmir,TR,context,population,Population (total),Context,fua,2938292,PS (persons),,2024,,,neutral (context),OECD,
TR013,Izmir,TR,context,commuting_public_transport,Commuting mode share - public transport,Mobility (context),fua,,PT_WR (% of workers),,,,,higher=better,OECD,
TR013,Izmir,TR,context,commuting_bike,Commuting mode share - bicycle,Mobility (context),fua,,PT_WR (% of workers),,,,,higher=better,OECD,
TR013,Izmir,TR,context,commuting_walk,Commuting mode share - walking,Mobility (context),fua,,PT_WR (% of workers),,,,,higher=better,OECD,
TR013,Izmir,TR,context,commuting_car,Commuting mode share - car,Mobility (context),fua,,PT_WR (% of workers),,,,,higher=worse,OECD,
TR016,Kayseri,TR,indicator,pm25,Mean PM2.5 population exposure,Environment,fua,50.01240405008831,MCG_M3 (ug/m3),6.79,2025,,,higher=worse,OECD,
TR016,Kayseri,TR,indicator,green_area,Green area per inhabitant (urban centre),Environment,fua,50,M2_PS (m2/person),4.82,2021,,,higher=better,OECD,
TR016,Kayseri,TR,indicator,public_transport_access,Population with access to public transport (15-minute walk),Mobility,fua,,PT_POP (% population),,,,,higher=better,OECD,
TR016,Kayseri,TR,indicator,employment_rate,Employment rate (15-64),Economic Opportunity,fua,49.8,PT_POP_SUB (% of working-age population),3.87,2024,,,higher=better,OECD,
TR016,Kayseri,TR,indicator,unemployment_rate,Unemployment rate (15-64),Economic Opportunity,fua,9.3,PT_LF_SUB (% of labour force),15.09,2024,,,higher=worse,OECD,
TR016,Kayseri,TR,composite,environment_score,Environment composite score,Environment,fua (composite),,score (0-100),5.8,,,,,derived (V1 approved composites),
TR016,Kayseri,TR,composite,mobility_score,Mobility composite score,Mobility,fua (composite),,score (0-100),,,,,,derived (V1 approved composites),
TR016,Kayseri,TR,composite,economic_opportunity_score,Economic Opportunity composite score,Economic Opportunity,fua (composite),,score (0-100),9.48,,,,,derived (V1 approved composites),
TR016,Kayseri,TR,context,population,Population (total),Context,fua,1191072,PS (persons),,2024,,,neutral (context),OECD,
TR016,Kayseri,TR,context,commuting_public_transport,Commuting mode share - public transport,Mobility (context),fua,,PT_WR (% of workers),,,,,higher=better,OECD,
TR016,Kayseri,TR,context,commuting_bike,Commuting mode share - bicycle,Mobility (context),fua,,PT_WR (% of workers),,,,,higher=better,OECD,
TR016,Kayseri,TR,context,commuting_walk,Commuting mode share - walking,Mobility (context),fua,,PT_WR (% of workers),,,,,higher=better,OECD,
TR016,Kayseri,TR,context,commuting_car,Commuting mode share - car,Mobility (context),fua,,PT_WR (% of workers),,,,,higher=worse,OECD,
TR017,Kocaeli,TR,indicator,pm25,Mean PM2.5 population exposure,Environment,fua,67.56898058411232,MCG_M3 (ug/m3),1.33,2025,,,higher=worse,OECD,
TR017,Kocaeli,TR,indicator,green_area,Green area per inhabitant (urban centre),Environment,fua,93,M2_PS (m2/person),21.11,2021,,,higher=better,OECD,
TR017,Kocaeli,TR,indicator,public_transport_access,Population with access to public transport (15-minute walk),Mobility,fua,94.5,PT_POP (% population),49.34,2023,,,higher=better,OECD,
TR017,Kocaeli,TR,indicator,employment_rate,Employment rate (15-64),Economic Opportunity,fua,58,PT_POP_SUB (% of working-age population),11.07,2024,,,higher=better,OECD,
TR017,Kocaeli,TR,indicator,unemployment_rate,Unemployment rate (15-64),Economic Opportunity,fua,8.7,PT_LF_SUB (% of labour force),22.45,2024,,,higher=worse,OECD,
TR017,Kocaeli,TR,composite,environment_score,Environment composite score,Environment,fua (composite),,score (0-100),11.22,,,,,derived (V1 approved composites),
TR017,Kocaeli,TR,composite,mobility_score,Mobility composite score,Mobility,fua (composite),,score (0-100),49.34,,,,,derived (V1 approved composites),
TR017,Kocaeli,TR,composite,economic_opportunity_score,Economic Opportunity composite score,Economic Opportunity,fua (composite),,score (0-100),16.76,,,,,derived (V1 approved composites),
TR017,Kocaeli,TR,context,population,Population (total),Context,fua,653643,PS (persons),,2024,,,neutral (context),OECD,
TR017,Kocaeli,TR,context,commuting_public_transport,Commuting mode share - public transport,Mobility (context),fua,,PT_WR (% of workers),,,,,higher=better,OECD,
TR017,Kocaeli,TR,context,commuting_bike,Commuting mode share - bicycle,Mobility (context),fua,,PT_WR (% of workers),,,,,higher=better,OECD,
TR017,Kocaeli,TR,context,commuting_walk,Commuting mode share - walking,Mobility (context),fua,,PT_WR (% of workers),,,,,higher=better,OECD,
TR017,Kocaeli,TR,context,commuting_car,Commuting mode share - car,Mobility (context),fua,,PT_WR (% of workers),,,,,higher=worse,OECD,
TR018,Konya,TR,indicator,pm25,Mean PM2.5 population exposure,Environment,fua,40.73842801065699,MCG_M3 (ug/m3),14.62,2025,,,higher=worse,OECD,
TR018,Konya,TR,indicator,green_area,Green area per inhabitant (urban centre),Environment,fua,53,M2_PS (m2/person),5.78,2021,,,higher=better,OECD,
TR018,Konya,TR,indicator,public_transport_access,Population with access to public transport (15-minute walk),Mobility,fua,,PT_POP (% population),,,,,higher=better,OECD,
TR018,Konya,TR,indicator,employment_rate,Employment rate (15-64),Economic Opportunity,fua,51.9,PT_POP_SUB (% of working-age population),5.54,2024,,,higher=better,OECD,
TR018,Konya,TR,indicator,unemployment_rate,Unemployment rate (15-64),Economic Opportunity,fua,7.9,PT_LF_SUB (% of labour force),28.68,2024,,,higher=worse,OECD,
TR018,Konya,TR,composite,environment_score,Environment composite score,Environment,fua (composite),,score (0-100),10.2,,,,,derived (V1 approved composites),
TR018,Konya,TR,composite,mobility_score,Mobility composite score,Mobility,fua (composite),,score (0-100),,,,,,derived (V1 approved composites),
TR018,Konya,TR,composite,economic_opportunity_score,Economic Opportunity composite score,Economic Opportunity,fua (composite),,score (0-100),17.11,,,,,derived (V1 approved composites),
TR018,Konya,TR,context,population,Population (total),Context,fua,1433861,PS (persons),,2024,,,neutral (context),OECD,
TR018,Konya,TR,context,commuting_public_transport,Commuting mode share - public transport,Mobility (context),fua,,PT_WR (% of workers),,,,,higher=better,OECD,
TR018,Konya,TR,context,commuting_bike,Commuting mode share - bicycle,Mobility (context),fua,,PT_WR (% of workers),,,,,higher=better,OECD,
TR018,Konya,TR,context,commuting_walk,Commuting mode share - walking,Mobility (context),fua,,PT_WR (% of workers),,,,,higher=better,OECD,
TR018,Konya,TR,context,commuting_car,Commuting mode share - car,Mobility (context),fua,,PT_WR (% of workers),,,,,higher=worse,OECD,
TR019,Malatya,TR,indicator,pm25,Mean PM2.5 population exposure,Environment,fua,54.8093326666722,MCG_M3 (ug/m3),4.58,2025,,,higher=worse,OECD,
TR019,Malatya,TR,indicator,green_area,Green area per inhabitant (urban centre),Environment,fua,47,M2_PS (m2/person),3.77,2021,,,higher=better,OECD,
TR019,Malatya,TR,indicator,public_transport_access,Population with access to public transport (15-minute walk),Mobility,fua,,PT_POP (% population),,,,,higher=better,OECD,
TR019,Malatya,TR,indicator,employment_rate,Employment rate (15-64),Economic Opportunity,fua,48.8,PT_POP_SUB (% of working-age population),3.32,2024,,,higher=better,OECD,
TR019,Malatya,TR,indicator,unemployment_rate,Unemployment rate (15-64),Economic Opportunity,fua,6.3,PT_LF_SUB (% of labour force),52.64,2024,,,higher=worse,OECD,
TR019,Malatya,TR,composite,environment_score,Environment composite score,Environment,fua (composite),,score (0-100),4.17,,,,,derived (V1 approved composites),
TR019,Malatya,TR,composite,mobility_score,Mobility composite score,Mobility,fua (composite),,score (0-100),,,,,,derived (V1 approved composites),
TR019,Malatya,TR,composite,economic_opportunity_score,Economic Opportunity composite score,Economic Opportunity,fua (composite),,score (0-100),27.98,,,,,derived (V1 approved composites),
TR019,Malatya,TR,context,population,Population (total),Context,fua,575158,PS (persons),,2024,,,neutral (context),OECD,
TR019,Malatya,TR,context,commuting_public_transport,Commuting mode share - public transport,Mobility (context),fua,,PT_WR (% of workers),,,,,higher=better,OECD,
TR019,Malatya,TR,context,commuting_bike,Commuting mode share - bicycle,Mobility (context),fua,,PT_WR (% of workers),,,,,higher=better,OECD,
TR019,Malatya,TR,context,commuting_walk,Commuting mode share - walking,Mobility (context),fua,,PT_WR (% of workers),,,,,higher=better,OECD,
TR019,Malatya,TR,context,commuting_car,Commuting mode share - car,Mobility (context),fua,,PT_WR (% of workers),,,,,higher=worse,OECD,
TR020,Manisa,TR,indicator,pm25,Mean PM2.5 population exposure,Environment,fua,58.985883468018535,MCG_M3 (ug/m3),3.1,2025,,,higher=worse,OECD,
TR020,Manisa,TR,indicator,green_area,Green area per inhabitant (urban centre),Environment,fua,33,M2_PS (m2/person),1.61,2021,,,higher=better,OECD,
TR020,Manisa,TR,indicator,public_transport_access,Population with access to public transport (15-minute walk),Mobility,fua,,PT_POP (% population),,,,,higher=better,OECD,
TR020,Manisa,TR,indicator,employment_rate,Employment rate (15-64),Economic Opportunity,fua,56.6,PT_POP_SUB (% of working-age population),8.49,2024,,,higher=better,OECD,
TR020,Manisa,TR,indicator,unemployment_rate,Unemployment rate (15-64),Economic Opportunity,fua,6.7,PT_LF_SUB (% of labour force),45.09,2024,,,higher=worse,OECD,
TR020,Manisa,TR,composite,environment_score,Environment composite score,Environment,fua (composite),,score (0-100),2.35,,,,,derived (V1 approved composites),
TR020,Manisa,TR,composite,mobility_score,Mobility composite score,Mobility,fua (composite),,score (0-100),,,,,,derived (V1 approved composites),
TR020,Manisa,TR,composite,economic_opportunity_score,Economic Opportunity composite score,Economic Opportunity,fua (composite),,score (0-100),26.79,,,,,derived (V1 approved composites),
TR020,Manisa,TR,context,population,Population (total),Context,fua,435388,PS (persons),,2024,,,neutral (context),OECD,
TR020,Manisa,TR,context,commuting_public_transport,Commuting mode share - public transport,Mobility (context),fua,,PT_WR (% of workers),,,,,higher=better,OECD,
TR020,Manisa,TR,context,commuting_bike,Commuting mode share - bicycle,Mobility (context),fua,,PT_WR (% of workers),,,,,higher=better,OECD,
TR020,Manisa,TR,context,commuting_walk,Commuting mode share - walking,Mobility (context),fua,,PT_WR (% of workers),,,,,higher=better,OECD,
TR020,Manisa,TR,context,commuting_car,Commuting mode share - car,Mobility (context),fua,,PT_WR (% of workers),,,,,higher=worse,OECD,
TR022,Samsun,TR,indicator,pm25,Mean PM2.5 population exposure,Environment,fua,51.47812439343352,MCG_M3 (ug/m3),5.61,2025,,,higher=worse,OECD,
TR022,Samsun,TR,indicator,green_area,Green area per inhabitant (urban centre),Environment,fua,31,M2_PS (m2/person),1.12,2021,,,higher=better,OECD,
TR022,Samsun,TR,indicator,public_transport_access,Population with access to public transport (15-minute walk),Mobility,fua,,PT_POP (% population),,,,,higher=better,OECD,
TR022,Samsun,TR,indicator,employment_rate,Employment rate (15-64),Economic Opportunity,fua,53.4,PT_POP_SUB (% of working-age population),6.46,2024,,,higher=better,OECD,
TR022,Samsun,TR,indicator,unemployment_rate,Unemployment rate (15-64),Economic Opportunity,fua,7.3,PT_LF_SUB (% of labour force),37.74,2024,,,higher=worse,OECD,
TR022,Samsun,TR,composite,environment_score,Environment composite score,Environment,fua (composite),,score (0-100),3.37,,,,,derived (V1 approved composites),
TR022,Samsun,TR,composite,mobility_score,Mobility composite score,Mobility,fua (composite),,score (0-100),,,,,,derived (V1 approved composites),
TR022,Samsun,TR,composite,economic_opportunity_score,Economic Opportunity composite score,Economic Opportunity,fua (composite),,score (0-100),22.1,,,,,derived (V1 approved composites),
TR022,Samsun,TR,context,population,Population (total),Context,fua,679803,PS (persons),,2024,,,neutral (context),OECD,
TR022,Samsun,TR,context,commuting_public_transport,Commuting mode share - public transport,Mobility (context),fua,,PT_WR (% of workers),,,,,higher=better,OECD,
TR022,Samsun,TR,context,commuting_bike,Commuting mode share - bicycle,Mobility (context),fua,,PT_WR (% of workers),,,,,higher=better,OECD,
TR022,Samsun,TR,context,commuting_walk,Commuting mode share - walking,Mobility (context),fua,,PT_WR (% of workers),,,,,higher=better,OECD,
TR022,Samsun,TR,context,commuting_car,Commuting mode share - car,Mobility (context),fua,,PT_WR (% of workers),,,,,higher=worse,OECD,
TR024,Trabzon,TR,indicator,pm25,Mean PM2.5 population exposure,Environment,fua,37.47648448372905,MCG_M3 (ug/m3),20.24,2025,,,higher=worse,OECD,
TR024,Trabzon,TR,indicator,green_area,Green area per inhabitant (urban centre),Environment,fua,61,M2_PS (m2/person),8.67,2021,,,higher=better,OECD,
TR024,Trabzon,TR,indicator,public_transport_access,Population with access to public transport (15-minute walk),Mobility,fua,,PT_POP (% population),,,,,higher=better,OECD,
TR024,Trabzon,TR,indicator,employment_rate,Employment rate (15-64),Economic Opportunity,fua,55.3,PT_POP_SUB (% of working-age population),7.75,2024,,,higher=better,OECD,
TR024,Trabzon,TR,indicator,unemployment_rate,Unemployment rate (15-64),Economic Opportunity,fua,8.6,PT_LF_SUB (% of labour force),23.96,2024,,,higher=worse,OECD,
TR024,Trabzon,TR,composite,environment_score,Environment composite score,Environment,fua (composite),,score (0-100),14.45,,,,,derived (V1 approved composites),
TR024,Trabzon,TR,composite,mobility_score,Mobility composite score,Mobility,fua (composite),,score (0-100),,,,,,derived (V1 approved composites),
TR024,Trabzon,TR,composite,economic_opportunity_score,Economic Opportunity composite score,Economic Opportunity,fua (composite),,score (0-100),15.86,,,,,derived (V1 approved composites),
TR024,Trabzon,TR,context,population,Population (total),Context,fua,330836,PS (persons),,2024,,,neutral (context),OECD,
TR024,Trabzon,TR,context,commuting_public_transport,Commuting mode share - public transport,Mobility (context),fua,,PT_WR (% of workers),,,,,higher=better,OECD,
TR024,Trabzon,TR,context,commuting_bike,Commuting mode share - bicycle,Mobility (context),fua,,PT_WR (% of workers),,,,,higher=better,OECD,
TR024,Trabzon,TR,context,commuting_walk,Commuting mode share - walking,Mobility (context),fua,,PT_WR (% of workers),,,,,higher=better,OECD,
TR024,Trabzon,TR,context,commuting_car,Commuting mode share - car,Mobility (context),fua,,PT_WR (% of workers),,,,,higher=worse,OECD,
TR025,Van,TR,indicator,pm25,Mean PM2.5 population exposure,Environment,fua,49.54758074836472,MCG_M3 (ug/m3),7.09,2025,,,higher=worse,OECD,
TR025,Van,TR,indicator,green_area,Green area per inhabitant (urban centre),Environment,fua,49,M2_PS (m2/person),4.41,2021,,,higher=better,OECD,
TR025,Van,TR,indicator,public_transport_access,Population with access to public transport (15-minute walk),Mobility,fua,,PT_POP (% population),,,,,higher=better,OECD,
TR025,Van,TR,indicator,employment_rate,Employment rate (15-64),Economic Opportunity,fua,39.5,PT_POP_SUB (% of working-age population),0.37,2024,,,higher=better,OECD,
TR025,Van,TR,indicator,unemployment_rate,Unemployment rate (15-64),Economic Opportunity,fua,15.4,PT_LF_SUB (% of labour force),2.26,2024,,,higher=worse,OECD,
TR025,Van,TR,composite,environment_score,Environment composite score,Environment,fua (composite),,score (0-100),5.75,,,,,derived (V1 approved composites),
TR025,Van,TR,composite,mobility_score,Mobility composite score,Mobility,fua (composite),,score (0-100),,,,,,derived (V1 approved composites),
TR025,Van,TR,composite,economic_opportunity_score,Economic Opportunity composite score,Economic Opportunity,fua (composite),,score (0-100),1.31,,,,,derived (V1 approved composites),
TR025,Van,TR,context,population,Population (total),Context,fua,522862,PS (persons),,2024,,,neutral (context),OECD,
TR025,Van,TR,context,commuting_public_transport,Commuting mode share - public transport,Mobility (context),fua,,PT_WR (% of workers),,,,,higher=better,OECD,
TR025,Van,TR,context,commuting_bike,Commuting mode share - bicycle,Mobility (context),fua,,PT_WR (% of workers),,,,,higher=better,OECD,
TR025,Van,TR,context,commuting_walk,Commuting mode share - walking,Mobility (context),fua,,PT_WR (% of workers),,,,,higher=better,OECD,
TR025,Van,TR,context,commuting_car,Commuting mode share - car,Mobility (context),fua,,PT_WR (% of workers),,,,,higher=worse,OECD,
UK001,London,UK,indicator,pm25,Mean PM2.5 population exposure,Environment,fua,26.888539119002935,MCG_M3 (ug/m3),62.04,2025,,,higher=worse,OECD,
UK001,London,UK,indicator,green_area,Green area per inhabitant (urban centre),Environment,fua,95,M2_PS (m2/person),22.23,2021,,,higher=better,OECD,
UK001,London,UK,indicator,public_transport_access,Population with access to public transport (15-minute walk),Mobility,fua,98.7,PT_POP (% population),93.5,2023,,,higher=better,OECD,
UK001,London,UK,indicator,employment_rate,Employment rate (15-64),Economic Opportunity,fua,,PT_POP_SUB (% of working-age population),,,,,higher=better,OECD,
UK001,London,UK,indicator,unemployment_rate,Unemployment rate (15-64),Economic Opportunity,fua,,PT_LF_SUB (% of labour force),,,,,higher=worse,OECD,
UK001,London,UK,composite,environment_score,Environment composite score,Environment,fua (composite),,score (0-100),42.13,,,,,derived (V1 approved composites),
UK001,London,UK,composite,mobility_score,Mobility composite score,Mobility,fua (composite),,score (0-100),93.5,,,,,derived (V1 approved composites),
UK001,London,UK,composite,economic_opportunity_score,Economic Opportunity composite score,Economic Opportunity,fua (composite),,score (0-100),,,,,,derived (V1 approved composites),
UK001,London,UK,perception_dimension,perceived_safety,Perceived safety (safe walking at night after dark),Safety,city_core,58.5,"PC (sum of response-category shares, % of respondents)",20.0,2023,,,higher=better,Eurostat,UK001C
UK001,London,UK,perception_dimension,community,Trust / community (generalised trust),Community,city_core,62.7,"PC (sum of response-category shares, % of respondents)",42.5,2023,,,higher=better,Eurostat,UK001C
UK001,London,UK,perception_dimension,life_satisfaction,Life satisfaction (the life you lead),Life Balance,city_core,83.1,"PC (sum of response-category shares, % of respondents)",38.12,2023,,,higher=better,Eurostat,UK001C
UK001,London,UK,perception_dimension,housing_satisfaction,Housing satisfaction (easy to find good housing at a reasonable price),Housing,city_core,21.1,"PC (sum of response-category shares, % of respondents)",28.75,2023,,,higher=better,Eurostat,UK001C
UK001,London,UK,context,population,Population (total),Context,fua,12666099,PS (persons),,2024,,,neutral (context),OECD,
UK001,London,UK,context,commuting_public_transport,Commuting mode share - public transport,Mobility (context),fua,32.8,PT_WR (% of workers),,2021,,current,higher=better,OECD,
UK001,London,UK,context,commuting_bike,Commuting mode share - bicycle,Mobility (context),fua,4.2,PT_WR (% of workers),,2021,,current,higher=better,OECD,
UK001,London,UK,context,commuting_walk,Commuting mode share - walking,Mobility (context),fua,10.8,PT_WR (% of workers),,2021,,current,higher=better,OECD,
UK001,London,UK,context,commuting_car,Commuting mode share - car,Mobility (context),fua,48.4,PT_WR (% of workers),,2021,,current,higher=worse,OECD,
UK002,West Midlands urban area,UK,indicator,pm25,Mean PM2.5 population exposure,Environment,fua,27.400329853670705,MCG_M3 (ug/m3),59.53,2025,,,higher=worse,OECD,
UK002,West Midlands urban area,UK,indicator,green_area,Green area per inhabitant (urban centre),Environment,fua,138,M2_PS (m2/person),47.35,2021,,,higher=better,OECD,
UK002,West Midlands urban area,UK,indicator,public_transport_access,Population with access to public transport (15-minute walk),Mobility,fua,97.8,PT_POP (% population),81.7,2023,,,higher=better,OECD,
UK002,West Midlands urban area,UK,indicator,employment_rate,Employment rate (15-64),Economic Opportunity,fua,,PT_POP_SUB (% of working-age population),,,,,higher=better,OECD,
UK002,West Midlands urban area,UK,indicator,unemployment_rate,Unemployment rate (15-64),Economic Opportunity,fua,,PT_LF_SUB (% of labour force),,,,,higher=worse,OECD,
UK002,West Midlands urban area,UK,composite,environment_score,Environment composite score,Environment,fua (composite),,score (0-100),53.44,,,,,derived (V1 approved composites),
UK002,West Midlands urban area,UK,composite,mobility_score,Mobility composite score,Mobility,fua (composite),,score (0-100),81.7,,,,,derived (V1 approved composites),
UK002,West Midlands urban area,UK,composite,economic_opportunity_score,Economic Opportunity composite score,Economic Opportunity,fua (composite),,score (0-100),,,,,,derived (V1 approved composites),
UK002,West Midlands urban area,UK,context,population,Population (total),Context,fua,3247941,PS (persons),,2024,,,neutral (context),OECD,
UK002,West Midlands urban area,UK,context,commuting_public_transport,Commuting mode share - public transport,Mobility (context),fua,10.7,PT_WR (% of workers),,2021,,current,higher=better,OECD,
UK002,West Midlands urban area,UK,context,commuting_bike,Commuting mode share - bicycle,Mobility (context),fua,1.5,PT_WR (% of workers),,2021,,current,higher=better,OECD,
UK002,West Midlands urban area,UK,context,commuting_walk,Commuting mode share - walking,Mobility (context),fua,8.3,PT_WR (% of workers),,2021,,current,higher=better,OECD,
UK002,West Midlands urban area,UK,context,commuting_car,Commuting mode share - car,Mobility (context),fua,76.1,PT_WR (% of workers),,2021,,current,higher=worse,OECD,
UK003,Leeds,UK,indicator,pm25,Mean PM2.5 population exposure,Environment,fua,23.651648244773355,MCG_M3 (ug/m3),80.65,2025,,,higher=worse,OECD,
UK003,Leeds,UK,indicator,green_area,Green area per inhabitant (urban centre),Environment,fua,197,M2_PS (m2/person),79.94,2021,,,higher=better,OECD,
UK003,Leeds,UK,indicator,public_transport_access,Population with access to public transport (15-minute walk),Mobility,fua,97.8,PT_POP (% population),81.7,2023,,,higher=better,OECD,
UK003,Leeds,UK,indicator,employment_rate,Employment rate (15-64),Economic Opportunity,fua,,PT_POP_SUB (% of working-age population),,,,,higher=better,OECD,
UK003,Leeds,UK,indicator,unemployment_rate,Unemployment rate (15-64),Economic Opportunity,fua,,PT_LF_SUB (% of labour force),,,,,higher=worse,OECD,
UK003,Leeds,UK,composite,environment_score,Environment composite score,Environment,fua (composite),,score (0-100),80.3,,,,,derived (V1 approved composites),
UK003,Leeds,UK,composite,mobility_score,Mobility composite score,Mobility,fua (composite),,score (0-100),81.7,,,,,derived (V1 approved composites),
UK003,Leeds,UK,composite,economic_opportunity_score,Economic Opportunity composite score,Economic Opportunity,fua (composite),,score (0-100),,,,,,derived (V1 approved composites),
UK003,Leeds,UK,context,population,Population (total),Context,fua,3070506,PS (persons),,2024,,,neutral (context),OECD,
UK003,Leeds,UK,context,commuting_public_transport,Commuting mode share - public transport,Mobility (context),fua,7.8,PT_WR (% of workers),,2021,,current,higher=better,OECD,
UK003,Leeds,UK,context,commuting_bike,Commuting mode share - bicycle,Mobility (context),fua,1.6,PT_WR (% of workers),,2021,,current,higher=better,OECD,
UK003,Leeds,UK,context,commuting_walk,Commuting mode share - walking,Mobility (context),fua,11.8,PT_WR (% of workers),,2021,,current,higher=better,OECD,
UK003,Leeds,UK,context,commuting_car,Commuting mode share - car,Mobility (context),fua,75.1,PT_WR (% of workers),,2021,,current,higher=worse,OECD,
UK004,Glasgow,UK,indicator,pm25,Mean PM2.5 population exposure,Environment,fua,18.148484148206226,MCG_M3 (ug/m3),95.72,2025,,,higher=worse,OECD,
UK004,Glasgow,UK,indicator,green_area,Green area per inhabitant (urban centre),Environment,fua,168,M2_PS (m2/person),66.53,2021,,,higher=better,OECD,
UK004,Glasgow,UK,indicator,public_transport_access,Population with access to public transport (15-minute walk),Mobility,fua,98.4,PT_POP (% population),88.99,2023,,,higher=better,OECD,
UK004,Glasgow,UK,indicator,employment_rate,Employment rate (15-64),Economic Opportunity,fua,,PT_POP_SUB (% of working-age population),,,,,higher=better,OECD,
UK004,Glasgow,UK,indicator,unemployment_rate,Unemployment rate (15-64),Economic Opportunity,fua,,PT_LF_SUB (% of labour force),,,,,higher=worse,OECD,
UK004,Glasgow,UK,composite,environment_score,Environment composite score,Environment,fua (composite),,score (0-100),81.12,,,,,derived (V1 approved composites),
UK004,Glasgow,UK,composite,mobility_score,Mobility composite score,Mobility,fua (composite),,score (0-100),88.99,,,,,derived (V1 approved composites),
UK004,Glasgow,UK,composite,economic_opportunity_score,Economic Opportunity composite score,Economic Opportunity,fua (composite),,score (0-100),,,,,,derived (V1 approved composites),
UK004,Glasgow,UK,perception_dimension,perceived_safety,Perceived safety (safe walking at night after dark),Safety,city_core,68.1,"PC (sum of response-category shares, % of respondents)",45.0,2023,,,higher=better,Eurostat,UK004C
UK004,Glasgow,UK,perception_dimension,community,Trust / community (generalised trust),Community,city_core,77.2,"PC (sum of response-category shares, % of respondents)",86.25,2023,,,higher=better,Eurostat,UK004C
UK004,Glasgow,UK,perception_dimension,life_satisfaction,Life satisfaction (the life you lead),Life Balance,city_core,83.8,"PC (sum of response-category shares, % of respondents)",45.0,2023,,,higher=better,Eurostat,UK004C
UK004,Glasgow,UK,perception_dimension,housing_satisfaction,Housing satisfaction (easy to find good housing at a reasonable price),Housing,city_core,39.1,"PC (sum of response-category shares, % of respondents)",72.5,2023,,,higher=better,Eurostat,UK004C
UK004,Glasgow,UK,context,population,Population (total),Context,fua,1895840,PS (persons),,2024,,,neutral (context),OECD,
UK004,Glasgow,UK,context,commuting_public_transport,Commuting mode share - public transport,Mobility (context),fua,15.3,PT_WR (% of workers),,2021,,current,higher=better,OECD,
UK004,Glasgow,UK,context,commuting_bike,Commuting mode share - bicycle,Mobility (context),fua,1.6,PT_WR (% of workers),,2021,,current,higher=better,OECD,
UK004,Glasgow,UK,context,commuting_walk,Commuting mode share - walking,Mobility (context),fua,8.5,PT_WR (% of workers),,2021,,current,higher=better,OECD,
UK004,Glasgow,UK,context,commuting_car,Commuting mode share - car,Mobility (context),fua,71.6,PT_WR (% of workers),,2021,,current,higher=worse,OECD,
UK006,Liverpool,UK,indicator,pm25,Mean PM2.5 population exposure,Environment,fua,24.22228760561342,MCG_M3 (ug/m3),76.96,2025,,,higher=worse,OECD,
UK006,Liverpool,UK,indicator,green_area,Green area per inhabitant (urban centre),Environment,fua,125,M2_PS (m2/person),39.17,2021,,,higher=better,OECD,
UK006,Liverpool,UK,indicator,public_transport_access,Population with access to public transport (15-minute walk),Mobility,fua,99.2,PT_POP (% population),96.95,2023,,,higher=better,OECD,
UK006,Liverpool,UK,indicator,employment_rate,Employment rate (15-64),Economic Opportunity,fua,,PT_POP_SUB (% of working-age population),,,,,higher=better,OECD,
UK006,Liverpool,UK,indicator,unemployment_rate,Unemployment rate (15-64),Economic Opportunity,fua,,PT_LF_SUB (% of labour force),,,,,higher=worse,OECD,
UK006,Liverpool,UK,composite,environment_score,Environment composite score,Environment,fua (composite),,score (0-100),58.06,,,,,derived (V1 approved composites),
UK006,Liverpool,UK,composite,mobility_score,Mobility composite score,Mobility,fua (composite),,score (0-100),96.95,,,,,derived (V1 approved composites),
UK006,Liverpool,UK,composite,economic_opportunity_score,Economic Opportunity composite score,Economic Opportunity,fua (composite),,score (0-100),,,,,,derived (V1 approved composites),
UK006,Liverpool,UK,context,population,Population (total),Context,fua,1597536,PS (persons),,2024,,,neutral (context),OECD,
UK006,Liverpool,UK,context,commuting_public_transport,Commuting mode share - public transport,Mobility (context),fua,11.8,PT_WR (% of workers),,2021,,current,higher=better,OECD,
UK006,Liverpool,UK,context,commuting_bike,Commuting mode share - bicycle,Mobility (context),fua,2.4,PT_WR (% of workers),,2021,,current,higher=better,OECD,
UK006,Liverpool,UK,context,commuting_walk,Commuting mode share - walking,Mobility (context),fua,10.3,PT_WR (% of workers),,2021,,current,higher=better,OECD,
UK006,Liverpool,UK,context,commuting_car,Commuting mode share - car,Mobility (context),fua,71.6,PT_WR (% of workers),,2021,,current,higher=worse,OECD,
UK007,Edinburgh,UK,indicator,pm25,Mean PM2.5 population exposure,Environment,fua,20.339990415146914,MCG_M3 (ug/m3),92.32,2025,,,higher=worse,OECD,
UK007,Edinburgh,UK,indicator,green_area,Green area per inhabitant (urban centre),Environment,fua,120,M2_PS (m2/person),35.23,2021,,,higher=better,OECD,
UK007,Edinburgh,UK,indicator,public_transport_access,Population with access to public transport (15-minute walk),Mobility,fua,98.7,PT_POP (% population),93.5,2023,,,higher=better,OECD,
UK007,Edinburgh,UK,indicator,employment_rate,Employment rate (15-64),Economic Opportunity,fua,,PT_POP_SUB (% of working-age population),,,,,higher=better,OECD,
UK007,Edinburgh,UK,indicator,unemployment_rate,Unemployment rate (15-64),Economic Opportunity,fua,,PT_LF_SUB (% of labour force),,,,,higher=worse,OECD,
UK007,Edinburgh,UK,composite,environment_score,Environment composite score,Environment,fua (composite),,score (0-100),63.77,,,,,derived (V1 approved composites),
UK007,Edinburgh,UK,composite,mobility_score,Mobility composite score,Mobility,fua (composite),,score (0-100),93.5,,,,,derived (V1 approved composites),
UK007,Edinburgh,UK,composite,economic_opportunity_score,Economic Opportunity composite score,Economic Opportunity,fua (composite),,score (0-100),,,,,,derived (V1 approved composites),
UK007,Edinburgh,UK,context,population,Population (total),Context,fua,932180,PS (persons),,2024,,,neutral (context),OECD,
UK007,Edinburgh,UK,context,commuting_public_transport,Commuting mode share - public transport,Mobility (context),fua,21.4,PT_WR (% of workers),,2021,,current,higher=better,OECD,
UK007,Edinburgh,UK,context,commuting_bike,Commuting mode share - bicycle,Mobility (context),fua,4.1,PT_WR (% of workers),,2021,,current,higher=better,OECD,
UK007,Edinburgh,UK,context,commuting_walk,Commuting mode share - walking,Mobility (context),fua,14,PT_WR (% of workers),,2021,,current,higher=better,OECD,
UK007,Edinburgh,UK,context,commuting_car,Commuting mode share - car,Mobility (context),fua,58.2,PT_WR (% of workers),,2021,,current,higher=worse,OECD,
UK008,Manchester,UK,indicator,pm25,Mean PM2.5 population exposure,Environment,fua,26.55460186985193,MCG_M3 (ug/m3),64.25,2025,,,higher=worse,OECD,
UK008,Manchester,UK,indicator,green_area,Green area per inhabitant (urban centre),Environment,fua,169,M2_PS (m2/person),67.34,2021,,,higher=better,OECD,
UK008,Manchester,UK,indicator,public_transport_access,Population with access to public transport (15-minute walk),Mobility,fua,98.7,PT_POP (% population),93.5,2023,,,higher=better,OECD,
UK008,Manchester,UK,indicator,employment_rate,Employment rate (15-64),Economic Opportunity,fua,,PT_POP_SUB (% of working-age population),,,,,higher=better,OECD,
UK008,Manchester,UK,indicator,unemployment_rate,Unemployment rate (15-64),Economic Opportunity,fua,,PT_LF_SUB (% of labour force),,,,,higher=worse,OECD,
UK008,Manchester,UK,composite,environment_score,Environment composite score,Environment,fua (composite),,score (0-100),65.8,,,,,derived (V1 approved composites),
UK008,Manchester,UK,composite,mobility_score,Mobility composite score,Mobility,fua (composite),,score (0-100),93.5,,,,,derived (V1 approved composites),
UK008,Manchester,UK,composite,economic_opportunity_score,Economic Opportunity composite score,Economic Opportunity,fua (composite),,score (0-100),,,,,,derived (V1 approved composites),
UK008,Manchester,UK,perception_dimension,perceived_safety,Perceived safety (safe walking at night after dark),Safety,city_core,58.9,"PC (sum of response-category shares, % of respondents)",23.75,2023,,,higher=better,Eurostat,UK008C
UK008,Manchester,UK,perception_dimension,community,Trust / community (generalised trust),Community,city_core,63.6,"PC (sum of response-category shares, % of respondents)",43.75,2023,,,higher=better,Eurostat,UK008C
UK008,Manchester,UK,perception_dimension,life_satisfaction,Life satisfaction (the life you lead),Life Balance,city_core,84.6,"PC (sum of response-category shares, % of respondents)",51.25,2023,,,higher=better,Eurostat,UK008C
UK008,Manchester,UK,perception_dimension,housing_satisfaction,Housing satisfaction (easy to find good housing at a reasonable price),Housing,city_core,37.7,"PC (sum of response-category shares, % of respondents)",70.0,2023,,,higher=better,Eurostat,UK008C
UK008,Manchester,UK,context,population,Population (total),Context,fua,3595966,PS (persons),,2024,,,neutral (context),OECD,
UK008,Manchester,UK,context,commuting_public_transport,Commuting mode share - public transport,Mobility (context),fua,9.5,PT_WR (% of workers),,2021,,current,higher=better,OECD,
UK008,Manchester,UK,context,commuting_bike,Commuting mode share - bicycle,Mobility (context),fua,2.3,PT_WR (% of workers),,2021,,current,higher=better,OECD,
UK008,Manchester,UK,context,commuting_walk,Commuting mode share - walking,Mobility (context),fua,10.9,PT_WR (% of workers),,2021,,current,higher=better,OECD,
UK008,Manchester,UK,context,commuting_car,Commuting mode share - car,Mobility (context),fua,73.8,PT_WR (% of workers),,2021,,current,higher=worse,OECD,
UK009,Cardiff,UK,indicator,pm25,Mean PM2.5 population exposure,Environment,fua,24.162898877754078,MCG_M3 (ug/m3),77.25,2025,,,higher=worse,OECD,
UK009,Cardiff,UK,indicator,green_area,Green area per inhabitant (urban centre),Environment,fua,135,M2_PS (m2/person),45.43,2021,,,higher=better,OECD,
UK009,Cardiff,UK,indicator,public_transport_access,Population with access to public transport (15-minute walk),Mobility,fua,97.3,PT_POP (% population),74.27,2023,,,higher=better,OECD,
UK009,Cardiff,UK,indicator,employment_rate,Employment rate (15-64),Economic Opportunity,fua,,PT_POP_SUB (% of working-age population),,,,,higher=better,OECD,
UK009,Cardiff,UK,indicator,unemployment_rate,Unemployment rate (15-64),Economic Opportunity,fua,,PT_LF_SUB (% of labour force),,,,,higher=worse,OECD,
UK009,Cardiff,UK,composite,environment_score,Environment composite score,Environment,fua (composite),,score (0-100),61.34,,,,,derived (V1 approved composites),
UK009,Cardiff,UK,composite,mobility_score,Mobility composite score,Mobility,fua (composite),,score (0-100),74.27,,,,,derived (V1 approved composites),
UK009,Cardiff,UK,composite,economic_opportunity_score,Economic Opportunity composite score,Economic Opportunity,fua (composite),,score (0-100),,,,,,derived (V1 approved composites),
UK009,Cardiff,UK,perception_dimension,perceived_safety,Perceived safety (safe walking at night after dark),Safety,city_core,69.8,"PC (sum of response-category shares, % of respondents)",51.25,2023,,,higher=better,Eurostat,UK009C
UK009,Cardiff,UK,perception_dimension,community,Trust / community (generalised trust),Community,city_core,70.2,"PC (sum of response-category shares, % of respondents)",70.0,2023,,,higher=better,Eurostat,UK009C
UK009,Cardiff,UK,perception_dimension,life_satisfaction,Life satisfaction (the life you lead),Life Balance,city_core,88.1,"PC (sum of response-category shares, % of respondents)",85.62,2023,,,higher=better,Eurostat,UK009C
UK009,Cardiff,UK,perception_dimension,housing_satisfaction,Housing satisfaction (easy to find good housing at a reasonable price),Housing,city_core,41.8,"PC (sum of response-category shares, % of respondents)",76.25,2023,,,higher=better,Eurostat,UK009C
UK009,Cardiff,UK,context,population,Population (total),Context,fua,939371,PS (persons),,2024,,,neutral (context),OECD,
UK009,Cardiff,UK,context,commuting_public_transport,Commuting mode share - public transport,Mobility (context),fua,6.9,PT_WR (% of workers),,2021,,current,higher=better,OECD,
UK009,Cardiff,UK,context,commuting_bike,Commuting mode share - bicycle,Mobility (context),fua,2.2,PT_WR (% of workers),,2021,,current,higher=better,OECD,
UK009,Cardiff,UK,context,commuting_walk,Commuting mode share - walking,Mobility (context),fua,10.2,PT_WR (% of workers),,2021,,current,higher=better,OECD,
UK009,Cardiff,UK,context,commuting_car,Commuting mode share - car,Mobility (context),fua,78.5,PT_WR (% of workers),,2021,,current,higher=worse,OECD,
UK010,Sheffield,UK,indicator,pm25,Mean PM2.5 population exposure,Environment,fua,24.850395055398373,MCG_M3 (ug/m3),72.08,2025,,,higher=worse,OECD,
UK010,Sheffield,UK,indicator,green_area,Green area per inhabitant (urban centre),Environment,fua,188,M2_PS (m2/person),75.76,2021,,,higher=better,OECD,
UK010,Sheffield,UK,indicator,public_transport_access,Population with access to public transport (15-minute walk),Mobility,fua,99.1,PT_POP (% population),95.89,2023,,,higher=better,OECD,
UK010,Sheffield,UK,indicator,employment_rate,Employment rate (15-64),Economic Opportunity,fua,,PT_POP_SUB (% of working-age population),,,,,higher=better,OECD,
UK010,Sheffield,UK,indicator,unemployment_rate,Unemployment rate (15-64),Economic Opportunity,fua,,PT_LF_SUB (% of labour force),,,,,higher=worse,OECD,
UK010,Sheffield,UK,composite,environment_score,Environment composite score,Environment,fua (composite),,score (0-100),73.92,,,,,derived (V1 approved composites),
UK010,Sheffield,UK,composite,mobility_score,Mobility composite score,Mobility,fua (composite),,score (0-100),95.89,,,,,derived (V1 approved composites),
UK010,Sheffield,UK,composite,economic_opportunity_score,Economic Opportunity composite score,Economic Opportunity,fua (composite),,score (0-100),,,,,,derived (V1 approved composites),
UK010,Sheffield,UK,context,population,Population (total),Context,fua,1217504,PS (persons),,2024,,,neutral (context),OECD,
UK010,Sheffield,UK,context,commuting_public_transport,Commuting mode share - public transport,Mobility (context),fua,9,PT_WR (% of workers),,2021,,current,higher=better,OECD,
UK010,Sheffield,UK,context,commuting_bike,Commuting mode share - bicycle,Mobility (context),fua,1.4,PT_WR (% of workers),,2021,,current,higher=better,OECD,
UK010,Sheffield,UK,context,commuting_walk,Commuting mode share - walking,Mobility (context),fua,9.5,PT_WR (% of workers),,2021,,current,higher=better,OECD,
UK010,Sheffield,UK,context,commuting_car,Commuting mode share - car,Mobility (context),fua,77.2,PT_WR (% of workers),,2021,,current,higher=worse,OECD,
UK011,Bristol,UK,indicator,pm25,Mean PM2.5 population exposure,Environment,fua,23.811113075811143,MCG_M3 (ug/m3),79.62,2025,,,higher=worse,OECD,
UK011,Bristol,UK,indicator,green_area,Green area per inhabitant (urban centre),Environment,fua,121,M2_PS (m2/person),35.96,2021,,,higher=better,OECD,
UK011,Bristol,UK,indicator,public_transport_access,Population with access to public transport (15-minute walk),Mobility,fua,97.7,PT_POP (% population),80.37,2023,,,higher=better,OECD,
UK011,Bristol,UK,indicator,employment_rate,Employment rate (15-64),Economic Opportunity,fua,,PT_POP_SUB (% of working-age population),,,,,higher=better,OECD,
UK011,Bristol,UK,indicator,unemployment_rate,Unemployment rate (15-64),Economic Opportunity,fua,,PT_LF_SUB (% of labour force),,,,,higher=worse,OECD,
UK011,Bristol,UK,composite,environment_score,Environment composite score,Environment,fua (composite),,score (0-100),57.79,,,,,derived (V1 approved composites),
UK011,Bristol,UK,composite,mobility_score,Mobility composite score,Mobility,fua (composite),,score (0-100),80.37,,,,,derived (V1 approved composites),
UK011,Bristol,UK,composite,economic_opportunity_score,Economic Opportunity composite score,Economic Opportunity,fua (composite),,score (0-100),,,,,,derived (V1 approved composites),
UK011,Bristol,UK,context,population,Population (total),Context,fua,1025309,PS (persons),,2024,,,neutral (context),OECD,
UK011,Bristol,UK,context,commuting_public_transport,Commuting mode share - public transport,Mobility (context),fua,7.7,PT_WR (% of workers),,2021,,current,higher=better,OECD,
UK011,Bristol,UK,context,commuting_bike,Commuting mode share - bicycle,Mobility (context),fua,5.6,PT_WR (% of workers),,2021,,current,higher=better,OECD,
UK011,Bristol,UK,context,commuting_walk,Commuting mode share - walking,Mobility (context),fua,13.6,PT_WR (% of workers),,2021,,current,higher=better,OECD,
UK011,Bristol,UK,context,commuting_car,Commuting mode share - car,Mobility (context),fua,70.3,PT_WR (% of workers),,2021,,current,higher=worse,OECD,
UK013,Newcastle upon Tyne,UK,indicator,pm25,Mean PM2.5 population exposure,Environment,fua,19.689324607915964,MCG_M3 (ug/m3),93.65,2025,,,higher=worse,OECD,
UK013,Newcastle upon Tyne,UK,indicator,green_area,Green area per inhabitant (urban centre),Environment,fua,129,M2_PS (m2/person),42.13,2021,,,higher=better,OECD,
UK013,Newcastle upon Tyne,UK,indicator,public_transport_access,Population with access to public transport (15-minute walk),Mobility,fua,96.8,PT_POP (% population),68.17,2023,,,higher=better,OECD,
UK013,Newcastle upon Tyne,UK,indicator,employment_rate,Employment rate (15-64),Economic Opportunity,fua,,PT_POP_SUB (% of working-age population),,,,,higher=better,OECD,
UK013,Newcastle upon Tyne,UK,indicator,unemployment_rate,Unemployment rate (15-64),Economic Opportunity,fua,,PT_LF_SUB (% of labour force),,,,,higher=worse,OECD,
UK013,Newcastle upon Tyne,UK,composite,environment_score,Environment composite score,Environment,fua (composite),,score (0-100),67.89,,,,,derived (V1 approved composites),
UK013,Newcastle upon Tyne,UK,composite,mobility_score,Mobility composite score,Mobility,fua (composite),,score (0-100),68.17,,,,,derived (V1 approved composites),
UK013,Newcastle upon Tyne,UK,composite,economic_opportunity_score,Economic Opportunity composite score,Economic Opportunity,fua (composite),,score (0-100),,,,,,derived (V1 approved composites),
UK013,Newcastle upon Tyne,UK,perception_dimension,perceived_safety,Perceived safety (safe walking at night after dark),Safety,city_core,69.8,"PC (sum of response-category shares, % of respondents)",50.0,2023,,,higher=better,Eurostat,UK013C
UK013,Newcastle upon Tyne,UK,perception_dimension,community,Trust / community (generalised trust),Community,city_core,73.6,"PC (sum of response-category shares, % of respondents)",77.5,2023,,,higher=better,Eurostat,UK013C
UK013,Newcastle upon Tyne,UK,perception_dimension,life_satisfaction,Life satisfaction (the life you lead),Life Balance,city_core,88.4,"PC (sum of response-category shares, % of respondents)",88.12,2023,,,higher=better,Eurostat,UK013C
UK013,Newcastle upon Tyne,UK,perception_dimension,housing_satisfaction,Housing satisfaction (easy to find good housing at a reasonable price),Housing,city_core,58.7,"PC (sum of response-category shares, % of respondents)",97.5,2023,,,higher=better,Eurostat,UK013C
UK013,Newcastle upon Tyne,UK,context,population,Population (total),Context,fua,1221203,PS (persons),,2024,,,neutral (context),OECD,
UK013,Newcastle upon Tyne,UK,context,commuting_public_transport,Commuting mode share - public transport,Mobility (context),fua,11.7,PT_WR (% of workers),,2021,,current,higher=better,OECD,
UK013,Newcastle upon Tyne,UK,context,commuting_bike,Commuting mode share - bicycle,Mobility (context),fua,2.3,PT_WR (% of workers),,2021,,current,higher=better,OECD,
UK013,Newcastle upon Tyne,UK,context,commuting_walk,Commuting mode share - walking,Mobility (context),fua,11.1,PT_WR (% of workers),,2021,,current,higher=better,OECD,
UK013,Newcastle upon Tyne,UK,context,commuting_car,Commuting mode share - car,Mobility (context),fua,71.6,PT_WR (% of workers),,2021,,current,higher=worse,OECD,
UK014,Leicester,UK,indicator,pm25,Mean PM2.5 population exposure,Environment,fua,23.081561565754573,MCG_M3 (ug/m3),83.6,2025,,,higher=worse,OECD,
UK014,Leicester,UK,indicator,green_area,Green area per inhabitant (urban centre),Environment,fua,116,M2_PS (m2/person),32.99,2021,,,higher=better,OECD,
UK014,Leicester,UK,indicator,public_transport_access,Population with access to public transport (15-minute walk),Mobility,fua,92.9,PT_POP (% population),38.73,2023,,,higher=better,OECD,
UK014,Leicester,UK,indicator,employment_rate,Employment rate (15-64),Economic Opportunity,fua,,PT_POP_SUB (% of working-age population),,,,,higher=better,OECD,
UK014,Leicester,UK,indicator,unemployment_rate,Unemployment rate (15-64),Economic Opportunity,fua,,PT_LF_SUB (% of labour force),,,,,higher=worse,OECD,
UK014,Leicester,UK,composite,environment_score,Environment composite score,Environment,fua (composite),,score (0-100),58.3,,,,,derived (V1 approved composites),
UK014,Leicester,UK,composite,mobility_score,Mobility composite score,Mobility,fua (composite),,score (0-100),38.73,,,,,derived (V1 approved composites),
UK014,Leicester,UK,composite,economic_opportunity_score,Economic Opportunity composite score,Economic Opportunity,fua (composite),,score (0-100),,,,,,derived (V1 approved composites),
UK014,Leicester,UK,context,population,Population (total),Context,fua,967988,PS (persons),,2024,,,neutral (context),OECD,
UK014,Leicester,UK,context,commuting_public_transport,Commuting mode share - public transport,Mobility (context),fua,5.7,PT_WR (% of workers),,2021,,current,higher=better,OECD,
UK014,Leicester,UK,context,commuting_bike,Commuting mode share - bicycle,Mobility (context),fua,3.3,PT_WR (% of workers),,2021,,current,higher=better,OECD,
UK014,Leicester,UK,context,commuting_walk,Commuting mode share - walking,Mobility (context),fua,12.3,PT_WR (% of workers),,2021,,current,higher=better,OECD,
UK014,Leicester,UK,context,commuting_car,Commuting mode share - car,Mobility (context),fua,75.6,PT_WR (% of workers),,2021,,current,higher=worse,OECD,
UK016,Aberdeen,UK,indicator,pm25,Mean PM2.5 population exposure,Environment,fua,15.622705501389438,MCG_M3 (ug/m3),97.05,2025,,,higher=worse,OECD,
UK016,Aberdeen,UK,indicator,green_area,Green area per inhabitant (urban centre),Environment,fua,131,M2_PS (m2/person),43.18,2021,,,higher=better,OECD,
UK016,Aberdeen,UK,indicator,public_transport_access,Population with access to public transport (15-minute walk),Mobility,fua,88.8,PT_POP (% population),25.86,2023,,,higher=better,OECD,
UK016,Aberdeen,UK,indicator,employment_rate,Employment rate (15-64),Economic Opportunity,fua,,PT_POP_SUB (% of working-age population),,,,,higher=better,OECD,
UK016,Aberdeen,UK,indicator,unemployment_rate,Unemployment rate (15-64),Economic Opportunity,fua,,PT_LF_SUB (% of labour force),,,,,higher=worse,OECD,
UK016,Aberdeen,UK,composite,environment_score,Environment composite score,Environment,fua (composite),,score (0-100),70.11,,,,,derived (V1 approved composites),
UK016,Aberdeen,UK,composite,mobility_score,Mobility composite score,Mobility,fua (composite),,score (0-100),25.86,,,,,derived (V1 approved composites),
UK016,Aberdeen,UK,composite,economic_opportunity_score,Economic Opportunity composite score,Economic Opportunity,fua (composite),,score (0-100),,,,,,derived (V1 approved composites),
UK016,Aberdeen,UK,context,population,Population (total),Context,fua,496860,PS (persons),,2024,,,neutral (context),OECD,
UK016,Aberdeen,UK,context,commuting_public_transport,Commuting mode share - public transport,Mobility (context),fua,6.7,PT_WR (% of workers),,2021,,current,higher=better,OECD,
UK016,Aberdeen,UK,context,commuting_bike,Commuting mode share - bicycle,Mobility (context),fua,1.6,PT_WR (% of workers),,2021,,current,higher=better,OECD,
UK016,Aberdeen,UK,context,commuting_walk,Commuting mode share - walking,Mobility (context),fua,12.1,PT_WR (% of workers),,2021,,current,higher=better,OECD,
UK016,Aberdeen,UK,context,commuting_car,Commuting mode share - car,Mobility (context),fua,74,PT_WR (% of workers),,2021,,current,higher=worse,OECD,
UK017,Cambridge,UK,indicator,pm25,Mean PM2.5 population exposure,Environment,fua,24.083137371013958,MCG_M3 (ug/m3),77.84,2025,,,higher=worse,OECD,
UK017,Cambridge,UK,indicator,green_area,Green area per inhabitant (urban centre),Environment,fua,137,M2_PS (m2/person),46.39,2021,,,higher=better,OECD,
UK017,Cambridge,UK,indicator,public_transport_access,Population with access to public transport (15-minute walk),Mobility,fua,93,PT_POP (% population),39.39,2023,,,higher=better,OECD,
UK017,Cambridge,UK,indicator,employment_rate,Employment rate (15-64),Economic Opportunity,fua,,PT_POP_SUB (% of working-age population),,,,,higher=better,OECD,
UK017,Cambridge,UK,indicator,unemployment_rate,Unemployment rate (15-64),Economic Opportunity,fua,,PT_LF_SUB (% of labour force),,,,,higher=worse,OECD,
UK017,Cambridge,UK,composite,environment_score,Environment composite score,Environment,fua (composite),,score (0-100),62.12,,,,,derived (V1 approved composites),
UK017,Cambridge,UK,composite,mobility_score,Mobility composite score,Mobility,fua (composite),,score (0-100),39.39,,,,,derived (V1 approved composites),
UK017,Cambridge,UK,composite,economic_opportunity_score,Economic Opportunity composite score,Economic Opportunity,fua (composite),,score (0-100),,,,,,derived (V1 approved composites),
UK017,Cambridge,UK,context,population,Population (total),Context,fua,414802,PS (persons),,2024,,,neutral (context),OECD,
UK017,Cambridge,UK,context,commuting_public_transport,Commuting mode share - public transport,Mobility (context),fua,6.1,PT_WR (% of workers),,2021,,current,higher=better,OECD,
UK017,Cambridge,UK,context,commuting_bike,Commuting mode share - bicycle,Mobility (context),fua,14.6,PT_WR (% of workers),,2021,,current,higher=better,OECD,
UK017,Cambridge,UK,context,commuting_walk,Commuting mode share - walking,Mobility (context),fua,10.7,PT_WR (% of workers),,2021,,current,higher=better,OECD,
UK017,Cambridge,UK,context,commuting_car,Commuting mode share - car,Mobility (context),fua,65.7,PT_WR (% of workers),,2021,,current,higher=worse,OECD,
UK018,Exeter,UK,indicator,pm25,Mean PM2.5 population exposure,Environment,fua,24.38749545245712,MCG_M3 (ug/m3),75.48,2025,,,higher=worse,OECD,
UK018,Exeter,UK,indicator,green_area,Green area per inhabitant (urban centre),Environment,fua,149,M2_PS (m2/person),55.7,2021,,,higher=better,OECD,
UK018,Exeter,UK,indicator,public_transport_access,Population with access to public transport (15-minute walk),Mobility,fua,91.7,PT_POP (% population),35.68,2023,,,higher=better,OECD,
UK018,Exeter,UK,indicator,employment_rate,Employment rate (15-64),Economic Opportunity,fua,,PT_POP_SUB (% of working-age population),,,,,higher=better,OECD,
UK018,Exeter,UK,indicator,unemployment_rate,Unemployment rate (15-64),Economic Opportunity,fua,,PT_LF_SUB (% of labour force),,,,,higher=worse,OECD,
UK018,Exeter,UK,composite,environment_score,Environment composite score,Environment,fua (composite),,score (0-100),65.59,,,,,derived (V1 approved composites),
UK018,Exeter,UK,composite,mobility_score,Mobility composite score,Mobility,fua (composite),,score (0-100),35.68,,,,,derived (V1 approved composites),
UK018,Exeter,UK,composite,economic_opportunity_score,Economic Opportunity composite score,Economic Opportunity,fua (composite),,score (0-100),,,,,,derived (V1 approved composites),
UK018,Exeter,UK,context,population,Population (total),Context,fua,520179,PS (persons),,2024,,,neutral (context),OECD,
UK018,Exeter,UK,context,commuting_public_transport,Commuting mode share - public transport,Mobility (context),fua,4.7,PT_WR (% of workers),,2021,,current,higher=better,OECD,
UK018,Exeter,UK,context,commuting_bike,Commuting mode share - bicycle,Mobility (context),fua,3.3,PT_WR (% of workers),,2021,,current,higher=better,OECD,
UK018,Exeter,UK,context,commuting_walk,Commuting mode share - walking,Mobility (context),fua,14.9,PT_WR (% of workers),,2021,,current,higher=better,OECD,
UK018,Exeter,UK,context,commuting_car,Commuting mode share - car,Mobility (context),fua,74.5,PT_WR (% of workers),,2021,,current,higher=worse,OECD,
UK019,Lincoln,UK,indicator,pm25,Mean PM2.5 population exposure,Environment,fua,22.717369355218366,MCG_M3 (ug/m3),84.79,2025,,,higher=worse,OECD,
UK019,Lincoln,UK,indicator,green_area,Green area per inhabitant (urban centre),Environment,fua,153,M2_PS (m2/person),58.19,2021,,,higher=better,OECD,
UK019,Lincoln,UK,indicator,public_transport_access,Population with access to public transport (15-minute walk),Mobility,fua,91.2,PT_POP (% population),34.22,2023,,,higher=better,OECD,
UK019,Lincoln,UK,indicator,employment_rate,Employment rate (15-64),Economic Opportunity,fua,,PT_POP_SUB (% of working-age population),,,,,higher=better,OECD,
UK019,Lincoln,UK,indicator,unemployment_rate,Unemployment rate (15-64),Economic Opportunity,fua,,PT_LF_SUB (% of labour force),,,,,higher=worse,OECD,
UK019,Lincoln,UK,composite,environment_score,Environment composite score,Environment,fua (composite),,score (0-100),71.49,,,,,derived (V1 approved composites),
UK019,Lincoln,UK,composite,mobility_score,Mobility composite score,Mobility,fua (composite),,score (0-100),34.22,,,,,derived (V1 approved composites),
UK019,Lincoln,UK,composite,economic_opportunity_score,Economic Opportunity composite score,Economic Opportunity,fua (composite),,score (0-100),,,,,,derived (V1 approved composites),
UK019,Lincoln,UK,context,population,Population (total),Context,fua,326790,PS (persons),,2024,,,neutral (context),OECD,
UK019,Lincoln,UK,context,commuting_public_transport,Commuting mode share - public transport,Mobility (context),fua,3,PT_WR (% of workers),,2021,,current,higher=better,OECD,
UK019,Lincoln,UK,context,commuting_bike,Commuting mode share - bicycle,Mobility (context),fua,3.5,PT_WR (% of workers),,2021,,current,higher=better,OECD,
UK019,Lincoln,UK,context,commuting_walk,Commuting mode share - walking,Mobility (context),fua,12.2,PT_WR (% of workers),,2021,,current,higher=better,OECD,
UK019,Lincoln,UK,context,commuting_car,Commuting mode share - car,Mobility (context),fua,78.8,PT_WR (% of workers),,2021,,current,higher=worse,OECD,
UK021,Stevenage,UK,indicator,pm25,Mean PM2.5 population exposure,Environment,fua,23.385238975869385,MCG_M3 (ug/m3),81.98,2025,,,higher=worse,OECD,
UK021,Stevenage,UK,indicator,green_area,Green area per inhabitant (urban centre),Environment,fua,125,M2_PS (m2/person),39.17,2021,,,higher=better,OECD,
UK021,Stevenage,UK,indicator,public_transport_access,Population with access to public transport (15-minute walk),Mobility,fua,100,PT_POP (% population),100.0,2023,,,higher=better,OECD,
UK021,Stevenage,UK,indicator,employment_rate,Employment rate (15-64),Economic Opportunity,fua,,PT_POP_SUB (% of working-age population),,,,,higher=better,OECD,
UK021,Stevenage,UK,indicator,unemployment_rate,Unemployment rate (15-64),Economic Opportunity,fua,,PT_LF_SUB (% of labour force),,,,,higher=worse,OECD,
UK021,Stevenage,UK,composite,environment_score,Environment composite score,Environment,fua (composite),,score (0-100),60.58,,,,,derived (V1 approved composites),
UK021,Stevenage,UK,composite,mobility_score,Mobility composite score,Mobility,fua (composite),,score (0-100),100.0,,,,,derived (V1 approved composites),
UK021,Stevenage,UK,composite,economic_opportunity_score,Economic Opportunity composite score,Economic Opportunity,fua (composite),,score (0-100),,,,,,derived (V1 approved composites),
UK021,Stevenage,UK,context,population,Population (total),Context,fua,91774,PS (persons),,2024,,,neutral (context),OECD,
UK021,Stevenage,UK,context,commuting_public_transport,Commuting mode share - public transport,Mobility (context),fua,8.4,PT_WR (% of workers),,2021,,current,higher=better,OECD,
UK021,Stevenage,UK,context,commuting_bike,Commuting mode share - bicycle,Mobility (context),fua,2.7,PT_WR (% of workers),,2021,,current,higher=better,OECD,
UK021,Stevenage,UK,context,commuting_walk,Commuting mode share - walking,Mobility (context),fua,11,PT_WR (% of workers),,2021,,current,higher=better,OECD,
UK021,Stevenage,UK,context,commuting_car,Commuting mode share - car,Mobility (context),fua,74.8,PT_WR (% of workers),,2021,,current,higher=worse,OECD,
UK023,Portsmouth,UK,indicator,pm25,Mean PM2.5 population exposure,Environment,fua,25.390564658755277,MCG_M3 (ug/m3),69.57,2025,,,higher=worse,OECD,
UK023,Portsmouth,UK,indicator,green_area,Green area per inhabitant (urban centre),Environment,fua,117,M2_PS (m2/person),33.79,2021,,,higher=better,OECD,
UK023,Portsmouth,UK,indicator,public_transport_access,Population with access to public transport (15-minute walk),Mobility,fua,99.1,PT_POP (% population),95.89,2023,,,higher=better,OECD,
UK023,Portsmouth,UK,indicator,employment_rate,Employment rate (15-64),Economic Opportunity,fua,,PT_POP_SUB (% of working-age population),,,,,higher=better,OECD,
UK023,Portsmouth,UK,indicator,unemployment_rate,Unemployment rate (15-64),Economic Opportunity,fua,,PT_LF_SUB (% of labour force),,,,,higher=worse,OECD,
UK023,Portsmouth,UK,composite,environment_score,Environment composite score,Environment,fua (composite),,score (0-100),51.68,,,,,derived (V1 approved composites),
UK023,Portsmouth,UK,composite,mobility_score,Mobility composite score,Mobility,fua (composite),,score (0-100),95.89,,,,,derived (V1 approved composites),
UK023,Portsmouth,UK,composite,economic_opportunity_score,Economic Opportunity composite score,Economic Opportunity,fua (composite),,score (0-100),,,,,,derived (V1 approved composites),
UK023,Portsmouth,UK,context,population,Population (total),Context,fua,539655,PS (persons),,2024,,,neutral (context),OECD,
UK023,Portsmouth,UK,context,commuting_public_transport,Commuting mode share - public transport,Mobility (context),fua,6.4,PT_WR (% of workers),,2021,,current,higher=better,OECD,
UK023,Portsmouth,UK,context,commuting_bike,Commuting mode share - bicycle,Mobility (context),fua,5.5,PT_WR (% of workers),,2021,,current,higher=better,OECD,
UK023,Portsmouth,UK,context,commuting_walk,Commuting mode share - walking,Mobility (context),fua,11.8,PT_WR (% of workers),,2021,,current,higher=better,OECD,
UK023,Portsmouth,UK,context,commuting_car,Commuting mode share - car,Mobility (context),fua,72.3,PT_WR (% of workers),,2021,,current,higher=worse,OECD,
UK024,Worcester,UK,indicator,pm25,Mean PM2.5 population exposure,Environment,fua,24.51202428471027,MCG_M3 (ug/m3),74.59,2025,,,higher=worse,OECD,
UK024,Worcester,UK,indicator,green_area,Green area per inhabitant (urban centre),Environment,fua,150,M2_PS (m2/person),56.18,2021,,,higher=better,OECD,
UK024,Worcester,UK,indicator,public_transport_access,Population with access to public transport (15-minute walk),Mobility,fua,91.1,PT_POP (% population),33.55,2023,,,higher=better,OECD,
UK024,Worcester,UK,indicator,employment_rate,Employment rate (15-64),Economic Opportunity,fua,,PT_POP_SUB (% of working-age population),,,,,higher=better,OECD,
UK024,Worcester,UK,indicator,unemployment_rate,Unemployment rate (15-64),Economic Opportunity,fua,,PT_LF_SUB (% of labour force),,,,,higher=worse,OECD,
UK024,Worcester,UK,composite,environment_score,Environment composite score,Environment,fua (composite),,score (0-100),65.39,,,,,derived (V1 approved composites),
UK024,Worcester,UK,composite,mobility_score,Mobility composite score,Mobility,fua (composite),,score (0-100),33.55,,,,,derived (V1 approved composites),
UK024,Worcester,UK,composite,economic_opportunity_score,Economic Opportunity composite score,Economic Opportunity,fua (composite),,score (0-100),,,,,,derived (V1 approved composites),
UK024,Worcester,UK,context,population,Population (total),Context,fua,189898,PS (persons),,2024,,,neutral (context),OECD,
UK024,Worcester,UK,context,commuting_public_transport,Commuting mode share - public transport,Mobility (context),fua,3.5,PT_WR (% of workers),,2021,,current,higher=better,OECD,
UK024,Worcester,UK,context,commuting_bike,Commuting mode share - bicycle,Mobility (context),fua,2.9,PT_WR (% of workers),,2021,,current,higher=better,OECD,
UK024,Worcester,UK,context,commuting_walk,Commuting mode share - walking,Mobility (context),fua,13.1,PT_WR (% of workers),,2021,,current,higher=better,OECD,
UK024,Worcester,UK,context,commuting_car,Commuting mode share - car,Mobility (context),fua,78.3,PT_WR (% of workers),,2021,,current,higher=worse,OECD,
UK025,Coventry,UK,indicator,pm25,Mean PM2.5 population exposure,Environment,fua,23.351442863693354,MCG_M3 (ug/m3),82.27,2025,,,higher=worse,OECD,
UK025,Coventry,UK,indicator,green_area,Green area per inhabitant (urban centre),Environment,fua,131,M2_PS (m2/person),43.18,2021,,,higher=better,OECD,
UK025,Coventry,UK,indicator,public_transport_access,Population with access to public transport (15-minute walk),Mobility,fua,98,PT_POP (% population),84.48,2023,,,higher=better,OECD,
UK025,Coventry,UK,indicator,employment_rate,Employment rate (15-64),Economic Opportunity,fua,,PT_POP_SUB (% of working-age population),,,,,higher=better,OECD,
UK025,Coventry,UK,indicator,unemployment_rate,Unemployment rate (15-64),Economic Opportunity,fua,,PT_LF_SUB (% of labour force),,,,,higher=worse,OECD,
UK025,Coventry,UK,composite,environment_score,Environment composite score,Environment,fua (composite),,score (0-100),62.72,,,,,derived (V1 approved composites),
UK025,Coventry,UK,composite,mobility_score,Mobility composite score,Mobility,fua (composite),,score (0-100),84.48,,,,,derived (V1 approved composites),
UK025,Coventry,UK,composite,economic_opportunity_score,Economic Opportunity composite score,Economic Opportunity,fua (composite),,score (0-100),,,,,,derived (V1 approved composites),
UK025,Coventry,UK,context,population,Population (total),Context,fua,787858,PS (persons),,2024,,,neutral (context),OECD,
UK025,Coventry,UK,context,commuting_public_transport,Commuting mode share - public transport,Mobility (context),fua,7.3,PT_WR (% of workers),,2021,,current,higher=better,OECD,
UK025,Coventry,UK,context,commuting_bike,Commuting mode share - bicycle,Mobility (context),fua,2.7,PT_WR (% of workers),,2021,,current,higher=better,OECD,
UK025,Coventry,UK,context,commuting_walk,Commuting mode share - walking,Mobility (context),fua,10.5,PT_WR (% of workers),,2021,,current,higher=better,OECD,
UK025,Coventry,UK,context,commuting_car,Commuting mode share - car,Mobility (context),fua,76.4,PT_WR (% of workers),,2021,,current,higher=worse,OECD,
UK026,Kingston upon Hull,UK,indicator,pm25,Mean PM2.5 population exposure,Environment,fua,21.603524796945567,MCG_M3 (ug/m3),89.96,2025,,,higher=worse,OECD,
UK026,Kingston upon Hull,UK,indicator,green_area,Green area per inhabitant (urban centre),Environment,fua,109,M2_PS (m2/person),30.1,2021,,,higher=better,OECD,
UK026,Kingston upon Hull,UK,indicator,public_transport_access,Population with access to public transport (15-minute walk),Mobility,fua,94,PT_POP (% population),47.08,2023,,,higher=better,OECD,
UK026,Kingston upon Hull,UK,indicator,employment_rate,Employment rate (15-64),Economic Opportunity,fua,,PT_POP_SUB (% of working-age population),,,,,higher=better,OECD,
UK026,Kingston upon Hull,UK,indicator,unemployment_rate,Unemployment rate (15-64),Economic Opportunity,fua,,PT_LF_SUB (% of labour force),,,,,higher=worse,OECD,
UK026,Kingston upon Hull,UK,composite,environment_score,Environment composite score,Environment,fua (composite),,score (0-100),60.03,,,,,derived (V1 approved composites),
UK026,Kingston upon Hull,UK,composite,mobility_score,Mobility composite score,Mobility,fua (composite),,score (0-100),47.08,,,,,derived (V1 approved composites),
UK026,Kingston upon Hull,UK,composite,economic_opportunity_score,Economic Opportunity composite score,Economic Opportunity,fua (composite),,score (0-100),,,,,,derived (V1 approved composites),
UK026,Kingston upon Hull,UK,context,population,Population (total),Context,fua,631285,PS (persons),,2024,,,neutral (context),OECD,
UK026,Kingston upon Hull,UK,context,commuting_public_transport,Commuting mode share - public transport,Mobility (context),fua,5.5,PT_WR (% of workers),,2021,,current,higher=better,OECD,
UK026,Kingston upon Hull,UK,context,commuting_bike,Commuting mode share - bicycle,Mobility (context),fua,5.6,PT_WR (% of workers),,2021,,current,higher=better,OECD,
UK026,Kingston upon Hull,UK,context,commuting_walk,Commuting mode share - walking,Mobility (context),fua,10.4,PT_WR (% of workers),,2021,,current,higher=better,OECD,
UK026,Kingston upon Hull,UK,context,commuting_car,Commuting mode share - car,Mobility (context),fua,75.5,PT_WR (% of workers),,2021,,current,higher=worse,OECD,
UK027,Stoke-on-Trent,UK,indicator,pm25,Mean PM2.5 population exposure,Environment,fua,23.318288602168284,MCG_M3 (ug/m3),82.42,2025,,,higher=worse,OECD,
UK027,Stoke-on-Trent,UK,indicator,green_area,Green area per inhabitant (urban centre),Environment,fua,175,M2_PS (m2/person),70.55,2021,,,higher=better,OECD,
UK027,Stoke-on-Trent,UK,indicator,public_transport_access,Population with access to public transport (15-minute walk),Mobility,fua,96.3,PT_POP (% population),63.79,2023,,,higher=better,OECD,
UK027,Stoke-on-Trent,UK,indicator,employment_rate,Employment rate (15-64),Economic Opportunity,fua,,PT_POP_SUB (% of working-age population),,,,,higher=better,OECD,
UK027,Stoke-on-Trent,UK,indicator,unemployment_rate,Unemployment rate (15-64),Economic Opportunity,fua,,PT_LF_SUB (% of labour force),,,,,higher=worse,OECD,
UK027,Stoke-on-Trent,UK,composite,environment_score,Environment composite score,Environment,fua (composite),,score (0-100),76.48,,,,,derived (V1 approved composites),
UK027,Stoke-on-Trent,UK,composite,mobility_score,Mobility composite score,Mobility,fua (composite),,score (0-100),63.79,,,,,derived (V1 approved composites),
UK027,Stoke-on-Trent,UK,composite,economic_opportunity_score,Economic Opportunity composite score,Economic Opportunity,fua (composite),,score (0-100),,,,,,derived (V1 approved composites),
UK027,Stoke-on-Trent,UK,context,population,Population (total),Context,fua,494803,PS (persons),,2024,,,neutral (context),OECD,
UK027,Stoke-on-Trent,UK,context,commuting_public_transport,Commuting mode share - public transport,Mobility (context),fua,3.4,PT_WR (% of workers),,2021,,current,higher=better,OECD,
UK027,Stoke-on-Trent,UK,context,commuting_bike,Commuting mode share - bicycle,Mobility (context),fua,1.5,PT_WR (% of workers),,2021,,current,higher=better,OECD,
UK027,Stoke-on-Trent,UK,context,commuting_walk,Commuting mode share - walking,Mobility (context),fua,9.5,PT_WR (% of workers),,2021,,current,higher=better,OECD,
UK027,Stoke-on-Trent,UK,context,commuting_car,Commuting mode share - car,Mobility (context),fua,80.9,PT_WR (% of workers),,2021,,current,higher=worse,OECD,
UK029,Nottingham,UK,indicator,pm25,Mean PM2.5 population exposure,Environment,fua,18.56940390770149,MCG_M3 (ug/m3),94.98,2025,,,higher=worse,OECD,
UK029,Nottingham,UK,indicator,green_area,Green area per inhabitant (urban centre),Environment,fua,139,M2_PS (m2/person),48.23,2021,,,higher=better,OECD,
UK029,Nottingham,UK,indicator,public_transport_access,Population with access to public transport (15-minute walk),Mobility,fua,97.6,PT_POP (% population),78.78,2023,,,higher=better,OECD,
UK029,Nottingham,UK,indicator,employment_rate,Employment rate (15-64),Economic Opportunity,fua,,PT_POP_SUB (% of working-age population),,,,,higher=better,OECD,
UK029,Nottingham,UK,indicator,unemployment_rate,Unemployment rate (15-64),Economic Opportunity,fua,,PT_LF_SUB (% of labour force),,,,,higher=worse,OECD,
UK029,Nottingham,UK,composite,environment_score,Environment composite score,Environment,fua (composite),,score (0-100),71.61,,,,,derived (V1 approved composites),
UK029,Nottingham,UK,composite,mobility_score,Mobility composite score,Mobility,fua (composite),,score (0-100),78.78,,,,,derived (V1 approved composites),
UK029,Nottingham,UK,composite,economic_opportunity_score,Economic Opportunity composite score,Economic Opportunity,fua (composite),,score (0-100),,,,,,derived (V1 approved composites),
UK029,Nottingham,UK,context,population,Population (total),Context,fua,936382,PS (persons),,2024,,,neutral (context),OECD,
UK029,Nottingham,UK,context,commuting_public_transport,Commuting mode share - public transport,Mobility (context),fua,11.2,PT_WR (% of workers),,2021,,current,higher=better,OECD,
UK029,Nottingham,UK,context,commuting_bike,Commuting mode share - bicycle,Mobility (context),fua,3,PT_WR (% of workers),,2021,,current,higher=better,OECD,
UK029,Nottingham,UK,context,commuting_walk,Commuting mode share - walking,Mobility (context),fua,10.7,PT_WR (% of workers),,2021,,current,higher=better,OECD,
UK029,Nottingham,UK,context,commuting_car,Commuting mode share - car,Mobility (context),fua,72.1,PT_WR (% of workers),,2021,,current,higher=worse,OECD,
UK031,Bath and North East Somerset,UK,indicator,pm25,Mean PM2.5 population exposure,Environment,fua,23.171598768287588,MCG_M3 (ug/m3),83.01,2025,,,higher=worse,OECD,
UK031,Bath and North East Somerset,UK,indicator,green_area,Green area per inhabitant (urban centre),Environment,fua,168,M2_PS (m2/person),66.53,2021,,,higher=better,OECD,
UK031,Bath and North East Somerset,UK,indicator,public_transport_access,Population with access to public transport (15-minute walk),Mobility,fua,92.5,PT_POP (% population),38.2,2023,,,higher=better,OECD,
UK031,Bath and North East Somerset,UK,indicator,employment_rate,Employment rate (15-64),Economic Opportunity,fua,,PT_POP_SUB (% of working-age population),,,,,higher=better,OECD,
UK031,Bath and North East Somerset,UK,indicator,unemployment_rate,Unemployment rate (15-64),Economic Opportunity,fua,,PT_LF_SUB (% of labour force),,,,,higher=worse,OECD,
UK031,Bath and North East Somerset,UK,composite,environment_score,Environment composite score,Environment,fua (composite),,score (0-100),74.77,,,,,derived (V1 approved composites),
UK031,Bath and North East Somerset,UK,composite,mobility_score,Mobility composite score,Mobility,fua (composite),,score (0-100),38.2,,,,,derived (V1 approved composites),
UK031,Bath and North East Somerset,UK,composite,economic_opportunity_score,Economic Opportunity composite score,Economic Opportunity,fua (composite),,score (0-100),,,,,,derived (V1 approved composites),
UK031,Bath and North East Somerset,UK,context,population,Population (total),Context,fua,200028,PS (persons),,2024,,,neutral (context),OECD,
UK031,Bath and North East Somerset,UK,context,commuting_public_transport,Commuting mode share - public transport,Mobility (context),fua,6.8,PT_WR (% of workers),,2021,,current,higher=better,OECD,
UK031,Bath and North East Somerset,UK,context,commuting_bike,Commuting mode share - bicycle,Mobility (context),fua,3.1,PT_WR (% of workers),,2021,,current,higher=better,OECD,
UK031,Bath and North East Somerset,UK,context,commuting_walk,Commuting mode share - walking,Mobility (context),fua,17.8,PT_WR (% of workers),,2021,,current,higher=better,OECD,
UK031,Bath and North East Somerset,UK,context,commuting_car,Commuting mode share - car,Mobility (context),fua,69.5,PT_WR (% of workers),,2021,,current,higher=worse,OECD,
UK033,Guildford,UK,indicator,pm25,Mean PM2.5 population exposure,Environment,fua,25.292708880577905,MCG_M3 (ug/m3),70.31,2025,,,higher=worse,OECD,
UK033,Guildford,UK,indicator,green_area,Green area per inhabitant (urban centre),Environment,fua,225,M2_PS (m2/person),89.65,2021,,,higher=better,OECD,
UK033,Guildford,UK,indicator,public_transport_access,Population with access to public transport (15-minute walk),Mobility,fua,93.7,PT_POP (% population),42.84,2023,,,higher=better,OECD,
UK033,Guildford,UK,indicator,employment_rate,Employment rate (15-64),Economic Opportunity,fua,,PT_POP_SUB (% of working-age population),,,,,higher=better,OECD,
UK033,Guildford,UK,indicator,unemployment_rate,Unemployment rate (15-64),Economic Opportunity,fua,,PT_LF_SUB (% of labour force),,,,,higher=worse,OECD,
UK033,Guildford,UK,composite,environment_score,Environment composite score,Environment,fua (composite),,score (0-100),79.98,,,,,derived (V1 approved composites),
UK033,Guildford,UK,composite,mobility_score,Mobility composite score,Mobility,fua (composite),,score (0-100),42.84,,,,,derived (V1 approved composites),
UK033,Guildford,UK,composite,economic_opportunity_score,Economic Opportunity composite score,Economic Opportunity,fua (composite),,score (0-100),,,,,,derived (V1 approved composites),
UK033,Guildford,UK,context,population,Population (total),Context,fua,285643,PS (persons),,2024,,,neutral (context),OECD,
UK033,Guildford,UK,context,commuting_public_transport,Commuting mode share - public transport,Mobility (context),fua,6.7,PT_WR (% of workers),,2021,,current,higher=better,OECD,
UK033,Guildford,UK,context,commuting_bike,Commuting mode share - bicycle,Mobility (context),fua,2.5,PT_WR (% of workers),,2021,,current,higher=better,OECD,
UK033,Guildford,UK,context,commuting_walk,Commuting mode share - walking,Mobility (context),fua,13.6,PT_WR (% of workers),,2021,,current,higher=better,OECD,
UK033,Guildford,UK,context,commuting_car,Commuting mode share - car,Mobility (context),fua,74.2,PT_WR (% of workers),,2021,,current,higher=worse,OECD,
UK034,Thanet,UK,indicator,pm25,Mean PM2.5 population exposure,Environment,fua,25.74842232308264,MCG_M3 (ug/m3),68.24,2025,,,higher=worse,OECD,
UK034,Thanet,UK,indicator,green_area,Green area per inhabitant (urban centre),Environment,fua,89,M2_PS (m2/person),18.54,2021,,,higher=better,OECD,
UK034,Thanet,UK,indicator,public_transport_access,Population with access to public transport (15-minute walk),Mobility,fua,98.4,PT_POP (% population),88.99,2023,,,higher=better,OECD,
UK034,Thanet,UK,indicator,employment_rate,Employment rate (15-64),Economic Opportunity,fua,,PT_POP_SUB (% of working-age population),,,,,higher=better,OECD,
UK034,Thanet,UK,indicator,unemployment_rate,Unemployment rate (15-64),Economic Opportunity,fua,,PT_LF_SUB (% of labour force),,,,,higher=worse,OECD,
UK034,Thanet,UK,composite,environment_score,Environment composite score,Environment,fua (composite),,score (0-100),43.39,,,,,derived (V1 approved composites),
UK034,Thanet,UK,composite,mobility_score,Mobility composite score,Mobility,fua (composite),,score (0-100),88.99,,,,,derived (V1 approved composites),
UK034,Thanet,UK,composite,economic_opportunity_score,Economic Opportunity composite score,Economic Opportunity,fua (composite),,score (0-100),,,,,,derived (V1 approved composites),
UK034,Thanet,UK,context,population,Population (total),Context,fua,142691,PS (persons),,2024,,,neutral (context),OECD,
UK034,Thanet,UK,context,commuting_public_transport,Commuting mode share - public transport,Mobility (context),fua,8,PT_WR (% of workers),,2021,,current,higher=better,OECD,
UK034,Thanet,UK,context,commuting_bike,Commuting mode share - bicycle,Mobility (context),fua,2.7,PT_WR (% of workers),,2021,,current,higher=better,OECD,
UK034,Thanet,UK,context,commuting_walk,Commuting mode share - walking,Mobility (context),fua,12.9,PT_WR (% of workers),,2021,,current,higher=better,OECD,
UK034,Thanet,UK,context,commuting_car,Commuting mode share - car,Mobility (context),fua,72.9,PT_WR (% of workers),,2021,,current,higher=worse,OECD,
UK041,Ashford,UK,indicator,pm25,Mean PM2.5 population exposure,Environment,fua,26.17695977113825,MCG_M3 (ug/m3),66.32,2025,,,higher=worse,OECD,
UK041,Ashford,UK,indicator,green_area,Green area per inhabitant (urban centre),Environment,fua,180,M2_PS (m2/person),72.63,2021,,,higher=better,OECD,
UK041,Ashford,UK,indicator,public_transport_access,Population with access to public transport (15-minute walk),Mobility,fua,89.7,PT_POP (% population),29.18,2023,,,higher=better,OECD,
UK041,Ashford,UK,indicator,employment_rate,Employment rate (15-64),Economic Opportunity,fua,,PT_POP_SUB (% of working-age population),,,,,higher=better,OECD,
UK041,Ashford,UK,indicator,unemployment_rate,Unemployment rate (15-64),Economic Opportunity,fua,,PT_LF_SUB (% of labour force),,,,,higher=worse,OECD,
UK041,Ashford,UK,composite,environment_score,Environment composite score,Environment,fua (composite),,score (0-100),69.47,,,,,derived (V1 approved composites),
UK041,Ashford,UK,composite,mobility_score,Mobility composite score,Mobility,fua (composite),,score (0-100),29.18,,,,,derived (V1 approved composites),
UK041,Ashford,UK,composite,economic_opportunity_score,Economic Opportunity composite score,Economic Opportunity,fua (composite),,score (0-100),,,,,,derived (V1 approved composites),
UK041,Ashford,UK,context,population,Population (total),Context,fua,140936,PS (persons),,2024,,,neutral (context),OECD,
UK041,Ashford,UK,context,commuting_public_transport,Commuting mode share - public transport,Mobility (context),fua,6.4,PT_WR (% of workers),,2021,,current,higher=better,OECD,
UK041,Ashford,UK,context,commuting_bike,Commuting mode share - bicycle,Mobility (context),fua,2.7,PT_WR (% of workers),,2021,,current,higher=better,OECD,
UK041,Ashford,UK,context,commuting_walk,Commuting mode share - walking,Mobility (context),fua,10.2,PT_WR (% of workers),,2021,,current,higher=better,OECD,
UK041,Ashford,UK,context,commuting_car,Commuting mode share - car,Mobility (context),fua,78.5,PT_WR (% of workers),,2021,,current,higher=worse,OECD,
UK043,East Staffordshire,UK,indicator,pm25,Mean PM2.5 population exposure,Environment,fua,22.523809944417472,MCG_M3 (ug/m3),85.82,2025,,,higher=worse,OECD,
UK043,East Staffordshire,UK,indicator,green_area,Green area per inhabitant (urban centre),Environment,fua,138,M2_PS (m2/person),47.35,2021,,,higher=better,OECD,
UK043,East Staffordshire,UK,indicator,public_transport_access,Population with access to public transport (15-minute walk),Mobility,fua,86.9,PT_POP (% population),22.28,2023,,,higher=better,OECD,
UK043,East Staffordshire,UK,indicator,employment_rate,Employment rate (15-64),Economic Opportunity,fua,,PT_POP_SUB (% of working-age population),,,,,higher=better,OECD,
UK043,East Staffordshire,UK,indicator,unemployment_rate,Unemployment rate (15-64),Economic Opportunity,fua,,PT_LF_SUB (% of labour force),,,,,higher=worse,OECD,
UK043,East Staffordshire,UK,composite,environment_score,Environment composite score,Environment,fua (composite),,score (0-100),66.58,,,,,derived (V1 approved composites),
UK043,East Staffordshire,UK,composite,mobility_score,Mobility composite score,Mobility,fua (composite),,score (0-100),22.28,,,,,derived (V1 approved composites),
UK043,East Staffordshire,UK,composite,economic_opportunity_score,Economic Opportunity composite score,Economic Opportunity,fua (composite),,score (0-100),,,,,,derived (V1 approved composites),
UK043,East Staffordshire,UK,context,population,Population (total),Context,fua,129659,PS (persons),,2024,,,neutral (context),OECD,
UK043,East Staffordshire,UK,context,commuting_public_transport,Commuting mode share - public transport,Mobility (context),fua,2.2,PT_WR (% of workers),,2021,,current,higher=better,OECD,
UK043,East Staffordshire,UK,context,commuting_bike,Commuting mode share - bicycle,Mobility (context),fua,2.9,PT_WR (% of workers),,2021,,current,higher=better,OECD,
UK043,East Staffordshire,UK,context,commuting_walk,Commuting mode share - walking,Mobility (context),fua,12.2,PT_WR (% of workers),,2021,,current,higher=better,OECD,
UK043,East Staffordshire,UK,context,commuting_car,Commuting mode share - car,Mobility (context),fua,78.8,PT_WR (% of workers),,2021,,current,higher=worse,OECD,
UK044,Darlington,UK,indicator,pm25,Mean PM2.5 population exposure,Environment,fua,18.341604491116616,MCG_M3 (ug/m3),95.27,2025,,,higher=worse,OECD,
UK044,Darlington,UK,indicator,green_area,Green area per inhabitant (urban centre),Environment,fua,123,M2_PS (m2/person),37.56,2021,,,higher=better,OECD,
UK044,Darlington,UK,indicator,public_transport_access,Population with access to public transport (15-minute walk),Mobility,fua,97,PT_POP (% population),69.63,2023,,,higher=better,OECD,
UK044,Darlington,UK,indicator,employment_rate,Employment rate (15-64),Economic Opportunity,fua,,PT_POP_SUB (% of working-age population),,,,,higher=better,OECD,
UK044,Darlington,UK,indicator,unemployment_rate,Unemployment rate (15-64),Economic Opportunity,fua,,PT_LF_SUB (% of labour force),,,,,higher=worse,OECD,
UK044,Darlington,UK,composite,environment_score,Environment composite score,Environment,fua (composite),,score (0-100),66.41,,,,,derived (V1 approved composites),
UK044,Darlington,UK,composite,mobility_score,Mobility composite score,Mobility,fua (composite),,score (0-100),69.63,,,,,derived (V1 approved composites),
UK044,Darlington,UK,composite,economic_opportunity_score,Economic Opportunity composite score,Economic Opportunity,fua (composite),,score (0-100),,,,,,derived (V1 approved composites),
UK044,Darlington,UK,context,population,Population (total),Context,fua,112489,PS (persons),,2024,,,neutral (context),OECD,
UK044,Darlington,UK,context,commuting_public_transport,Commuting mode share - public transport,Mobility (context),fua,4.9,PT_WR (% of workers),,2021,,current,higher=better,OECD,
UK044,Darlington,UK,context,commuting_bike,Commuting mode share - bicycle,Mobility (context),fua,2.6,PT_WR (% of workers),,2021,,current,higher=better,OECD,
UK044,Darlington,UK,context,commuting_walk,Commuting mode share - walking,Mobility (context),fua,13.3,PT_WR (% of workers),,2021,,current,higher=better,OECD,
UK044,Darlington,UK,context,commuting_car,Commuting mode share - car,Mobility (context),fua,75.6,PT_WR (% of workers),,2021,,current,higher=worse,OECD,
UK045,Worthing,UK,indicator,pm25,Mean PM2.5 population exposure,Environment,fua,20.710612258632615,MCG_M3 (ug/m3),91.58,2025,,,higher=worse,OECD,
UK045,Worthing,UK,indicator,green_area,Green area per inhabitant (urban centre),Environment,fua,79,M2_PS (m2/person),14.61,2021,,,higher=better,OECD,
UK045,Worthing,UK,indicator,public_transport_access,Population with access to public transport (15-minute walk),Mobility,fua,99.8,PT_POP (% population),99.47,2023,,,higher=better,OECD,
UK045,Worthing,UK,indicator,employment_rate,Employment rate (15-64),Economic Opportunity,fua,,PT_POP_SUB (% of working-age population),,,,,higher=better,OECD,
UK045,Worthing,UK,indicator,unemployment_rate,Unemployment rate (15-64),Economic Opportunity,fua,,PT_LF_SUB (% of labour force),,,,,higher=worse,OECD,
UK045,Worthing,UK,composite,environment_score,Environment composite score,Environment,fua (composite),,score (0-100),53.09,,,,,derived (V1 approved composites),
UK045,Worthing,UK,composite,mobility_score,Mobility composite score,Mobility,fua (composite),,score (0-100),99.47,,,,,derived (V1 approved composites),
UK045,Worthing,UK,composite,economic_opportunity_score,Economic Opportunity composite score,Economic Opportunity,fua (composite),,score (0-100),,,,,,derived (V1 approved composites),
UK045,Worthing,UK,context,population,Population (total),Context,fua,113866,PS (persons),,2024,,,neutral (context),OECD,
UK045,Worthing,UK,context,commuting_public_transport,Commuting mode share - public transport,Mobility (context),fua,6.8,PT_WR (% of workers),,2021,,current,higher=better,OECD,
UK045,Worthing,UK,context,commuting_bike,Commuting mode share - bicycle,Mobility (context),fua,4.8,PT_WR (% of workers),,2021,,current,higher=better,OECD,
UK045,Worthing,UK,context,commuting_walk,Commuting mode share - walking,Mobility (context),fua,15.8,PT_WR (% of workers),,2021,,current,higher=better,OECD,
UK045,Worthing,UK,context,commuting_car,Commuting mode share - car,Mobility (context),fua,69.8,PT_WR (% of workers),,2021,,current,higher=worse,OECD,
UK046,Mansfield,UK,indicator,pm25,Mean PM2.5 population exposure,Environment,fua,21.90375944948439,MCG_M3 (ug/m3),89.07,2025,,,higher=worse,OECD,
UK046,Mansfield,UK,indicator,green_area,Green area per inhabitant (urban centre),Environment,fua,144,M2_PS (m2/person),51.61,2021,,,higher=better,OECD,
UK046,Mansfield,UK,indicator,public_transport_access,Population with access to public transport (15-minute walk),Mobility,fua,99.7,PT_POP (% population),99.2,2023,,,higher=better,OECD,
UK046,Mansfield,UK,indicator,employment_rate,Employment rate (15-64),Economic Opportunity,fua,,PT_POP_SUB (% of working-age population),,,,,higher=better,OECD,
UK046,Mansfield,UK,indicator,unemployment_rate,Unemployment rate (15-64),Economic Opportunity,fua,,PT_LF_SUB (% of labour force),,,,,higher=worse,OECD,
UK046,Mansfield,UK,composite,environment_score,Environment composite score,Environment,fua (composite),,score (0-100),70.34,,,,,derived (V1 approved composites),
UK046,Mansfield,UK,composite,mobility_score,Mobility composite score,Mobility,fua (composite),,score (0-100),99.2,,,,,derived (V1 approved composites),
UK046,Mansfield,UK,composite,economic_opportunity_score,Economic Opportunity composite score,Economic Opportunity,fua (composite),,score (0-100),,,,,,derived (V1 approved composites),
UK046,Mansfield,UK,context,population,Population (total),Context,fua,113138,PS (persons),,2024,,,neutral (context),OECD,
UK046,Mansfield,UK,context,commuting_public_transport,Commuting mode share - public transport,Mobility (context),fua,4.8,PT_WR (% of workers),,2021,,current,higher=better,OECD,
UK046,Mansfield,UK,context,commuting_bike,Commuting mode share - bicycle,Mobility (context),fua,1.4,PT_WR (% of workers),,2021,,current,higher=better,OECD,
UK046,Mansfield,UK,context,commuting_walk,Commuting mode share - walking,Mobility (context),fua,7.8,PT_WR (% of workers),,2021,,current,higher=better,OECD,
UK046,Mansfield,UK,context,commuting_car,Commuting mode share - car,Mobility (context),fua,82.8,PT_WR (% of workers),,2021,,current,higher=worse,OECD,
UK047,Chesterfield,UK,indicator,pm25,Mean PM2.5 population exposure,Environment,fua,22.672066210440388,MCG_M3 (ug/m3),85.23,2025,,,higher=worse,OECD,
UK047,Chesterfield,UK,indicator,green_area,Green area per inhabitant (urban centre),Environment,fua,166,M2_PS (m2/person),65.41,2021,,,higher=better,OECD,
UK047,Chesterfield,UK,indicator,public_transport_access,Population with access to public transport (15-minute walk),Mobility,fua,99.5,PT_POP (% population),98.28,2023,,,higher=better,OECD,
UK047,Chesterfield,UK,indicator,employment_rate,Employment rate (15-64),Economic Opportunity,fua,,PT_POP_SUB (% of working-age population),,,,,higher=better,OECD,
UK047,Chesterfield,UK,indicator,unemployment_rate,Unemployment rate (15-64),Economic Opportunity,fua,,PT_LF_SUB (% of labour force),,,,,higher=worse,OECD,
UK047,Chesterfield,UK,composite,environment_score,Environment composite score,Environment,fua (composite),,score (0-100),75.32,,,,,derived (V1 approved composites),
UK047,Chesterfield,UK,composite,mobility_score,Mobility composite score,Mobility,fua (composite),,score (0-100),98.28,,,,,derived (V1 approved composites),
UK047,Chesterfield,UK,composite,economic_opportunity_score,Economic Opportunity composite score,Economic Opportunity,fua (composite),,score (0-100),,,,,,derived (V1 approved composites),
UK047,Chesterfield,UK,context,population,Population (total),Context,fua,106045,PS (persons),,2024,,,neutral (context),OECD,
UK047,Chesterfield,UK,context,commuting_public_transport,Commuting mode share - public transport,Mobility (context),fua,6.2,PT_WR (% of workers),,2021,,current,higher=better,OECD,
UK047,Chesterfield,UK,context,commuting_bike,Commuting mode share - bicycle,Mobility (context),fua,1.2,PT_WR (% of workers),,2021,,current,higher=better,OECD,
UK047,Chesterfield,UK,context,commuting_walk,Commuting mode share - walking,Mobility (context),fua,10.4,PT_WR (% of workers),,2021,,current,higher=better,OECD,
UK047,Chesterfield,UK,context,commuting_car,Commuting mode share - car,Mobility (context),fua,78.9,PT_WR (% of workers),,2021,,current,higher=worse,OECD,
UK050,Burnley,UK,indicator,pm25,Mean PM2.5 population exposure,Environment,fua,22.110180815650285,MCG_M3 (ug/m3),87.59,2025,,,higher=worse,OECD,
UK050,Burnley,UK,indicator,green_area,Green area per inhabitant (urban centre),Environment,fua,203,M2_PS (m2/person),82.5,2021,,,higher=better,OECD,
UK050,Burnley,UK,indicator,public_transport_access,Population with access to public transport (15-minute walk),Mobility,fua,98.5,PT_POP (% population),90.58,2023,,,higher=better,OECD,
UK050,Burnley,UK,indicator,employment_rate,Employment rate (15-64),Economic Opportunity,fua,,PT_POP_SUB (% of working-age population),,,,,higher=better,OECD,
UK050,Burnley,UK,indicator,unemployment_rate,Unemployment rate (15-64),Economic Opportunity,fua,,PT_LF_SUB (% of labour force),,,,,higher=worse,OECD,
UK050,Burnley,UK,composite,environment_score,Environment composite score,Environment,fua (composite),,score (0-100),85.05,,,,,derived (V1 approved composites),
UK050,Burnley,UK,composite,mobility_score,Mobility composite score,Mobility,fua (composite),,score (0-100),90.58,,,,,derived (V1 approved composites),
UK050,Burnley,UK,composite,economic_opportunity_score,Economic Opportunity composite score,Economic Opportunity,fua (composite),,score (0-100),,,,,,derived (V1 approved composites),
UK050,Burnley,UK,context,population,Population (total),Context,fua,199010,PS (persons),,2024,,,neutral (context),OECD,
UK050,Burnley,UK,context,commuting_public_transport,Commuting mode share - public transport,Mobility (context),fua,4.9,PT_WR (% of workers),,2021,,current,higher=better,OECD,
UK050,Burnley,UK,context,commuting_bike,Commuting mode share - bicycle,Mobility (context),fua,1.1,PT_WR (% of workers),,2021,,current,higher=better,OECD,
UK050,Burnley,UK,context,commuting_walk,Commuting mode share - walking,Mobility (context),fua,13.3,PT_WR (% of workers),,2021,,current,higher=better,OECD,
UK050,Burnley,UK,context,commuting_car,Commuting mode share - car,Mobility (context),fua,76,PT_WR (% of workers),,2021,,current,higher=worse,OECD,
UK051,Great Yarmouth,UK,indicator,pm25,Mean PM2.5 population exposure,Environment,fua,23.43975187886804,MCG_M3 (ug/m3),81.68,2025,,,higher=worse,OECD,
UK051,Great Yarmouth,UK,indicator,green_area,Green area per inhabitant (urban centre),Environment,fua,98,M2_PS (m2/person),24.16,2021,,,higher=better,OECD,
UK051,Great Yarmouth,UK,indicator,public_transport_access,Population with access to public transport (15-minute walk),Mobility,fua,97.3,PT_POP (% population),74.27,2023,,,higher=better,OECD,
UK051,Great Yarmouth,UK,indicator,employment_rate,Employment rate (15-64),Economic Opportunity,fua,,PT_POP_SUB (% of working-age population),,,,,higher=better,OECD,
UK051,Great Yarmouth,UK,indicator,unemployment_rate,Unemployment rate (15-64),Economic Opportunity,fua,,PT_LF_SUB (% of labour force),,,,,higher=worse,OECD,
UK051,Great Yarmouth,UK,composite,environment_score,Environment composite score,Environment,fua (composite),,score (0-100),52.92,,,,,derived (V1 approved composites),
UK051,Great Yarmouth,UK,composite,mobility_score,Mobility composite score,Mobility,fua (composite),,score (0-100),74.27,,,,,derived (V1 approved composites),
UK051,Great Yarmouth,UK,composite,economic_opportunity_score,Economic Opportunity composite score,Economic Opportunity,fua (composite),,score (0-100),,,,,,derived (V1 approved composites),
UK051,Great Yarmouth,UK,context,population,Population (total),Context,fua,100529,PS (persons),,2024,,,neutral (context),OECD,
UK051,Great Yarmouth,UK,context,commuting_public_transport,Commuting mode share - public transport,Mobility (context),fua,5.7,PT_WR (% of workers),,2021,,current,higher=better,OECD,
UK051,Great Yarmouth,UK,context,commuting_bike,Commuting mode share - bicycle,Mobility (context),fua,3.7,PT_WR (% of workers),,2021,,current,higher=better,OECD,
UK051,Great Yarmouth,UK,context,commuting_walk,Commuting mode share - walking,Mobility (context),fua,12.6,PT_WR (% of workers),,2021,,current,higher=better,OECD,
UK051,Great Yarmouth,UK,context,commuting_car,Commuting mode share - car,Mobility (context),fua,73.9,PT_WR (% of workers),,2021,,current,higher=worse,OECD,
UK055,Eastbourne,UK,indicator,pm25,Mean PM2.5 population exposure,Environment,fua,26.573190404434747,MCG_M3 (ug/m3),63.96,2025,,,higher=worse,OECD,
UK055,Eastbourne,UK,indicator,green_area,Green area per inhabitant (urban centre),Environment,fua,120,M2_PS (m2/person),35.23,2021,,,higher=better,OECD,
UK055,Eastbourne,UK,indicator,public_transport_access,Population with access to public transport (15-minute walk),Mobility,fua,99.5,PT_POP (% population),98.28,2023,,,higher=better,OECD,
UK055,Eastbourne,UK,indicator,employment_rate,Employment rate (15-64),Economic Opportunity,fua,,PT_POP_SUB (% of working-age population),,,,,higher=better,OECD,
UK055,Eastbourne,UK,indicator,unemployment_rate,Unemployment rate (15-64),Economic Opportunity,fua,,PT_LF_SUB (% of labour force),,,,,higher=worse,OECD,
UK055,Eastbourne,UK,composite,environment_score,Environment composite score,Environment,fua (composite),,score (0-100),49.59,,,,,derived (V1 approved composites),
UK055,Eastbourne,UK,composite,mobility_score,Mobility composite score,Mobility,fua (composite),,score (0-100),98.28,,,,,derived (V1 approved composites),
UK055,Eastbourne,UK,composite,economic_opportunity_score,Economic Opportunity composite score,Economic Opportunity,fua (composite),,score (0-100),,,,,,derived (V1 approved composites),
UK055,Eastbourne,UK,context,population,Population (total),Context,fua,104259,PS (persons),,2024,,,neutral (context),OECD,
UK055,Eastbourne,UK,context,commuting_public_transport,Commuting mode share - public transport,Mobility (context),fua,8.2,PT_WR (% of workers),,2021,,current,higher=better,OECD,
UK055,Eastbourne,UK,context,commuting_bike,Commuting mode share - bicycle,Mobility (context),fua,3.1,PT_WR (% of workers),,2021,,current,higher=better,OECD,
UK055,Eastbourne,UK,context,commuting_walk,Commuting mode share - walking,Mobility (context),fua,15.7,PT_WR (% of workers),,2021,,current,higher=better,OECD,
UK055,Eastbourne,UK,context,commuting_car,Commuting mode share - car,Mobility (context),fua,69.6,PT_WR (% of workers),,2021,,current,higher=worse,OECD,
UK056,Hastings,UK,indicator,pm25,Mean PM2.5 population exposure,Environment,fua,25.27614065667961,MCG_M3 (ug/m3),70.61,2025,,,higher=worse,OECD,
UK056,Hastings,UK,indicator,green_area,Green area per inhabitant (urban centre),Environment,fua,171,M2_PS (m2/person),68.7,2021,,,higher=better,OECD,
UK056,Hastings,UK,indicator,public_transport_access,Population with access to public transport (15-minute walk),Mobility,fua,95.3,PT_POP (% population),54.11,2023,,,higher=better,OECD,
UK056,Hastings,UK,indicator,employment_rate,Employment rate (15-64),Economic Opportunity,fua,,PT_POP_SUB (% of working-age population),,,,,higher=better,OECD,
UK056,Hastings,UK,indicator,unemployment_rate,Unemployment rate (15-64),Economic Opportunity,fua,,PT_LF_SUB (% of labour force),,,,,higher=worse,OECD,
UK056,Hastings,UK,composite,environment_score,Environment composite score,Environment,fua (composite),,score (0-100),69.66,,,,,derived (V1 approved composites),
UK056,Hastings,UK,composite,mobility_score,Mobility composite score,Mobility,fua (composite),,score (0-100),54.11,,,,,derived (V1 approved composites),
UK056,Hastings,UK,composite,economic_opportunity_score,Economic Opportunity composite score,Economic Opportunity,fua (composite),,score (0-100),,,,,,derived (V1 approved composites),
UK056,Hastings,UK,context,population,Population (total),Context,fua,187352,PS (persons),,2024,,,neutral (context),OECD,
UK056,Hastings,UK,context,commuting_public_transport,Commuting mode share - public transport,Mobility (context),fua,6.3,PT_WR (% of workers),,2021,,current,higher=better,OECD,
UK056,Hastings,UK,context,commuting_bike,Commuting mode share - bicycle,Mobility (context),fua,1.6,PT_WR (% of workers),,2021,,current,higher=better,OECD,
UK056,Hastings,UK,context,commuting_walk,Commuting mode share - walking,Mobility (context),fua,13.1,PT_WR (% of workers),,2021,,current,higher=better,OECD,
UK056,Hastings,UK,context,commuting_car,Commuting mode share - car,Mobility (context),fua,75,PT_WR (% of workers),,2021,,current,higher=worse,OECD,
UK059,Redditch,UK,indicator,pm25,Mean PM2.5 population exposure,Environment,fua,24.387847701776362,MCG_M3 (ug/m3),75.33,2025,,,higher=worse,OECD,
UK059,Redditch,UK,indicator,green_area,Green area per inhabitant (urban centre),Environment,fua,204,M2_PS (m2/person),82.91,2021,,,higher=better,OECD,
UK059,Redditch,UK,indicator,public_transport_access,Population with access to public transport (15-minute walk),Mobility,fua,98.1,PT_POP (% population),85.68,2023,,,higher=better,OECD,
UK059,Redditch,UK,indicator,employment_rate,Employment rate (15-64),Economic Opportunity,fua,,PT_POP_SUB (% of working-age population),,,,,higher=better,OECD,
UK059,Redditch,UK,indicator,unemployment_rate,Unemployment rate (15-64),Economic Opportunity,fua,,PT_LF_SUB (% of labour force),,,,,higher=worse,OECD,
UK059,Redditch,UK,composite,environment_score,Environment composite score,Environment,fua (composite),,score (0-100),79.12,,,,,derived (V1 approved composites),
UK059,Redditch,UK,composite,mobility_score,Mobility composite score,Mobility,fua (composite),,score (0-100),85.68,,,,,derived (V1 approved composites),
UK059,Redditch,UK,composite,economic_opportunity_score,Economic Opportunity composite score,Economic Opportunity,fua (composite),,score (0-100),,,,,,derived (V1 approved composites),
UK059,Redditch,UK,context,population,Population (total),Context,fua,87847,PS (persons),,2024,,,neutral (context),OECD,
UK059,Redditch,UK,context,commuting_public_transport,Commuting mode share - public transport,Mobility (context),fua,4.9,PT_WR (% of workers),,2021,,current,higher=better,OECD,
UK059,Redditch,UK,context,commuting_bike,Commuting mode share - bicycle,Mobility (context),fua,1.8,PT_WR (% of workers),,2021,,current,higher=better,OECD,
UK059,Redditch,UK,context,commuting_walk,Commuting mode share - walking,Mobility (context),fua,8.1,PT_WR (% of workers),,2021,,current,higher=better,OECD,
UK059,Redditch,UK,context,commuting_car,Commuting mode share - car,Mobility (context),fua,82.2,PT_WR (% of workers),,2021,,current,higher=worse,OECD,
UK062,Halton,UK,indicator,pm25,Mean PM2.5 population exposure,Environment,fua,24.19374131429025,MCG_M3 (ug/m3),77.1,2025,,,higher=worse,OECD,
UK062,Halton,UK,indicator,green_area,Green area per inhabitant (urban centre),Environment,fua,201,M2_PS (m2/person),81.94,2021,,,higher=better,OECD,
UK062,Halton,UK,indicator,public_transport_access,Population with access to public transport (15-minute walk),Mobility,fua,98,PT_POP (% population),84.48,2023,,,higher=better,OECD,
UK062,Halton,UK,indicator,employment_rate,Employment rate (15-64),Economic Opportunity,fua,,PT_POP_SUB (% of working-age population),,,,,higher=better,OECD,
UK062,Halton,UK,indicator,unemployment_rate,Unemployment rate (15-64),Economic Opportunity,fua,,PT_LF_SUB (% of labour force),,,,,higher=worse,OECD,
UK062,Halton,UK,composite,environment_score,Environment composite score,Environment,fua (composite),,score (0-100),79.52,,,,,derived (V1 approved composites),
UK062,Halton,UK,composite,mobility_score,Mobility composite score,Mobility,fua (composite),,score (0-100),84.48,,,,,derived (V1 approved composites),
UK062,Halton,UK,composite,economic_opportunity_score,Economic Opportunity composite score,Economic Opportunity,fua (composite),,score (0-100),,,,,,derived (V1 approved composites),
UK062,Halton,UK,context,population,Population (total),Context,fua,131543,PS (persons),,2024,,,neutral (context),OECD,
UK062,Halton,UK,context,commuting_public_transport,Commuting mode share - public transport,Mobility (context),fua,5.5,PT_WR (% of workers),,2021,,current,higher=better,OECD,
UK062,Halton,UK,context,commuting_bike,Commuting mode share - bicycle,Mobility (context),fua,2.7,PT_WR (% of workers),,2021,,current,higher=better,OECD,
UK062,Halton,UK,context,commuting_walk,Commuting mode share - walking,Mobility (context),fua,9.7,PT_WR (% of workers),,2021,,current,higher=better,OECD,
UK062,Halton,UK,context,commuting_car,Commuting mode share - car,Mobility (context),fua,79.3,PT_WR (% of workers),,2021,,current,higher=worse,OECD,
UK506,Doncaster,UK,indicator,pm25,Mean PM2.5 population exposure,Environment,fua,21.18735236025788,MCG_M3 (ug/m3),90.84,2025,,,higher=worse,OECD,
UK506,Doncaster,UK,indicator,green_area,Green area per inhabitant (urban centre),Environment,fua,148,M2_PS (m2/person),55.22,2021,,,higher=better,OECD,
UK506,Doncaster,UK,indicator,public_transport_access,Population with access to public transport (15-minute walk),Mobility,fua,98.1,PT_POP (% population),85.68,2023,,,higher=better,OECD,
UK506,Doncaster,UK,indicator,employment_rate,Employment rate (15-64),Economic Opportunity,fua,,PT_POP_SUB (% of working-age population),,,,,higher=better,OECD,
UK506,Doncaster,UK,indicator,unemployment_rate,Unemployment rate (15-64),Economic Opportunity,fua,,PT_LF_SUB (% of labour force),,,,,higher=worse,OECD,
UK506,Doncaster,UK,composite,environment_score,Environment composite score,Environment,fua (composite),,score (0-100),73.03,,,,,derived (V1 approved composites),
UK506,Doncaster,UK,composite,mobility_score,Mobility composite score,Mobility,fua (composite),,score (0-100),85.68,,,,,derived (V1 approved composites),
UK506,Doncaster,UK,composite,economic_opportunity_score,Economic Opportunity composite score,Economic Opportunity,fua (composite),,score (0-100),,,,,,derived (V1 approved composites),
UK506,Doncaster,UK,context,population,Population (total),Context,fua,319765,PS (persons),,2024,,,neutral (context),OECD,
UK506,Doncaster,UK,context,commuting_public_transport,Commuting mode share - public transport,Mobility (context),fua,6.7,PT_WR (% of workers),,2021,,current,higher=better,OECD,
UK506,Doncaster,UK,context,commuting_bike,Commuting mode share - bicycle,Mobility (context),fua,2.2,PT_WR (% of workers),,2021,,current,higher=better,OECD,
UK506,Doncaster,UK,context,commuting_walk,Commuting mode share - walking,Mobility (context),fua,8.7,PT_WR (% of workers),,2021,,current,higher=better,OECD,
UK506,Doncaster,UK,context,commuting_car,Commuting mode share - car,Mobility (context),fua,79.3,PT_WR (% of workers),,2021,,current,higher=worse,OECD,
UK510,Sunderland,UK,indicator,pm25,Mean PM2.5 population exposure,Environment,fua,21.100930904405143,MCG_M3 (ug/m3),90.99,2025,,,higher=worse,OECD,
UK510,Sunderland,UK,indicator,green_area,Green area per inhabitant (urban centre),Environment,fua,140,M2_PS (m2/person),48.96,2021,,,higher=better,OECD,
UK510,Sunderland,UK,indicator,public_transport_access,Population with access to public transport (15-minute walk),Mobility,fua,99.4,PT_POP (% population),97.75,2023,,,higher=better,OECD,
UK510,Sunderland,UK,indicator,employment_rate,Employment rate (15-64),Economic Opportunity,fua,,PT_POP_SUB (% of working-age population),,,,,higher=better,OECD,
UK510,Sunderland,UK,indicator,unemployment_rate,Unemployment rate (15-64),Economic Opportunity,fua,,PT_LF_SUB (% of labour force),,,,,higher=worse,OECD,
UK510,Sunderland,UK,composite,environment_score,Environment composite score,Environment,fua (composite),,score (0-100),69.97,,,,,derived (V1 approved composites),
UK510,Sunderland,UK,composite,mobility_score,Mobility composite score,Mobility,fua (composite),,score (0-100),97.75,,,,,derived (V1 approved composites),
UK510,Sunderland,UK,composite,economic_opportunity_score,Economic Opportunity composite score,Economic Opportunity,fua (composite),,score (0-100),,,,,,derived (V1 approved composites),
UK510,Sunderland,UK,context,population,Population (total),Context,fua,288606,PS (persons),,2024,,,neutral (context),OECD,
UK510,Sunderland,UK,context,commuting_public_transport,Commuting mode share - public transport,Mobility (context),fua,10.5,PT_WR (% of workers),,2021,,current,higher=better,OECD,
UK510,Sunderland,UK,context,commuting_bike,Commuting mode share - bicycle,Mobility (context),fua,1.7,PT_WR (% of workers),,2021,,current,higher=better,OECD,
UK510,Sunderland,UK,context,commuting_walk,Commuting mode share - walking,Mobility (context),fua,9.8,PT_WR (% of workers),,2021,,current,higher=better,OECD,
UK510,Sunderland,UK,context,commuting_car,Commuting mode share - car,Mobility (context),fua,75.1,PT_WR (% of workers),,2021,,current,higher=worse,OECD,
UK513,Medway,UK,indicator,pm25,Mean PM2.5 population exposure,Environment,fua,24.134521701983005,MCG_M3 (ug/m3),77.55,2025,,,higher=worse,OECD,
UK513,Medway,UK,indicator,green_area,Green area per inhabitant (urban centre),Environment,fua,121,M2_PS (m2/person),35.96,2021,,,higher=better,OECD,
UK513,Medway,UK,indicator,public_transport_access,Population with access to public transport (15-minute walk),Mobility,fua,98.9,PT_POP (% population),95.09,2023,,,higher=better,OECD,
UK513,Medway,UK,indicator,employment_rate,Employment rate (15-64),Economic Opportunity,fua,,PT_POP_SUB (% of working-age population),,,,,higher=better,OECD,
UK513,Medway,UK,indicator,unemployment_rate,Unemployment rate (15-64),Economic Opportunity,fua,,PT_LF_SUB (% of labour force),,,,,higher=worse,OECD,
UK513,Medway,UK,composite,environment_score,Environment composite score,Environment,fua (composite),,score (0-100),56.75,,,,,derived (V1 approved composites),
UK513,Medway,UK,composite,mobility_score,Mobility composite score,Mobility,fua (composite),,score (0-100),95.09,,,,,derived (V1 approved composites),
UK513,Medway,UK,composite,economic_opportunity_score,Economic Opportunity composite score,Economic Opportunity,fua (composite),,score (0-100),,,,,,derived (V1 approved composites),
UK513,Medway,UK,context,population,Population (total),Context,fua,292655,PS (persons),,2024,,,neutral (context),OECD,
UK513,Medway,UK,context,commuting_public_transport,Commuting mode share - public transport,Mobility (context),fua,8.9,PT_WR (% of workers),,2021,,current,higher=better,OECD,
UK513,Medway,UK,context,commuting_bike,Commuting mode share - bicycle,Mobility (context),fua,1,PT_WR (% of workers),,2021,,current,higher=better,OECD,
UK513,Medway,UK,context,commuting_walk,Commuting mode share - walking,Mobility (context),fua,9.7,PT_WR (% of workers),,2021,,current,higher=better,OECD,
UK513,Medway,UK,context,commuting_car,Commuting mode share - car,Mobility (context),fua,77.2,PT_WR (% of workers),,2021,,current,higher=worse,OECD,
UK515,Brighton and Hove,UK,indicator,pm25,Mean PM2.5 population exposure,Environment,fua,25.78113105647731,MCG_M3 (ug/m3),67.95,2025,,,higher=worse,OECD,
UK515,Brighton and Hove,UK,indicator,green_area,Green area per inhabitant (urban centre),Environment,fua,86,M2_PS (m2/person),17.26,2021,,,higher=better,OECD,
UK515,Brighton and Hove,UK,indicator,public_transport_access,Population with access to public transport (15-minute walk),Mobility,fua,98.9,PT_POP (% population),95.09,2023,,,higher=better,OECD,
UK515,Brighton and Hove,UK,indicator,employment_rate,Employment rate (15-64),Economic Opportunity,fua,,PT_POP_SUB (% of working-age population),,,,,higher=better,OECD,
UK515,Brighton and Hove,UK,indicator,unemployment_rate,Unemployment rate (15-64),Economic Opportunity,fua,,PT_LF_SUB (% of labour force),,,,,higher=worse,OECD,
UK515,Brighton and Hove,UK,composite,environment_score,Environment composite score,Environment,fua (composite),,score (0-100),42.61,,,,,derived (V1 approved composites),
UK515,Brighton and Hove,UK,composite,mobility_score,Mobility composite score,Mobility,fua (composite),,score (0-100),95.09,,,,,derived (V1 approved composites),
UK515,Brighton and Hove,UK,composite,economic_opportunity_score,Economic Opportunity composite score,Economic Opportunity,fua (composite),,score (0-100),,,,,,derived (V1 approved composites),
UK515,Brighton and Hove,UK,context,population,Population (total),Context,fua,451122,PS (persons),,2024,,,neutral (context),OECD,
UK515,Brighton and Hove,UK,context,commuting_public_transport,Commuting mode share - public transport,Mobility (context),fua,14.3,PT_WR (% of workers),,2021,,current,higher=better,OECD,
UK515,Brighton and Hove,UK,context,commuting_bike,Commuting mode share - bicycle,Mobility (context),fua,5.2,PT_WR (% of workers),,2021,,current,higher=better,OECD,
UK515,Brighton and Hove,UK,context,commuting_walk,Commuting mode share - walking,Mobility (context),fua,19.5,PT_WR (% of workers),,2021,,current,higher=better,OECD,
UK515,Brighton and Hove,UK,context,commuting_car,Commuting mode share - car,Mobility (context),fua,57.5,PT_WR (% of workers),,2021,,current,higher=worse,OECD,
UK516,Plymouth,UK,indicator,pm25,Mean PM2.5 population exposure,Environment,fua,21.919380222339413,MCG_M3 (ug/m3),88.92,2025,,,higher=worse,OECD,
UK516,Plymouth,UK,indicator,green_area,Green area per inhabitant (urban centre),Environment,fua,158,M2_PS (m2/person),61.24,2021,,,higher=better,OECD,
UK516,Plymouth,UK,indicator,public_transport_access,Population with access to public transport (15-minute walk),Mobility,fua,93.7,PT_POP (% population),42.84,2023,,,higher=better,OECD,
UK516,Plymouth,UK,indicator,employment_rate,Employment rate (15-64),Economic Opportunity,fua,,PT_POP_SUB (% of working-age population),,,,,higher=better,OECD,
UK516,Plymouth,UK,indicator,unemployment_rate,Unemployment rate (15-64),Economic Opportunity,fua,,PT_LF_SUB (% of labour force),,,,,higher=worse,OECD,
UK516,Plymouth,UK,composite,environment_score,Environment composite score,Environment,fua (composite),,score (0-100),75.08,,,,,derived (V1 approved composites),
UK516,Plymouth,UK,composite,mobility_score,Mobility composite score,Mobility,fua (composite),,score (0-100),42.84,,,,,derived (V1 approved composites),
UK516,Plymouth,UK,composite,economic_opportunity_score,Economic Opportunity composite score,Economic Opportunity,fua (composite),,score (0-100),,,,,,derived (V1 approved composites),
UK516,Plymouth,UK,context,population,Population (total),Context,fua,423138,PS (persons),,2024,,,neutral (context),OECD,
UK516,Plymouth,UK,context,commuting_public_transport,Commuting mode share - public transport,Mobility (context),fua,6.5,PT_WR (% of workers),,2021,,current,higher=better,OECD,
UK516,Plymouth,UK,context,commuting_bike,Commuting mode share - bicycle,Mobility (context),fua,2.3,PT_WR (% of workers),,2021,,current,higher=better,OECD,
UK516,Plymouth,UK,context,commuting_walk,Commuting mode share - walking,Mobility (context),fua,13,PT_WR (% of workers),,2021,,current,higher=better,OECD,
UK516,Plymouth,UK,context,commuting_car,Commuting mode share - car,Mobility (context),fua,74.2,PT_WR (% of workers),,2021,,current,higher=worse,OECD,
UK517,Swansea,UK,indicator,pm25,Mean PM2.5 population exposure,Environment,fua,20.312913520507347,MCG_M3 (ug/m3),92.47,2025,,,higher=worse,OECD,
UK517,Swansea,UK,indicator,green_area,Green area per inhabitant (urban centre),Environment,fua,239,M2_PS (m2/person),93.18,2021,,,higher=better,OECD,
UK517,Swansea,UK,indicator,public_transport_access,Population with access to public transport (15-minute walk),Mobility,fua,97.6,PT_POP (% population),78.78,2023,,,higher=better,OECD,
UK517,Swansea,UK,indicator,employment_rate,Employment rate (15-64),Economic Opportunity,fua,,PT_POP_SUB (% of working-age population),,,,,higher=better,OECD,
UK517,Swansea,UK,indicator,unemployment_rate,Unemployment rate (15-64),Economic Opportunity,fua,,PT_LF_SUB (% of labour force),,,,,higher=worse,OECD,
UK517,Swansea,UK,composite,environment_score,Environment composite score,Environment,fua (composite),,score (0-100),92.83,,,,,derived (V1 approved composites),
UK517,Swansea,UK,composite,mobility_score,Mobility composite score,Mobility,fua (composite),,score (0-100),78.78,,,,,derived (V1 approved composites),
UK517,Swansea,UK,composite,economic_opportunity_score,Economic Opportunity composite score,Economic Opportunity,fua (composite),,score (0-100),,,,,,derived (V1 approved composites),
UK517,Swansea,UK,context,population,Population (total),Context,fua,394553,PS (persons),,2024,,,neutral (context),OECD,
UK517,Swansea,UK,context,commuting_public_transport,Commuting mode share - public transport,Mobility (context),fua,3.9,PT_WR (% of workers),,2021,,current,higher=better,OECD,
UK517,Swansea,UK,context,commuting_bike,Commuting mode share - bicycle,Mobility (context),fua,1.4,PT_WR (% of workers),,2021,,current,higher=better,OECD,
UK517,Swansea,UK,context,commuting_walk,Commuting mode share - walking,Mobility (context),fua,8.4,PT_WR (% of workers),,2021,,current,higher=better,OECD,
UK517,Swansea,UK,context,commuting_car,Commuting mode share - car,Mobility (context),fua,83.7,PT_WR (% of workers),,2021,,current,higher=worse,OECD,
UK518,Derby,UK,indicator,pm25,Mean PM2.5 population exposure,Environment,fua,21.621905178485644,MCG_M3 (ug/m3),89.81,2025,,,higher=worse,OECD,
UK518,Derby,UK,indicator,green_area,Green area per inhabitant (urban centre),Environment,fua,149,M2_PS (m2/person),55.7,2021,,,higher=better,OECD,
UK518,Derby,UK,indicator,public_transport_access,Population with access to public transport (15-minute walk),Mobility,fua,97.2,PT_POP (% population),72.68,2023,,,higher=better,OECD,
UK518,Derby,UK,indicator,employment_rate,Employment rate (15-64),Economic Opportunity,fua,,PT_POP_SUB (% of working-age population),,,,,higher=better,OECD,
UK518,Derby,UK,indicator,unemployment_rate,Unemployment rate (15-64),Economic Opportunity,fua,,PT_LF_SUB (% of labour force),,,,,higher=worse,OECD,
UK518,Derby,UK,composite,environment_score,Environment composite score,Environment,fua (composite),,score (0-100),72.75,,,,,derived (V1 approved composites),
UK518,Derby,UK,composite,mobility_score,Mobility composite score,Mobility,fua (composite),,score (0-100),72.68,,,,,derived (V1 approved composites),
UK518,Derby,UK,composite,economic_opportunity_score,Economic Opportunity composite score,Economic Opportunity,fua (composite),,score (0-100),,,,,,derived (V1 approved composites),
UK518,Derby,UK,context,population,Population (total),Context,fua,522093,PS (persons),,2024,,,neutral (context),OECD,
UK518,Derby,UK,context,commuting_public_transport,Commuting mode share - public transport,Mobility (context),fua,5.3,PT_WR (% of workers),,2021,,current,higher=better,OECD,
UK518,Derby,UK,context,commuting_bike,Commuting mode share - bicycle,Mobility (context),fua,2.3,PT_WR (% of workers),,2021,,current,higher=better,OECD,
UK518,Derby,UK,context,commuting_walk,Commuting mode share - walking,Mobility (context),fua,10.3,PT_WR (% of workers),,2021,,current,higher=better,OECD,
UK518,Derby,UK,context,commuting_car,Commuting mode share - car,Mobility (context),fua,78.9,PT_WR (% of workers),,2021,,current,higher=worse,OECD,
UK520,Southampton,UK,indicator,pm25,Mean PM2.5 population exposure,Environment,fua,24.98693095992153,MCG_M3 (ug/m3),71.79,2025,,,higher=worse,OECD,
UK520,Southampton,UK,indicator,green_area,Green area per inhabitant (urban centre),Environment,fua,166,M2_PS (m2/person),65.41,2021,,,higher=better,OECD,
UK520,Southampton,UK,indicator,public_transport_access,Population with access to public transport (15-minute walk),Mobility,fua,96,PT_POP (% population),60.48,2023,,,higher=better,OECD,
UK520,Southampton,UK,indicator,employment_rate,Employment rate (15-64),Economic Opportunity,fua,,PT_POP_SUB (% of working-age population),,,,,higher=better,OECD,
UK520,Southampton,UK,indicator,unemployment_rate,Unemployment rate (15-64),Economic Opportunity,fua,,PT_LF_SUB (% of labour force),,,,,higher=worse,OECD,
UK520,Southampton,UK,composite,environment_score,Environment composite score,Environment,fua (composite),,score (0-100),68.6,,,,,derived (V1 approved composites),
UK520,Southampton,UK,composite,mobility_score,Mobility composite score,Mobility,fua (composite),,score (0-100),60.48,,,,,derived (V1 approved composites),
UK520,Southampton,UK,composite,economic_opportunity_score,Economic Opportunity composite score,Economic Opportunity,fua (composite),,score (0-100),,,,,,derived (V1 approved composites),
UK520,Southampton,UK,context,population,Population (total),Context,fua,713674,PS (persons),,2024,,,neutral (context),OECD,
UK520,Southampton,UK,context,commuting_public_transport,Commuting mode share - public transport,Mobility (context),fua,5.8,PT_WR (% of workers),,2021,,current,higher=better,OECD,
UK520,Southampton,UK,context,commuting_bike,Commuting mode share - bicycle,Mobility (context),fua,3.3,PT_WR (% of workers),,2021,,current,higher=better,OECD,
UK520,Southampton,UK,context,commuting_walk,Commuting mode share - walking,Mobility (context),fua,11.9,PT_WR (% of workers),,2021,,current,higher=better,OECD,
UK520,Southampton,UK,context,commuting_car,Commuting mode share - car,Mobility (context),fua,76,PT_WR (% of workers),,2021,,current,higher=worse,OECD,
UK525,Milton Keynes,UK,indicator,pm25,Mean PM2.5 population exposure,Environment,fua,25.310139220427857,MCG_M3 (ug/m3),70.01,2025,,,higher=worse,OECD,
UK525,Milton Keynes,UK,indicator,green_area,Green area per inhabitant (urban centre),Environment,fua,198,M2_PS (m2/person),80.42,2021,,,higher=better,OECD,
UK525,Milton Keynes,UK,indicator,public_transport_access,Population with access to public transport (15-minute walk),Mobility,fua,95.1,PT_POP (% population),52.39,2023,,,higher=better,OECD,
UK525,Milton Keynes,UK,indicator,employment_rate,Employment rate (15-64),Economic Opportunity,fua,,PT_POP_SUB (% of working-age population),,,,,higher=better,OECD,
UK525,Milton Keynes,UK,indicator,unemployment_rate,Unemployment rate (15-64),Economic Opportunity,fua,,PT_LF_SUB (% of labour force),,,,,higher=worse,OECD,
UK525,Milton Keynes,UK,composite,environment_score,Environment composite score,Environment,fua (composite),,score (0-100),75.22,,,,,derived (V1 approved composites),
UK525,Milton Keynes,UK,composite,mobility_score,Mobility composite score,Mobility,fua (composite),,score (0-100),52.39,,,,,derived (V1 approved composites),
UK525,Milton Keynes,UK,composite,economic_opportunity_score,Economic Opportunity composite score,Economic Opportunity,fua (composite),,score (0-100),,,,,,derived (V1 approved composites),
UK525,Milton Keynes,UK,context,population,Population (total),Context,fua,305884,PS (persons),,2024,,,neutral (context),OECD,
UK525,Milton Keynes,UK,context,commuting_public_transport,Commuting mode share - public transport,Mobility (context),fua,7.3,PT_WR (% of workers),,2021,,current,higher=better,OECD,
UK525,Milton Keynes,UK,context,commuting_bike,Commuting mode share - bicycle,Mobility (context),fua,3.1,PT_WR (% of workers),,2021,,current,higher=better,OECD,
UK525,Milton Keynes,UK,context,commuting_walk,Commuting mode share - walking,Mobility (context),fua,8,PT_WR (% of workers),,2021,,current,higher=better,OECD,
UK525,Milton Keynes,UK,context,commuting_car,Commuting mode share - car,Mobility (context),fua,76.4,PT_WR (% of workers),,2021,,current,higher=worse,OECD,
UK528,Northampton,UK,indicator,pm25,Mean PM2.5 population exposure,Environment,fua,25.593995055111534,MCG_M3 (ug/m3),69.13,2025,,,higher=worse,OECD,
UK528,Northampton,UK,indicator,green_area,Green area per inhabitant (urban centre),Environment,fua,152,M2_PS (m2/person),57.38,2021,,,higher=better,OECD,
UK528,Northampton,UK,indicator,public_transport_access,Population with access to public transport (15-minute walk),Mobility,fua,90.6,PT_POP (% population),30.77,2023,,,higher=better,OECD,
UK528,Northampton,UK,indicator,employment_rate,Employment rate (15-64),Economic Opportunity,fua,,PT_POP_SUB (% of working-age population),,,,,higher=better,OECD,
UK528,Northampton,UK,indicator,unemployment_rate,Unemployment rate (15-64),Economic Opportunity,fua,,PT_LF_SUB (% of labour force),,,,,higher=worse,OECD,
UK528,Northampton,UK,composite,environment_score,Environment composite score,Environment,fua (composite),,score (0-100),63.25,,,,,derived (V1 approved composites),
UK528,Northampton,UK,composite,mobility_score,Mobility composite score,Mobility,fua (composite),,score (0-100),30.77,,,,,derived (V1 approved composites),
UK528,Northampton,UK,composite,economic_opportunity_score,Economic Opportunity composite score,Economic Opportunity,fua (composite),,score (0-100),,,,,,derived (V1 approved composites),
UK528,Northampton,UK,context,population,Population (total),Context,fua,439811,PS (persons),,2024,,,neutral (context),OECD,
UK528,Northampton,UK,context,commuting_public_transport,Commuting mode share - public transport,Mobility (context),fua,5.9,PT_WR (% of workers),,2021,,current,higher=better,OECD,
UK528,Northampton,UK,context,commuting_bike,Commuting mode share - bicycle,Mobility (context),fua,2.2,PT_WR (% of workers),,2021,,current,higher=better,OECD,
UK528,Northampton,UK,context,commuting_walk,Commuting mode share - walking,Mobility (context),fua,9.8,PT_WR (% of workers),,2021,,current,higher=better,OECD,
UK528,Northampton,UK,context,commuting_car,Commuting mode share - car,Mobility (context),fua,79.6,PT_WR (% of workers),,2021,,current,higher=worse,OECD,
UK531,Warrington,UK,indicator,pm25,Mean PM2.5 population exposure,Environment,fua,24.837476719051814,MCG_M3 (ug/m3),72.23,2025,,,higher=worse,OECD,
UK531,Warrington,UK,indicator,green_area,Green area per inhabitant (urban centre),Environment,fua,176,M2_PS (m2/person),71.11,2021,,,higher=better,OECD,
UK531,Warrington,UK,indicator,public_transport_access,Population with access to public transport (15-minute walk),Mobility,fua,98.4,PT_POP (% population),88.99,2023,,,higher=better,OECD,
UK531,Warrington,UK,indicator,employment_rate,Employment rate (15-64),Economic Opportunity,fua,,PT_POP_SUB (% of working-age population),,,,,higher=better,OECD,
UK531,Warrington,UK,indicator,unemployment_rate,Unemployment rate (15-64),Economic Opportunity,fua,,PT_LF_SUB (% of labour force),,,,,higher=worse,OECD,
UK531,Warrington,UK,composite,environment_score,Environment composite score,Environment,fua (composite),,score (0-100),71.67,,,,,derived (V1 approved composites),
UK531,Warrington,UK,composite,mobility_score,Mobility composite score,Mobility,fua (composite),,score (0-100),88.99,,,,,derived (V1 approved composites),
UK531,Warrington,UK,composite,economic_opportunity_score,Economic Opportunity composite score,Economic Opportunity,fua (composite),,score (0-100),,,,,,derived (V1 approved composites),
UK531,Warrington,UK,context,population,Population (total),Context,fua,215391,PS (persons),,2024,,,neutral (context),OECD,
UK531,Warrington,UK,context,commuting_public_transport,Commuting mode share - public transport,Mobility (context),fua,4,PT_WR (% of workers),,2021,,current,higher=better,OECD,
UK531,Warrington,UK,context,commuting_bike,Commuting mode share - bicycle,Mobility (context),fua,3.6,PT_WR (% of workers),,2021,,current,higher=better,OECD,
UK531,Warrington,UK,context,commuting_walk,Commuting mode share - walking,Mobility (context),fua,8,PT_WR (% of workers),,2021,,current,higher=better,OECD,
UK531,Warrington,UK,context,commuting_car,Commuting mode share - car,Mobility (context),fua,81.5,PT_WR (% of workers),,2021,,current,higher=worse,OECD,
UK532,Luton,UK,indicator,pm25,Mean PM2.5 population exposure,Environment,fua,20.60213676526948,MCG_M3 (ug/m3),91.88,2025,,,higher=worse,OECD,
UK532,Luton,UK,indicator,green_area,Green area per inhabitant (urban centre),Environment,fua,64,M2_PS (m2/person),9.39,2021,,,higher=better,OECD,
UK532,Luton,UK,indicator,public_transport_access,Population with access to public transport (15-minute walk),Mobility,fua,99.9,PT_POP (% population),99.73,2023,,,higher=better,OECD,
UK532,Luton,UK,indicator,employment_rate,Employment rate (15-64),Economic Opportunity,fua,,PT_POP_SUB (% of working-age population),,,,,higher=better,OECD,
UK532,Luton,UK,indicator,unemployment_rate,Unemployment rate (15-64),Economic Opportunity,fua,,PT_LF_SUB (% of labour force),,,,,higher=worse,OECD,
UK532,Luton,UK,composite,environment_score,Environment composite score,Environment,fua (composite),,score (0-100),50.63,,,,,derived (V1 approved composites),
UK532,Luton,UK,composite,mobility_score,Mobility composite score,Mobility,fua (composite),,score (0-100),99.73,,,,,derived (V1 approved composites),
UK532,Luton,UK,composite,economic_opportunity_score,Economic Opportunity composite score,Economic Opportunity,fua (composite),,score (0-100),,,,,,derived (V1 approved composites),
UK532,Luton,UK,context,population,Population (total),Context,fua,239090,PS (persons),,2024,,,neutral (context),OECD,
UK532,Luton,UK,context,commuting_public_transport,Commuting mode share - public transport,Mobility (context),fua,12.3,PT_WR (% of workers),,2021,,current,higher=better,OECD,
UK532,Luton,UK,context,commuting_bike,Commuting mode share - bicycle,Mobility (context),fua,1.4,PT_WR (% of workers),,2021,,current,higher=better,OECD,
UK532,Luton,UK,context,commuting_walk,Commuting mode share - walking,Mobility (context),fua,11.6,PT_WR (% of workers),,2021,,current,higher=better,OECD,
UK532,Luton,UK,context,commuting_car,Commuting mode share - car,Mobility (context),fua,70.1,PT_WR (% of workers),,2021,,current,higher=worse,OECD,
UK533,York,UK,indicator,pm25,Mean PM2.5 population exposure,Environment,fua,21.850802663242494,MCG_M3 (ug/m3),89.22,2025,,,higher=worse,OECD,
UK533,York,UK,indicator,green_area,Green area per inhabitant (urban centre),Environment,fua,118,M2_PS (m2/person),34.51,2021,,,higher=better,OECD,
UK533,York,UK,indicator,public_transport_access,Population with access to public transport (15-minute walk),Mobility,fua,98.5,PT_POP (% population),90.58,2023,,,higher=better,OECD,
UK533,York,UK,indicator,employment_rate,Employment rate (15-64),Economic Opportunity,fua,,PT_POP_SUB (% of working-age population),,,,,higher=better,OECD,
UK533,York,UK,indicator,unemployment_rate,Unemployment rate (15-64),Economic Opportunity,fua,,PT_LF_SUB (% of labour force),,,,,higher=worse,OECD,
UK533,York,UK,composite,environment_score,Environment composite score,Environment,fua (composite),,score (0-100),61.86,,,,,derived (V1 approved composites),
UK533,York,UK,composite,mobility_score,Mobility composite score,Mobility,fua (composite),,score (0-100),90.58,,,,,derived (V1 approved composites),
UK533,York,UK,composite,economic_opportunity_score,Economic Opportunity composite score,Economic Opportunity,fua (composite),,score (0-100),,,,,,derived (V1 approved composites),
UK533,York,UK,context,population,Population (total),Context,fua,209301,PS (persons),,2024,,,neutral (context),OECD,
UK533,York,UK,context,commuting_public_transport,Commuting mode share - public transport,Mobility (context),fua,6.2,PT_WR (% of workers),,2021,,current,higher=better,OECD,
UK533,York,UK,context,commuting_bike,Commuting mode share - bicycle,Mobility (context),fua,11.3,PT_WR (% of workers),,2021,,current,higher=better,OECD,
UK533,York,UK,context,commuting_walk,Commuting mode share - walking,Mobility (context),fua,18.5,PT_WR (% of workers),,2021,,current,higher=better,OECD,
UK533,York,UK,context,commuting_car,Commuting mode share - car,Mobility (context),fua,61.3,PT_WR (% of workers),,2021,,current,higher=worse,OECD,
UK535,Swindon,UK,indicator,pm25,Mean PM2.5 population exposure,Environment,fua,24.04884381199038,MCG_M3 (ug/m3),78.14,2025,,,higher=worse,OECD,
UK535,Swindon,UK,indicator,green_area,Green area per inhabitant (urban centre),Environment,fua,122,M2_PS (m2/person),36.84,2021,,,higher=better,OECD,
UK535,Swindon,UK,indicator,public_transport_access,Population with access to public transport (15-minute walk),Mobility,fua,99.2,PT_POP (% population),96.95,2023,,,higher=better,OECD,
UK535,Swindon,UK,indicator,employment_rate,Employment rate (15-64),Economic Opportunity,fua,,PT_POP_SUB (% of working-age population),,,,,higher=better,OECD,
UK535,Swindon,UK,indicator,unemployment_rate,Unemployment rate (15-64),Economic Opportunity,fua,,PT_LF_SUB (% of labour force),,,,,higher=worse,OECD,
UK535,Swindon,UK,composite,environment_score,Environment composite score,Environment,fua (composite),,score (0-100),57.49,,,,,derived (V1 approved composites),
UK535,Swindon,UK,composite,mobility_score,Mobility composite score,Mobility,fua (composite),,score (0-100),96.95,,,,,derived (V1 approved composites),
UK535,Swindon,UK,composite,economic_opportunity_score,Economic Opportunity composite score,Economic Opportunity,fua (composite),,score (0-100),,,,,,derived (V1 approved composites),
UK535,Swindon,UK,context,population,Population (total),Context,fua,243875,PS (persons),,2024,,,neutral (context),OECD,
UK535,Swindon,UK,context,commuting_public_transport,Commuting mode share - public transport,Mobility (context),fua,8.8,PT_WR (% of workers),,2021,,current,higher=better,OECD,
UK535,Swindon,UK,context,commuting_bike,Commuting mode share - bicycle,Mobility (context),fua,4,PT_WR (% of workers),,2021,,current,higher=better,OECD,
UK535,Swindon,UK,context,commuting_walk,Commuting mode share - walking,Mobility (context),fua,9.2,PT_WR (% of workers),,2021,,current,higher=better,OECD,
UK535,Swindon,UK,context,commuting_car,Commuting mode share - car,Mobility (context),fua,74.9,PT_WR (% of workers),,2021,,current,higher=worse,OECD,
UK539,Bournemouth,UK,indicator,pm25,Mean PM2.5 population exposure,Environment,fua,25.791450908745755,MCG_M3 (ug/m3),67.65,2025,,,higher=worse,OECD,
UK539,Bournemouth,UK,indicator,green_area,Green area per inhabitant (urban centre),Environment,fua,137,M2_PS (m2/person),46.39,2021,,,higher=better,OECD,
UK539,Bournemouth,UK,indicator,public_transport_access,Population with access to public transport (15-minute walk),Mobility,fua,96.4,PT_POP (% population),64.46,2023,,,higher=better,OECD,
UK539,Bournemouth,UK,indicator,employment_rate,Employment rate (15-64),Economic Opportunity,fua,,PT_POP_SUB (% of working-age population),,,,,higher=better,OECD,
UK539,Bournemouth,UK,indicator,unemployment_rate,Unemployment rate (15-64),Economic Opportunity,fua,,PT_LF_SUB (% of labour force),,,,,higher=worse,OECD,
UK539,Bournemouth,UK,composite,environment_score,Environment composite score,Environment,fua (composite),,score (0-100),57.02,,,,,derived (V1 approved composites),
UK539,Bournemouth,UK,composite,mobility_score,Mobility composite score,Mobility,fua (composite),,score (0-100),64.46,,,,,derived (V1 approved composites),
UK539,Bournemouth,UK,composite,economic_opportunity_score,Economic Opportunity composite score,Economic Opportunity,fua (composite),,score (0-100),,,,,,derived (V1 approved composites),
UK539,Bournemouth,UK,context,population,Population (total),Context,fua,408967,PS (persons),,2024,,,neutral (context),OECD,
UK539,Bournemouth,UK,context,commuting_public_transport,Commuting mode share - public transport,Mobility (context),fua,7.2,PT_WR (% of workers),,2021,,current,higher=better,OECD,
UK539,Bournemouth,UK,context,commuting_bike,Commuting mode share - bicycle,Mobility (context),fua,4.6,PT_WR (% of workers),,2021,,current,higher=better,OECD,
UK539,Bournemouth,UK,context,commuting_walk,Commuting mode share - walking,Mobility (context),fua,11.8,PT_WR (% of workers),,2021,,current,higher=better,OECD,
UK539,Bournemouth,UK,context,commuting_car,Commuting mode share - car,Mobility (context),fua,73.3,PT_WR (% of workers),,2021,,current,higher=worse,OECD,
UK542,Telford and Wrekin,UK,indicator,pm25,Mean PM2.5 population exposure,Environment,fua,22.47334652387447,MCG_M3 (ug/m3),85.97,2025,,,higher=worse,OECD,
UK542,Telford and Wrekin,UK,indicator,green_area,Green area per inhabitant (urban centre),Environment,fua,231,M2_PS (m2/person),91.01,2021,,,higher=better,OECD,
UK542,Telford and Wrekin,UK,indicator,public_transport_access,Population with access to public transport (15-minute walk),Mobility,fua,96.1,PT_POP (% population),61.8,2023,,,higher=better,OECD,
UK542,Telford and Wrekin,UK,indicator,employment_rate,Employment rate (15-64),Economic Opportunity,fua,,PT_POP_SUB (% of working-age population),,,,,higher=better,OECD,
UK542,Telford and Wrekin,UK,indicator,unemployment_rate,Unemployment rate (15-64),Economic Opportunity,fua,,PT_LF_SUB (% of labour force),,,,,higher=worse,OECD,
UK542,Telford and Wrekin,UK,composite,environment_score,Environment composite score,Environment,fua (composite),,score (0-100),88.49,,,,,derived (V1 approved composites),
UK542,Telford and Wrekin,UK,composite,mobility_score,Mobility composite score,Mobility,fua (composite),,score (0-100),61.8,,,,,derived (V1 approved composites),
UK542,Telford and Wrekin,UK,composite,economic_opportunity_score,Economic Opportunity composite score,Economic Opportunity,fua (composite),,score (0-100),,,,,,derived (V1 approved composites),
UK542,Telford and Wrekin,UK,context,population,Population (total),Context,fua,195952,PS (persons),,2024,,,neutral (context),OECD,
UK542,Telford and Wrekin,UK,context,commuting_public_transport,Commuting mode share - public transport,Mobility (context),fua,2.6,PT_WR (% of workers),,2021,,current,higher=better,OECD,
UK542,Telford and Wrekin,UK,context,commuting_bike,Commuting mode share - bicycle,Mobility (context),fua,2,PT_WR (% of workers),,2021,,current,higher=better,OECD,
UK542,Telford and Wrekin,UK,context,commuting_walk,Commuting mode share - walking,Mobility (context),fua,7.9,PT_WR (% of workers),,2021,,current,higher=better,OECD,
UK542,Telford and Wrekin,UK,context,commuting_car,Commuting mode share - car,Mobility (context),fua,82.1,PT_WR (% of workers),,2021,,current,higher=worse,OECD,
UK543,North East Lincolnshire,UK,indicator,pm25,Mean PM2.5 population exposure,Environment,fua,22.77222601960917,MCG_M3 (ug/m3),84.34,2025,,,higher=worse,OECD,
UK543,North East Lincolnshire,UK,indicator,green_area,Green area per inhabitant (urban centre),Environment,fua,118,M2_PS (m2/person),34.51,2021,,,higher=better,OECD,
UK543,North East Lincolnshire,UK,indicator,public_transport_access,Population with access to public transport (15-minute walk),Mobility,fua,96,PT_POP (% population),60.48,2023,,,higher=better,OECD,
UK543,North East Lincolnshire,UK,indicator,employment_rate,Employment rate (15-64),Economic Opportunity,fua,,PT_POP_SUB (% of working-age population),,,,,higher=better,OECD,
UK543,North East Lincolnshire,UK,indicator,unemployment_rate,Unemployment rate (15-64),Economic Opportunity,fua,,PT_LF_SUB (% of labour force),,,,,higher=worse,OECD,
UK543,North East Lincolnshire,UK,composite,environment_score,Environment composite score,Environment,fua (composite),,score (0-100),59.42,,,,,derived (V1 approved composites),
UK543,North East Lincolnshire,UK,composite,mobility_score,Mobility composite score,Mobility,fua (composite),,score (0-100),60.48,,,,,derived (V1 approved composites),
UK543,North East Lincolnshire,UK,composite,economic_opportunity_score,Economic Opportunity composite score,Economic Opportunity,fua (composite),,score (0-100),,,,,,derived (V1 approved composites),
UK543,North East Lincolnshire,UK,context,population,Population (total),Context,fua,159911,PS (persons),,2024,,,neutral (context),OECD,
UK543,North East Lincolnshire,UK,context,commuting_public_transport,Commuting mode share - public transport,Mobility (context),fua,4.1,PT_WR (% of workers),,2021,,current,higher=better,OECD,
UK543,North East Lincolnshire,UK,context,commuting_bike,Commuting mode share - bicycle,Mobility (context),fua,5.8,PT_WR (% of workers),,2021,,current,higher=better,OECD,
UK543,North East Lincolnshire,UK,context,commuting_walk,Commuting mode share - walking,Mobility (context),fua,10.7,PT_WR (% of workers),,2021,,current,higher=better,OECD,
UK543,North East Lincolnshire,UK,context,commuting_car,Commuting mode share - car,Mobility (context),fua,76.3,PT_WR (% of workers),,2021,,current,higher=worse,OECD,
UK545,Peterborough,UK,indicator,pm25,Mean PM2.5 population exposure,Environment,fua,24.403211387106214,MCG_M3 (ug/m3),75.18,2025,,,higher=worse,OECD,
UK545,Peterborough,UK,indicator,green_area,Green area per inhabitant (urban centre),Environment,fua,170,M2_PS (m2/person),68.14,2021,,,higher=better,OECD,
UK545,Peterborough,UK,indicator,public_transport_access,Population with access to public transport (15-minute walk),Mobility,fua,96.9,PT_POP (% population),68.97,2023,,,higher=better,OECD,
UK545,Peterborough,UK,indicator,employment_rate,Employment rate (15-64),Economic Opportunity,fua,,PT_POP_SUB (% of working-age population),,,,,higher=better,OECD,
UK545,Peterborough,UK,indicator,unemployment_rate,Unemployment rate (15-64),Economic Opportunity,fua,,PT_LF_SUB (% of labour force),,,,,higher=worse,OECD,
UK545,Peterborough,UK,composite,environment_score,Environment composite score,Environment,fua (composite),,score (0-100),71.66,,,,,derived (V1 approved composites),
UK545,Peterborough,UK,composite,mobility_score,Mobility composite score,Mobility,fua (composite),,score (0-100),68.97,,,,,derived (V1 approved composites),
UK545,Peterborough,UK,composite,economic_opportunity_score,Economic Opportunity composite score,Economic Opportunity,fua (composite),,score (0-100),,,,,,derived (V1 approved composites),
UK545,Peterborough,UK,context,population,Population (total),Context,fua,223655,PS (persons),,2024,,,neutral (context),OECD,
UK545,Peterborough,UK,context,commuting_public_transport,Commuting mode share - public transport,Mobility (context),fua,6.2,PT_WR (% of workers),,2021,,current,higher=better,OECD,
UK545,Peterborough,UK,context,commuting_bike,Commuting mode share - bicycle,Mobility (context),fua,5,PT_WR (% of workers),,2021,,current,higher=better,OECD,
UK545,Peterborough,UK,context,commuting_walk,Commuting mode share - walking,Mobility (context),fua,10.1,PT_WR (% of workers),,2021,,current,higher=better,OECD,
UK545,Peterborough,UK,context,commuting_car,Commuting mode share - car,Mobility (context),fua,73.6,PT_WR (% of workers),,2021,,current,higher=worse,OECD,
UK546,Colchester,UK,indicator,pm25,Mean PM2.5 population exposure,Environment,fua,24.223268351111802,MCG_M3 (ug/m3),76.81,2025,,,higher=worse,OECD,
UK546,Colchester,UK,indicator,green_area,Green area per inhabitant (urban centre),Environment,fua,169,M2_PS (m2/person),67.34,2021,,,higher=better,OECD,
UK546,Colchester,UK,indicator,public_transport_access,Population with access to public transport (15-minute walk),Mobility,fua,97.1,PT_POP (% population),70.82,2023,,,higher=better,OECD,
UK546,Colchester,UK,indicator,employment_rate,Employment rate (15-64),Economic Opportunity,fua,,PT_POP_SUB (% of working-age population),,,,,higher=better,OECD,
UK546,Colchester,UK,indicator,unemployment_rate,Unemployment rate (15-64),Economic Opportunity,fua,,PT_LF_SUB (% of labour force),,,,,higher=worse,OECD,
UK546,Colchester,UK,composite,environment_score,Environment composite score,Environment,fua (composite),,score (0-100),72.08,,,,,derived (V1 approved composites),
UK546,Colchester,UK,composite,mobility_score,Mobility composite score,Mobility,fua (composite),,score (0-100),70.82,,,,,derived (V1 approved composites),
UK546,Colchester,UK,composite,economic_opportunity_score,Economic Opportunity composite score,Economic Opportunity,fua (composite),,score (0-100),,,,,,derived (V1 approved composites),
UK546,Colchester,UK,context,population,Population (total),Context,fua,356981,PS (persons),,2024,,,neutral (context),OECD,
UK546,Colchester,UK,context,commuting_public_transport,Commuting mode share - public transport,Mobility (context),fua,6.2,PT_WR (% of workers),,2021,,current,higher=better,OECD,
UK546,Colchester,UK,context,commuting_bike,Commuting mode share - bicycle,Mobility (context),fua,3,PT_WR (% of workers),,2021,,current,higher=better,OECD,
UK546,Colchester,UK,context,commuting_walk,Commuting mode share - walking,Mobility (context),fua,11.9,PT_WR (% of workers),,2021,,current,higher=better,OECD,
UK546,Colchester,UK,context,commuting_car,Commuting mode share - car,Mobility (context),fua,76.2,PT_WR (% of workers),,2021,,current,higher=worse,OECD,
UK548,Basingstoke and Deane,UK,indicator,pm25,Mean PM2.5 population exposure,Environment,fua,24.142326883254263,MCG_M3 (ug/m3),77.4,2025,,,higher=worse,OECD,
UK548,Basingstoke and Deane,UK,indicator,green_area,Green area per inhabitant (urban centre),Environment,fua,145,M2_PS (m2/person),52.65,2021,,,higher=better,OECD,
UK548,Basingstoke and Deane,UK,indicator,public_transport_access,Population with access to public transport (15-minute walk),Mobility,fua,94.8,PT_POP (% population),50.66,2023,,,higher=better,OECD,
UK548,Basingstoke and Deane,UK,indicator,employment_rate,Employment rate (15-64),Economic Opportunity,fua,,PT_POP_SUB (% of working-age population),,,,,higher=better,OECD,
UK548,Basingstoke and Deane,UK,indicator,unemployment_rate,Unemployment rate (15-64),Economic Opportunity,fua,,PT_LF_SUB (% of labour force),,,,,higher=worse,OECD,
UK548,Basingstoke and Deane,UK,composite,environment_score,Environment composite score,Environment,fua (composite),,score (0-100),65.03,,,,,derived (V1 approved composites),
UK548,Basingstoke and Deane,UK,composite,mobility_score,Mobility composite score,Mobility,fua (composite),,score (0-100),50.66,,,,,derived (V1 approved composites),
UK548,Basingstoke and Deane,UK,composite,economic_opportunity_score,Economic Opportunity composite score,Economic Opportunity,fua (composite),,score (0-100),,,,,,derived (V1 approved composites),
UK548,Basingstoke and Deane,UK,context,population,Population (total),Context,fua,193110,PS (persons),,2024,,,neutral (context),OECD,
UK548,Basingstoke and Deane,UK,context,commuting_public_transport,Commuting mode share - public transport,Mobility (context),fua,6.1,PT_WR (% of workers),,2021,,current,higher=better,OECD,
UK548,Basingstoke and Deane,UK,context,commuting_bike,Commuting mode share - bicycle,Mobility (context),fua,2.4,PT_WR (% of workers),,2021,,current,higher=better,OECD,
UK548,Basingstoke and Deane,UK,context,commuting_walk,Commuting mode share - walking,Mobility (context),fua,11.9,PT_WR (% of workers),,2021,,current,higher=better,OECD,
UK548,Basingstoke and Deane,UK,context,commuting_car,Commuting mode share - car,Mobility (context),fua,77,PT_WR (% of workers),,2021,,current,higher=worse,OECD,
UK549,Bedford,UK,indicator,pm25,Mean PM2.5 population exposure,Environment,fua,24.533420971083647,MCG_M3 (ug/m3),74.3,2025,,,higher=worse,OECD,
UK549,Bedford,UK,indicator,green_area,Green area per inhabitant (urban centre),Environment,fua,133,M2_PS (m2/person),44.62,2021,,,higher=better,OECD,
UK549,Bedford,UK,indicator,public_transport_access,Population with access to public transport (15-minute walk),Mobility,fua,96.4,PT_POP (% population),64.46,2023,,,higher=better,OECD,
UK549,Bedford,UK,indicator,employment_rate,Employment rate (15-64),Economic Opportunity,fua,,PT_POP_SUB (% of working-age population),,,,,higher=better,OECD,
UK549,Bedford,UK,indicator,unemployment_rate,Unemployment rate (15-64),Economic Opportunity,fua,,PT_LF_SUB (% of labour force),,,,,higher=worse,OECD,
UK549,Bedford,UK,composite,environment_score,Environment composite score,Environment,fua (composite),,score (0-100),59.46,,,,,derived (V1 approved composites),
UK549,Bedford,UK,composite,mobility_score,Mobility composite score,Mobility,fua (composite),,score (0-100),64.46,,,,,derived (V1 approved composites),
UK549,Bedford,UK,composite,economic_opportunity_score,Economic Opportunity composite score,Economic Opportunity,fua (composite),,score (0-100),,,,,,derived (V1 approved composites),
UK549,Bedford,UK,context,population,Population (total),Context,fua,194976,PS (persons),,2024,,,neutral (context),OECD,
UK549,Bedford,UK,context,commuting_public_transport,Commuting mode share - public transport,Mobility (context),fua,5.2,PT_WR (% of workers),,2021,,current,higher=better,OECD,
UK549,Bedford,UK,context,commuting_bike,Commuting mode share - bicycle,Mobility (context),fua,4.1,PT_WR (% of workers),,2021,,current,higher=better,OECD,
UK549,Bedford,UK,context,commuting_walk,Commuting mode share - walking,Mobility (context),fua,11.1,PT_WR (% of workers),,2021,,current,higher=better,OECD,
UK549,Bedford,UK,context,commuting_car,Commuting mode share - car,Mobility (context),fua,75.9,PT_WR (% of workers),,2021,,current,higher=worse,OECD,
UK550,Dundee City,UK,indicator,pm25,Mean PM2.5 population exposure,Environment,fua,14.109967839962449,MCG_M3 (ug/m3),98.23,2025,,,higher=worse,OECD,
UK550,Dundee City,UK,indicator,green_area,Green area per inhabitant (urban centre),Environment,fua,156,M2_PS (m2/person),59.87,2021,,,higher=better,OECD,
UK550,Dundee City,UK,indicator,public_transport_access,Population with access to public transport (15-minute walk),Mobility,fua,95.9,PT_POP (% population),58.89,2023,,,higher=better,OECD,
UK550,Dundee City,UK,indicator,employment_rate,Employment rate (15-64),Economic Opportunity,fua,,PT_POP_SUB (% of working-age population),,,,,higher=better,OECD,
UK550,Dundee City,UK,indicator,unemployment_rate,Unemployment rate (15-64),Economic Opportunity,fua,,PT_LF_SUB (% of labour force),,,,,higher=worse,OECD,
UK550,Dundee City,UK,composite,environment_score,Environment composite score,Environment,fua (composite),,score (0-100),79.05,,,,,derived (V1 approved composites),
UK550,Dundee City,UK,composite,mobility_score,Mobility composite score,Mobility,fua (composite),,score (0-100),58.89,,,,,derived (V1 approved composites),
UK550,Dundee City,UK,composite,economic_opportunity_score,Economic Opportunity composite score,Economic Opportunity,fua (composite),,score (0-100),,,,,,derived (V1 approved composites),
UK550,Dundee City,UK,context,population,Population (total),Context,fua,264690,PS (persons),,2024,,,neutral (context),OECD,
UK550,Dundee City,UK,context,commuting_public_transport,Commuting mode share - public transport,Mobility (context),fua,9.4,PT_WR (% of workers),,2021,,current,higher=better,OECD,
UK550,Dundee City,UK,context,commuting_bike,Commuting mode share - bicycle,Mobility (context),fua,1.5,PT_WR (% of workers),,2021,,current,higher=better,OECD,
UK550,Dundee City,UK,context,commuting_walk,Commuting mode share - walking,Mobility (context),fua,12.6,PT_WR (% of workers),,2021,,current,higher=better,OECD,
UK550,Dundee City,UK,context,commuting_car,Commuting mode share - car,Mobility (context),fua,73.5,PT_WR (% of workers),,2021,,current,higher=worse,OECD,
UK551,Falkirk,UK,indicator,pm25,Mean PM2.5 population exposure,Environment,fua,14.487653848054931,MCG_M3 (ug/m3),97.78,2025,,,higher=worse,OECD,
UK551,Falkirk,UK,indicator,green_area,Green area per inhabitant (urban centre),Environment,fua,195,M2_PS (m2/person),78.81,2021,,,higher=better,OECD,
UK551,Falkirk,UK,indicator,public_transport_access,Population with access to public transport (15-minute walk),Mobility,fua,98.5,PT_POP (% population),90.58,2023,,,higher=better,OECD,
UK551,Falkirk,UK,indicator,employment_rate,Employment rate (15-64),Economic Opportunity,fua,,PT_POP_SUB (% of working-age population),,,,,higher=better,OECD,
UK551,Falkirk,UK,indicator,unemployment_rate,Unemployment rate (15-64),Economic Opportunity,fua,,PT_LF_SUB (% of labour force),,,,,higher=worse,OECD,
UK551,Falkirk,UK,composite,environment_score,Environment composite score,Environment,fua (composite),,score (0-100),88.3,,,,,derived (V1 approved composites),
UK551,Falkirk,UK,composite,mobility_score,Mobility composite score,Mobility,fua (composite),,score (0-100),90.58,,,,,derived (V1 approved composites),
UK551,Falkirk,UK,composite,economic_opportunity_score,Economic Opportunity composite score,Economic Opportunity,fua (composite),,score (0-100),,,,,,derived (V1 approved composites),
UK551,Falkirk,UK,context,population,Population (total),Context,fua,160020,PS (persons),,2024,,,neutral (context),OECD,
UK551,Falkirk,UK,context,commuting_public_transport,Commuting mode share - public transport,Mobility (context),fua,8.1,PT_WR (% of workers),,2021,,current,higher=better,OECD,
UK551,Falkirk,UK,context,commuting_bike,Commuting mode share - bicycle,Mobility (context),fua,1.2,PT_WR (% of workers),,2021,,current,higher=better,OECD,
UK551,Falkirk,UK,context,commuting_walk,Commuting mode share - walking,Mobility (context),fua,6.7,PT_WR (% of workers),,2021,,current,higher=better,OECD,
UK551,Falkirk,UK,context,commuting_car,Commuting mode share - car,Mobility (context),fua,81.7,PT_WR (% of workers),,2021,,current,higher=worse,OECD,
UK552,Reading,UK,indicator,pm25,Mean PM2.5 population exposure,Environment,fua,25.671540252143885,MCG_M3 (ug/m3),68.54,2025,,,higher=worse,OECD,
UK552,Reading,UK,indicator,green_area,Green area per inhabitant (urban centre),Environment,fua,145,M2_PS (m2/person),52.65,2021,,,higher=better,OECD,
UK552,Reading,UK,indicator,public_transport_access,Population with access to public transport (15-minute walk),Mobility,fua,93,PT_POP (% population),39.39,2023,,,higher=better,OECD,
UK552,Reading,UK,indicator,employment_rate,Employment rate (15-64),Economic Opportunity,fua,,PT_POP_SUB (% of working-age population),,,,,higher=better,OECD,
UK552,Reading,UK,indicator,unemployment_rate,Unemployment rate (15-64),Economic Opportunity,fua,,PT_LF_SUB (% of labour force),,,,,higher=worse,OECD,
UK552,Reading,UK,composite,environment_score,Environment composite score,Environment,fua (composite),,score (0-100),60.59,,,,,derived (V1 approved composites),
UK552,Reading,UK,composite,mobility_score,Mobility composite score,Mobility,fua (composite),,score (0-100),39.39,,,,,derived (V1 approved composites),
UK552,Reading,UK,composite,economic_opportunity_score,Economic Opportunity composite score,Economic Opportunity,fua (composite),,score (0-100),,,,,,derived (V1 approved composites),
UK552,Reading,UK,context,population,Population (total),Context,fua,370107,PS (persons),,2024,,,neutral (context),OECD,
UK552,Reading,UK,context,commuting_public_transport,Commuting mode share - public transport,Mobility (context),fua,12.2,PT_WR (% of workers),,2021,,current,higher=better,OECD,
UK552,Reading,UK,context,commuting_bike,Commuting mode share - bicycle,Mobility (context),fua,3.6,PT_WR (% of workers),,2021,,current,higher=better,OECD,
UK552,Reading,UK,context,commuting_walk,Commuting mode share - walking,Mobility (context),fua,13.9,PT_WR (% of workers),,2021,,current,higher=better,OECD,
UK552,Reading,UK,context,commuting_car,Commuting mode share - car,Mobility (context),fua,67.7,PT_WR (% of workers),,2021,,current,higher=worse,OECD,
UK553,Blackpool,UK,indicator,pm25,Mean PM2.5 population exposure,Environment,fua,22.416195007853453,MCG_M3 (ug/m3),86.12,2025,,,higher=worse,OECD,
UK553,Blackpool,UK,indicator,green_area,Green area per inhabitant (urban centre),Environment,fua,122,M2_PS (m2/person),36.84,2021,,,higher=better,OECD,
UK553,Blackpool,UK,indicator,public_transport_access,Population with access to public transport (15-minute walk),Mobility,fua,97.2,PT_POP (% population),72.68,2023,,,higher=better,OECD,
UK553,Blackpool,UK,indicator,employment_rate,Employment rate (15-64),Economic Opportunity,fua,,PT_POP_SUB (% of working-age population),,,,,higher=better,OECD,
UK553,Blackpool,UK,indicator,unemployment_rate,Unemployment rate (15-64),Economic Opportunity,fua,,PT_LF_SUB (% of labour force),,,,,higher=worse,OECD,
UK553,Blackpool,UK,composite,environment_score,Environment composite score,Environment,fua (composite),,score (0-100),61.48,,,,,derived (V1 approved composites),
UK553,Blackpool,UK,composite,mobility_score,Mobility composite score,Mobility,fua (composite),,score (0-100),72.68,,,,,derived (V1 approved composites),
UK553,Blackpool,UK,composite,economic_opportunity_score,Economic Opportunity composite score,Economic Opportunity,fua (composite),,score (0-100),,,,,,derived (V1 approved composites),
UK553,Blackpool,UK,context,population,Population (total),Context,fua,348381,PS (persons),,2024,,,neutral (context),OECD,
UK553,Blackpool,UK,context,commuting_public_transport,Commuting mode share - public transport,Mobility (context),fua,6.1,PT_WR (% of workers),,2021,,current,higher=better,OECD,
UK553,Blackpool,UK,context,commuting_bike,Commuting mode share - bicycle,Mobility (context),fua,2.6,PT_WR (% of workers),,2021,,current,higher=better,OECD,
UK553,Blackpool,UK,context,commuting_walk,Commuting mode share - walking,Mobility (context),fua,11.7,PT_WR (% of workers),,2021,,current,higher=better,OECD,
UK553,Blackpool,UK,context,commuting_car,Commuting mode share - car,Mobility (context),fua,76,PT_WR (% of workers),,2021,,current,higher=worse,OECD,
UK554,Maidstone,UK,indicator,pm25,Mean PM2.5 population exposure,Environment,fua,23.8489734119661,MCG_M3 (ug/m3),79.03,2025,,,higher=worse,OECD,
UK554,Maidstone,UK,indicator,green_area,Green area per inhabitant (urban centre),Environment,fua,146,M2_PS (m2/person),53.77,2021,,,higher=better,OECD,
UK554,Maidstone,UK,indicator,public_transport_access,Population with access to public transport (15-minute walk),Mobility,fua,94.5,PT_POP (% population),49.34,2023,,,higher=better,OECD,
UK554,Maidstone,UK,indicator,employment_rate,Employment rate (15-64),Economic Opportunity,fua,,PT_POP_SUB (% of working-age population),,,,,higher=better,OECD,
UK554,Maidstone,UK,indicator,unemployment_rate,Unemployment rate (15-64),Economic Opportunity,fua,,PT_LF_SUB (% of labour force),,,,,higher=worse,OECD,
UK554,Maidstone,UK,composite,environment_score,Environment composite score,Environment,fua (composite),,score (0-100),66.4,,,,,derived (V1 approved composites),
UK554,Maidstone,UK,composite,mobility_score,Mobility composite score,Mobility,fua (composite),,score (0-100),49.34,,,,,derived (V1 approved composites),
UK554,Maidstone,UK,composite,economic_opportunity_score,Economic Opportunity composite score,Economic Opportunity,fua (composite),,score (0-100),,,,,,derived (V1 approved composites),
UK554,Maidstone,UK,context,population,Population (total),Context,fua,187767,PS (persons),,2024,,,neutral (context),OECD,
UK554,Maidstone,UK,context,commuting_public_transport,Commuting mode share - public transport,Mobility (context),fua,6.6,PT_WR (% of workers),,2021,,current,higher=better,OECD,
UK554,Maidstone,UK,context,commuting_bike,Commuting mode share - bicycle,Mobility (context),fua,1.3,PT_WR (% of workers),,2021,,current,higher=better,OECD,
UK554,Maidstone,UK,context,commuting_walk,Commuting mode share - walking,Mobility (context),fua,11.1,PT_WR (% of workers),,2021,,current,higher=better,OECD,
UK554,Maidstone,UK,context,commuting_car,Commuting mode share - car,Mobility (context),fua,78.5,PT_WR (% of workers),,2021,,current,higher=worse,OECD,
UK556,Dacorum,UK,indicator,pm25,Mean PM2.5 population exposure,Environment,fua,22.125857430942663,MCG_M3 (ug/m3),87.44,2025,,,higher=worse,OECD,
UK556,Dacorum,UK,indicator,green_area,Green area per inhabitant (urban centre),Environment,fua,146,M2_PS (m2/person),53.77,2021,,,higher=better,OECD,
UK556,Dacorum,UK,indicator,public_transport_access,Population with access to public transport (15-minute walk),Mobility,fua,97.3,PT_POP (% population),74.27,2023,,,higher=better,OECD,
UK556,Dacorum,UK,indicator,employment_rate,Employment rate (15-64),Economic Opportunity,fua,,PT_POP_SUB (% of working-age population),,,,,higher=better,OECD,
UK556,Dacorum,UK,indicator,unemployment_rate,Unemployment rate (15-64),Economic Opportunity,fua,,PT_LF_SUB (% of labour force),,,,,higher=worse,OECD,
UK556,Dacorum,UK,composite,environment_score,Environment composite score,Environment,fua (composite),,score (0-100),70.61,,,,,derived (V1 approved composites),
UK556,Dacorum,UK,composite,mobility_score,Mobility composite score,Mobility,fua (composite),,score (0-100),74.27,,,,,derived (V1 approved composites),
UK556,Dacorum,UK,composite,economic_opportunity_score,Economic Opportunity composite score,Economic Opportunity,fua (composite),,score (0-100),,,,,,derived (V1 approved composites),
UK556,Dacorum,UK,context,population,Population (total),Context,fua,161420,PS (persons),,2024,,,neutral (context),OECD,
UK556,Dacorum,UK,context,commuting_public_transport,Commuting mode share - public transport,Mobility (context),fua,6.3,PT_WR (% of workers),,2021,,current,higher=better,OECD,
UK556,Dacorum,UK,context,commuting_bike,Commuting mode share - bicycle,Mobility (context),fua,1.3,PT_WR (% of workers),,2021,,current,higher=better,OECD,
UK556,Dacorum,UK,context,commuting_walk,Commuting mode share - walking,Mobility (context),fua,11.2,PT_WR (% of workers),,2021,,current,higher=better,OECD,
UK556,Dacorum,UK,context,commuting_car,Commuting mode share - car,Mobility (context),fua,78.2,PT_WR (% of workers),,2021,,current,higher=worse,OECD,
UK557,Blackburn with Darwen,UK,indicator,pm25,Mean PM2.5 population exposure,Environment,fua,22.964415377567608,MCG_M3 (ug/m3),83.75,2025,,,higher=worse,OECD,
UK557,Blackburn with Darwen,UK,indicator,green_area,Green area per inhabitant (urban centre),Environment,fua,178,M2_PS (m2/person),71.91,2021,,,higher=better,OECD,
UK557,Blackburn with Darwen,UK,indicator,public_transport_access,Population with access to public transport (15-minute walk),Mobility,fua,96.9,PT_POP (% population),68.97,2023,,,higher=better,OECD,
UK557,Blackburn with Darwen,UK,indicator,employment_rate,Employment rate (15-64),Economic Opportunity,fua,,PT_POP_SUB (% of working-age population),,,,,higher=better,OECD,
UK557,Blackburn with Darwen,UK,indicator,unemployment_rate,Unemployment rate (15-64),Economic Opportunity,fua,,PT_LF_SUB (% of labour force),,,,,higher=worse,OECD,
UK557,Blackburn with Darwen,UK,composite,environment_score,Environment composite score,Environment,fua (composite),,score (0-100),77.83,,,,,derived (V1 approved composites),
UK557,Blackburn with Darwen,UK,composite,mobility_score,Mobility composite score,Mobility,fua (composite),,score (0-100),68.97,,,,,derived (V1 approved composites),
UK557,Blackburn with Darwen,UK,composite,economic_opportunity_score,Economic Opportunity composite score,Economic Opportunity,fua (composite),,score (0-100),,,,,,derived (V1 approved composites),
UK557,Blackburn with Darwen,UK,context,population,Population (total),Context,fua,314392,PS (persons),,2024,,,neutral (context),OECD,
UK557,Blackburn with Darwen,UK,context,commuting_public_transport,Commuting mode share - public transport,Mobility (context),fua,3.7,PT_WR (% of workers),,2021,,current,higher=better,OECD,
UK557,Blackburn with Darwen,UK,context,commuting_bike,Commuting mode share - bicycle,Mobility (context),fua,1,PT_WR (% of workers),,2021,,current,higher=better,OECD,
UK557,Blackburn with Darwen,UK,context,commuting_walk,Commuting mode share - walking,Mobility (context),fua,11,PT_WR (% of workers),,2021,,current,higher=better,OECD,
UK557,Blackburn with Darwen,UK,context,commuting_car,Commuting mode share - car,Mobility (context),fua,79.6,PT_WR (% of workers),,2021,,current,higher=worse,OECD,
UK558,Newport,UK,indicator,pm25,Mean PM2.5 population exposure,Environment,fua,24.570101798279886,MCG_M3 (ug/m3),73.71,2025,,,higher=worse,OECD,
UK558,Newport,UK,indicator,green_area,Green area per inhabitant (urban centre),Environment,fua,247,M2_PS (m2/person),94.46,2021,,,higher=better,OECD,
UK558,Newport,UK,indicator,public_transport_access,Population with access to public transport (15-minute walk),Mobility,fua,96.9,PT_POP (% population),68.97,2023,,,higher=better,OECD,
UK558,Newport,UK,indicator,employment_rate,Employment rate (15-64),Economic Opportunity,fua,,PT_POP_SUB (% of working-age population),,,,,higher=better,OECD,
UK558,Newport,UK,indicator,unemployment_rate,Unemployment rate (15-64),Economic Opportunity,fua,,PT_LF_SUB (% of labour force),,,,,higher=worse,OECD,
UK558,Newport,UK,composite,environment_score,Environment composite score,Environment,fua (composite),,score (0-100),84.08,,,,,derived (V1 approved composites),
UK558,Newport,UK,composite,mobility_score,Mobility composite score,Mobility,fua (composite),,score (0-100),68.97,,,,,derived (V1 approved composites),
UK558,Newport,UK,composite,economic_opportunity_score,Economic Opportunity composite score,Economic Opportunity,fua (composite),,score (0-100),,,,,,derived (V1 approved composites),
UK558,Newport,UK,context,population,Population (total),Context,fua,262018,PS (persons),,2024,,,neutral (context),OECD,
UK558,Newport,UK,context,commuting_public_transport,Commuting mode share - public transport,Mobility (context),fua,4.6,PT_WR (% of workers),,2021,,current,higher=better,OECD,
UK558,Newport,UK,context,commuting_bike,Commuting mode share - bicycle,Mobility (context),fua,1.4,PT_WR (% of workers),,2021,,current,higher=better,OECD,
UK558,Newport,UK,context,commuting_walk,Commuting mode share - walking,Mobility (context),fua,8.3,PT_WR (% of workers),,2021,,current,higher=better,OECD,
UK558,Newport,UK,context,commuting_car,Commuting mode share - car,Mobility (context),fua,82.4,PT_WR (% of workers),,2021,,current,higher=worse,OECD,
UK559,Middlesbrough,UK,indicator,pm25,Mean PM2.5 population exposure,Environment,fua,20.675868478033706,MCG_M3 (ug/m3),91.73,2025,,,higher=worse,OECD,
UK559,Middlesbrough,UK,indicator,green_area,Green area per inhabitant (urban centre),Environment,fua,184,M2_PS (m2/person),74.24,2021,,,higher=better,OECD,
UK559,Middlesbrough,UK,indicator,public_transport_access,Population with access to public transport (15-minute walk),Mobility,fua,97.1,PT_POP (% population),70.82,2023,,,higher=better,OECD,
UK559,Middlesbrough,UK,indicator,employment_rate,Employment rate (15-64),Economic Opportunity,fua,,PT_POP_SUB (% of working-age population),,,,,higher=better,OECD,
UK559,Middlesbrough,UK,indicator,unemployment_rate,Unemployment rate (15-64),Economic Opportunity,fua,,PT_LF_SUB (% of labour force),,,,,higher=worse,OECD,
UK559,Middlesbrough,UK,composite,environment_score,Environment composite score,Environment,fua (composite),,score (0-100),82.98,,,,,derived (V1 approved composites),
UK559,Middlesbrough,UK,composite,mobility_score,Mobility composite score,Mobility,fua (composite),,score (0-100),70.82,,,,,derived (V1 approved composites),
UK559,Middlesbrough,UK,composite,economic_opportunity_score,Economic Opportunity composite score,Economic Opportunity,fua (composite),,score (0-100),,,,,,derived (V1 approved composites),
UK559,Middlesbrough,UK,context,population,Population (total),Context,fua,600369,PS (persons),,2024,,,neutral (context),OECD,
UK559,Middlesbrough,UK,context,commuting_public_transport,Commuting mode share - public transport,Mobility (context),fua,4.9,PT_WR (% of workers),,2021,,current,higher=better,OECD,
UK559,Middlesbrough,UK,context,commuting_bike,Commuting mode share - bicycle,Mobility (context),fua,1.9,PT_WR (% of workers),,2021,,current,higher=better,OECD,
UK559,Middlesbrough,UK,context,commuting_walk,Commuting mode share - walking,Mobility (context),fua,9.3,PT_WR (% of workers),,2021,,current,higher=better,OECD,
UK559,Middlesbrough,UK,context,commuting_car,Commuting mode share - car,Mobility (context),fua,79.3,PT_WR (% of workers),,2021,,current,higher=worse,OECD,
UK560,Oxford,UK,indicator,pm25,Mean PM2.5 population exposure,Environment,fua,23.467465106720653,MCG_M3 (ug/m3),81.39,2025,,,higher=worse,OECD,
UK560,Oxford,UK,indicator,green_area,Green area per inhabitant (urban centre),Environment,fua,156,M2_PS (m2/person),59.87,2021,,,higher=better,OECD,
UK560,Oxford,UK,indicator,public_transport_access,Population with access to public transport (15-minute walk),Mobility,fua,93.7,PT_POP (% population),42.84,2023,,,higher=better,OECD,
UK560,Oxford,UK,indicator,employment_rate,Employment rate (15-64),Economic Opportunity,fua,,PT_POP_SUB (% of working-age population),,,,,higher=better,OECD,
UK560,Oxford,UK,indicator,unemployment_rate,Unemployment rate (15-64),Economic Opportunity,fua,,PT_LF_SUB (% of labour force),,,,,higher=worse,OECD,
UK560,Oxford,UK,composite,environment_score,Environment composite score,Environment,fua (composite),,score (0-100),70.63,,,,,derived (V1 approved composites),
UK560,Oxford,UK,composite,mobility_score,Mobility composite score,Mobility,fua (composite),,score (0-100),42.84,,,,,derived (V1 approved composites),
UK560,Oxford,UK,composite,economic_opportunity_score,Economic Opportunity composite score,Economic Opportunity,fua (composite),,score (0-100),,,,,,derived (V1 approved composites),
UK560,Oxford,UK,context,population,Population (total),Context,fua,606748,PS (persons),,2024,,,neutral (context),OECD,
UK560,Oxford,UK,context,commuting_public_transport,Commuting mode share - public transport,Mobility (context),fua,7.6,PT_WR (% of workers),,2021,,current,higher=better,OECD,
UK560,Oxford,UK,context,commuting_bike,Commuting mode share - bicycle,Mobility (context),fua,7.5,PT_WR (% of workers),,2021,,current,higher=better,OECD,
UK560,Oxford,UK,context,commuting_walk,Commuting mode share - walking,Mobility (context),fua,14.5,PT_WR (% of workers),,2021,,current,higher=better,OECD,
UK560,Oxford,UK,context,commuting_car,Commuting mode share - car,Mobility (context),fua,67.9,PT_WR (% of workers),,2021,,current,higher=worse,OECD,
UK561,Torbay,UK,indicator,pm25,Mean PM2.5 population exposure,Environment,fua,22.77299688724611,MCG_M3 (ug/m3),84.19,2025,,,higher=worse,OECD,
UK561,Torbay,UK,indicator,green_area,Green area per inhabitant (urban centre),Environment,fua,179,M2_PS (m2/person),72.31,2021,,,higher=better,OECD,
UK561,Torbay,UK,indicator,public_transport_access,Population with access to public transport (15-minute walk),Mobility,fua,99.6,PT_POP (% population),98.81,2023,,,higher=better,OECD,
UK561,Torbay,UK,indicator,employment_rate,Employment rate (15-64),Economic Opportunity,fua,,PT_POP_SUB (% of working-age population),,,,,higher=better,OECD,
UK561,Torbay,UK,indicator,unemployment_rate,Unemployment rate (15-64),Economic Opportunity,fua,,PT_LF_SUB (% of labour force),,,,,higher=worse,OECD,
UK561,Torbay,UK,composite,environment_score,Environment composite score,Environment,fua (composite),,score (0-100),78.25,,,,,derived (V1 approved composites),
UK561,Torbay,UK,composite,mobility_score,Mobility composite score,Mobility,fua (composite),,score (0-100),98.81,,,,,derived (V1 approved composites),
UK561,Torbay,UK,composite,economic_opportunity_score,Economic Opportunity composite score,Economic Opportunity,fua (composite),,score (0-100),,,,,,derived (V1 approved composites),
UK561,Torbay,UK,context,population,Population (total),Context,fua,140126,PS (persons),,2024,,,neutral (context),OECD,
UK561,Torbay,UK,context,commuting_public_transport,Commuting mode share - public transport,Mobility (context),fua,5,PT_WR (% of workers),,2021,,current,higher=better,OECD,
UK561,Torbay,UK,context,commuting_bike,Commuting mode share - bicycle,Mobility (context),fua,1.5,PT_WR (% of workers),,2021,,current,higher=better,OECD,
UK561,Torbay,UK,context,commuting_walk,Commuting mode share - walking,Mobility (context),fua,15.9,PT_WR (% of workers),,2021,,current,higher=better,OECD,
UK561,Torbay,UK,context,commuting_car,Commuting mode share - car,Mobility (context),fua,74,PT_WR (% of workers),,2021,,current,higher=worse,OECD,
UK562,Preston,UK,indicator,pm25,Mean PM2.5 population exposure,Environment,fua,24.000021790645558,MCG_M3 (ug/m3),78.29,2025,,,higher=worse,OECD,
UK562,Preston,UK,indicator,green_area,Green area per inhabitant (urban centre),Environment,fua,170,M2_PS (m2/person),68.14,2021,,,higher=better,OECD,
UK562,Preston,UK,indicator,public_transport_access,Population with access to public transport (15-minute walk),Mobility,fua,98.6,PT_POP (% population),92.04,2023,,,higher=better,OECD,
UK562,Preston,UK,indicator,employment_rate,Employment rate (15-64),Economic Opportunity,fua,,PT_POP_SUB (% of working-age population),,,,,higher=better,OECD,
UK562,Preston,UK,indicator,unemployment_rate,Unemployment rate (15-64),Economic Opportunity,fua,,PT_LF_SUB (% of labour force),,,,,higher=worse,OECD,
UK562,Preston,UK,composite,environment_score,Environment composite score,Environment,fua (composite),,score (0-100),73.22,,,,,derived (V1 approved composites),
UK562,Preston,UK,composite,mobility_score,Mobility composite score,Mobility,fua (composite),,score (0-100),92.04,,,,,derived (V1 approved composites),
UK562,Preston,UK,composite,economic_opportunity_score,Economic Opportunity composite score,Economic Opportunity,fua (composite),,score (0-100),,,,,,derived (V1 approved composites),
UK562,Preston,UK,context,population,Population (total),Context,fua,278977,PS (persons),,2024,,,neutral (context),OECD,
UK562,Preston,UK,context,commuting_public_transport,Commuting mode share - public transport,Mobility (context),fua,7,PT_WR (% of workers),,2021,,current,higher=better,OECD,
UK562,Preston,UK,context,commuting_bike,Commuting mode share - bicycle,Mobility (context),fua,2.4,PT_WR (% of workers),,2021,,current,higher=better,OECD,
UK562,Preston,UK,context,commuting_walk,Commuting mode share - walking,Mobility (context),fua,10.5,PT_WR (% of workers),,2021,,current,higher=better,OECD,
UK562,Preston,UK,context,commuting_car,Commuting mode share - car,Mobility (context),fua,77.4,PT_WR (% of workers),,2021,,current,higher=worse,OECD,
UK566,Norwich,UK,indicator,pm25,Mean PM2.5 population exposure,Environment,fua,23.899619129660472,MCG_M3 (ug/m3),78.88,2025,,,higher=worse,OECD,
UK566,Norwich,UK,indicator,green_area,Green area per inhabitant (urban centre),Environment,fua,158,M2_PS (m2/person),61.24,2021,,,higher=better,OECD,
UK566,Norwich,UK,indicator,public_transport_access,Population with access to public transport (15-minute walk),Mobility,fua,93.3,PT_POP (% population),40.98,2023,,,higher=better,OECD,
UK566,Norwich,UK,indicator,employment_rate,Employment rate (15-64),Economic Opportunity,fua,,PT_POP_SUB (% of working-age population),,,,,higher=better,OECD,
UK566,Norwich,UK,indicator,unemployment_rate,Unemployment rate (15-64),Economic Opportunity,fua,,PT_LF_SUB (% of labour force),,,,,higher=worse,OECD,
UK566,Norwich,UK,composite,environment_score,Environment composite score,Environment,fua (composite),,score (0-100),70.06,,,,,derived (V1 approved composites),
UK566,Norwich,UK,composite,mobility_score,Mobility composite score,Mobility,fua (composite),,score (0-100),40.98,,,,,derived (V1 approved composites),
UK566,Norwich,UK,composite,economic_opportunity_score,Economic Opportunity composite score,Economic Opportunity,fua (composite),,score (0-100),,,,,,derived (V1 approved composites),
UK566,Norwich,UK,context,population,Population (total),Context,fua,433787,PS (persons),,2024,,,neutral (context),OECD,
UK566,Norwich,UK,context,commuting_public_transport,Commuting mode share - public transport,Mobility (context),fua,4.5,PT_WR (% of workers),,2021,,current,higher=better,OECD,
UK566,Norwich,UK,context,commuting_bike,Commuting mode share - bicycle,Mobility (context),fua,5,PT_WR (% of workers),,2021,,current,higher=better,OECD,
UK566,Norwich,UK,context,commuting_walk,Commuting mode share - walking,Mobility (context),fua,11.5,PT_WR (% of workers),,2021,,current,higher=better,OECD,
UK566,Norwich,UK,context,commuting_car,Commuting mode share - car,Mobility (context),fua,75.9,PT_WR (% of workers),,2021,,current,higher=worse,OECD,
UK567,Slough,UK,indicator,pm25,Mean PM2.5 population exposure,Environment,fua,26.962519224419747,MCG_M3 (ug/m3),61.89,2025,,,higher=worse,OECD,
UK567,Slough,UK,indicator,green_area,Green area per inhabitant (urban centre),Environment,fua,60,M2_PS (m2/person),8.43,2021,,,higher=better,OECD,
UK567,Slough,UK,indicator,public_transport_access,Population with access to public transport (15-minute walk),Mobility,fua,94,PT_POP (% population),47.08,2023,,,higher=better,OECD,
UK567,Slough,UK,indicator,employment_rate,Employment rate (15-64),Economic Opportunity,fua,,PT_POP_SUB (% of working-age population),,,,,higher=better,OECD,
UK567,Slough,UK,indicator,unemployment_rate,Unemployment rate (15-64),Economic Opportunity,fua,,PT_LF_SUB (% of labour force),,,,,higher=worse,OECD,
UK567,Slough,UK,composite,environment_score,Environment composite score,Environment,fua (composite),,score (0-100),35.16,,,,,derived (V1 approved composites),
UK567,Slough,UK,composite,mobility_score,Mobility composite score,Mobility,fua (composite),,score (0-100),47.08,,,,,derived (V1 approved composites),
UK567,Slough,UK,composite,economic_opportunity_score,Economic Opportunity composite score,Economic Opportunity,fua (composite),,score (0-100),,,,,,derived (V1 approved composites),
UK567,Slough,UK,context,population,Population (total),Context,fua,167359,PS (persons),,2024,,,neutral (context),OECD,
UK567,Slough,UK,context,commuting_public_transport,Commuting mode share - public transport,Mobility (context),fua,11.3,PT_WR (% of workers),,2021,,current,higher=better,OECD,
UK567,Slough,UK,context,commuting_bike,Commuting mode share - bicycle,Mobility (context),fua,2.8,PT_WR (% of workers),,2021,,current,higher=better,OECD,
UK567,Slough,UK,context,commuting_walk,Commuting mode share - walking,Mobility (context),fua,10.6,PT_WR (% of workers),,2021,,current,higher=better,OECD,
UK567,Slough,UK,context,commuting_car,Commuting mode share - car,Mobility (context),fua,71.1,PT_WR (% of workers),,2021,,current,higher=worse,OECD,
UK568,Cheshire West and Chester,UK,indicator,pm25,Mean PM2.5 population exposure,Environment,fua,22.033972511831777,MCG_M3 (ug/m3),88.33,2025,,,higher=worse,OECD,
UK568,Cheshire West and Chester,UK,indicator,green_area,Green area per inhabitant (urban centre),Environment,fua,196,M2_PS (m2/person),79.53,2021,,,higher=better,OECD,
UK568,Cheshire West and Chester,UK,indicator,public_transport_access,Population with access to public transport (15-minute walk),Mobility,fua,93,PT_POP (% population),39.39,2023,,,higher=better,OECD,
UK568,Cheshire West and Chester,UK,indicator,employment_rate,Employment rate (15-64),Economic Opportunity,fua,,PT_POP_SUB (% of working-age population),,,,,higher=better,OECD,
UK568,Cheshire West and Chester,UK,indicator,unemployment_rate,Unemployment rate (15-64),Economic Opportunity,fua,,PT_LF_SUB (% of labour force),,,,,higher=worse,OECD,
UK568,Cheshire West and Chester,UK,composite,environment_score,Environment composite score,Environment,fua (composite),,score (0-100),83.93,,,,,derived (V1 approved composites),
UK568,Cheshire West and Chester,UK,composite,mobility_score,Mobility composite score,Mobility,fua (composite),,score (0-100),39.39,,,,,derived (V1 approved composites),
UK568,Cheshire West and Chester,UK,composite,economic_opportunity_score,Economic Opportunity composite score,Economic Opportunity,fua (composite),,score (0-100),,,,,,derived (V1 approved composites),
UK568,Cheshire West and Chester,UK,context,population,Population (total),Context,fua,527519,PS (persons),,2024,,,neutral (context),OECD,
UK568,Cheshire West and Chester,UK,context,commuting_public_transport,Commuting mode share - public transport,Mobility (context),fua,3.6,PT_WR (% of workers),,2021,,current,higher=better,OECD,
UK568,Cheshire West and Chester,UK,context,commuting_bike,Commuting mode share - bicycle,Mobility (context),fua,2.6,PT_WR (% of workers),,2021,,current,higher=better,OECD,
UK568,Cheshire West and Chester,UK,context,commuting_walk,Commuting mode share - walking,Mobility (context),fua,9.5,PT_WR (% of workers),,2021,,current,higher=better,OECD,
UK568,Cheshire West and Chester,UK,context,commuting_car,Commuting mode share - car,Mobility (context),fua,81.7,PT_WR (% of workers),,2021,,current,higher=worse,OECD,
UK569,Ipswich,UK,indicator,pm25,Mean PM2.5 population exposure,Environment,fua,24.828903732441592,MCG_M3 (ug/m3),72.38,2025,,,higher=worse,OECD,
UK569,Ipswich,UK,indicator,green_area,Green area per inhabitant (urban centre),Environment,fua,121,M2_PS (m2/person),35.96,2021,,,higher=better,OECD,
UK569,Ipswich,UK,indicator,public_transport_access,Population with access to public transport (15-minute walk),Mobility,fua,93.8,PT_POP (% population),44.3,2023,,,higher=better,OECD,
UK569,Ipswich,UK,indicator,employment_rate,Employment rate (15-64),Economic Opportunity,fua,,PT_POP_SUB (% of working-age population),,,,,higher=better,OECD,
UK569,Ipswich,UK,indicator,unemployment_rate,Unemployment rate (15-64),Economic Opportunity,fua,,PT_LF_SUB (% of labour force),,,,,higher=worse,OECD,
UK569,Ipswich,UK,composite,environment_score,Environment composite score,Environment,fua (composite),,score (0-100),54.17,,,,,derived (V1 approved composites),
UK569,Ipswich,UK,composite,mobility_score,Mobility composite score,Mobility,fua (composite),,score (0-100),44.3,,,,,derived (V1 approved composites),
UK569,Ipswich,UK,composite,economic_opportunity_score,Economic Opportunity composite score,Economic Opportunity,fua (composite),,score (0-100),,,,,,derived (V1 approved composites),
UK569,Ipswich,UK,context,population,Population (total),Context,fua,486971,PS (persons),,2024,,,neutral (context),OECD,
UK569,Ipswich,UK,context,commuting_public_transport,Commuting mode share - public transport,Mobility (context),fua,3.5,PT_WR (% of workers),,2021,,current,higher=better,OECD,
UK569,Ipswich,UK,context,commuting_bike,Commuting mode share - bicycle,Mobility (context),fua,4,PT_WR (% of workers),,2021,,current,higher=better,OECD,
UK569,Ipswich,UK,context,commuting_walk,Commuting mode share - walking,Mobility (context),fua,11.9,PT_WR (% of workers),,2021,,current,higher=better,OECD,
UK569,Ipswich,UK,context,commuting_car,Commuting mode share - car,Mobility (context),fua,77.7,PT_WR (% of workers),,2021,,current,higher=worse,OECD,
UK571,Cheltenham,UK,indicator,pm25,Mean PM2.5 population exposure,Environment,fua,24.58464739423319,MCG_M3 (ug/m3),73.41,2025,,,higher=worse,OECD,
UK571,Cheltenham,UK,indicator,green_area,Green area per inhabitant (urban centre),Environment,fua,162,M2_PS (m2/person),63.88,2021,,,higher=better,OECD,
UK571,Cheltenham,UK,indicator,public_transport_access,Population with access to public transport (15-minute walk),Mobility,fua,96.6,PT_POP (% population),66.84,2023,,,higher=better,OECD,
UK571,Cheltenham,UK,indicator,employment_rate,Employment rate (15-64),Economic Opportunity,fua,,PT_POP_SUB (% of working-age population),,,,,higher=better,OECD,
UK571,Cheltenham,UK,indicator,unemployment_rate,Unemployment rate (15-64),Economic Opportunity,fua,,PT_LF_SUB (% of labour force),,,,,higher=worse,OECD,
UK571,Cheltenham,UK,composite,environment_score,Environment composite score,Environment,fua (composite),,score (0-100),68.64,,,,,derived (V1 approved composites),
UK571,Cheltenham,UK,composite,mobility_score,Mobility composite score,Mobility,fua (composite),,score (0-100),66.84,,,,,derived (V1 approved composites),
UK571,Cheltenham,UK,composite,economic_opportunity_score,Economic Opportunity composite score,Economic Opportunity,fua (composite),,score (0-100),,,,,,derived (V1 approved composites),
UK571,Cheltenham,UK,context,population,Population (total),Context,fua,223688,PS (persons),,2024,,,neutral (context),OECD,
UK571,Cheltenham,UK,context,commuting_public_transport,Commuting mode share - public transport,Mobility (context),fua,4.6,PT_WR (% of workers),,2021,,current,higher=better,OECD,
UK571,Cheltenham,UK,context,commuting_bike,Commuting mode share - bicycle,Mobility (context),fua,5.1,PT_WR (% of workers),,2021,,current,higher=better,OECD,
UK571,Cheltenham,UK,context,commuting_walk,Commuting mode share - walking,Mobility (context),fua,14.3,PT_WR (% of workers),,2021,,current,higher=better,OECD,
UK571,Cheltenham,UK,context,commuting_car,Commuting mode share - car,Mobility (context),fua,74,PT_WR (% of workers),,2021,,current,higher=worse,OECD,
UK572,Gloucester,UK,indicator,pm25,Mean PM2.5 population exposure,Environment,fua,25.71315778741108,MCG_M3 (ug/m3),68.39,2025,,,higher=worse,OECD,
UK572,Gloucester,UK,indicator,green_area,Green area per inhabitant (urban centre),Environment,fua,110,M2_PS (m2/person),30.5,2021,,,higher=better,OECD,
UK572,Gloucester,UK,indicator,public_transport_access,Population with access to public transport (15-minute walk),Mobility,fua,99.2,PT_POP (% population),96.95,2023,,,higher=better,OECD,
UK572,Gloucester,UK,indicator,employment_rate,Employment rate (15-64),Economic Opportunity,fua,,PT_POP_SUB (% of working-age population),,,,,higher=better,OECD,
UK572,Gloucester,UK,indicator,unemployment_rate,Unemployment rate (15-64),Economic Opportunity,fua,,PT_LF_SUB (% of labour force),,,,,higher=worse,OECD,
UK572,Gloucester,UK,composite,environment_score,Environment composite score,Environment,fua (composite),,score (0-100),49.45,,,,,derived (V1 approved composites),
UK572,Gloucester,UK,composite,mobility_score,Mobility composite score,Mobility,fua (composite),,score (0-100),96.95,,,,,derived (V1 approved composites),
UK572,Gloucester,UK,composite,economic_opportunity_score,Economic Opportunity composite score,Economic Opportunity,fua (composite),,score (0-100),,,,,,derived (V1 approved composites),
UK572,Gloucester,UK,context,population,Population (total),Context,fua,138598,PS (persons),,2024,,,neutral (context),OECD,
UK572,Gloucester,UK,context,commuting_public_transport,Commuting mode share - public transport,Mobility (context),fua,6.1,PT_WR (% of workers),,2021,,current,higher=better,OECD,
UK572,Gloucester,UK,context,commuting_bike,Commuting mode share - bicycle,Mobility (context),fua,4.4,PT_WR (% of workers),,2021,,current,higher=better,OECD,
UK572,Gloucester,UK,context,commuting_walk,Commuting mode share - walking,Mobility (context),fua,11.9,PT_WR (% of workers),,2021,,current,higher=better,OECD,
UK572,Gloucester,UK,context,commuting_car,Commuting mode share - car,Mobility (context),fua,75.4,PT_WR (% of workers),,2021,,current,higher=worse,OECD,
UK573,Bracknell Forest,UK,indicator,pm25,Mean PM2.5 population exposure,Environment,fua,26.449633903000066,MCG_M3 (ug/m3),64.84,2025,,,higher=worse,OECD,
UK573,Bracknell Forest,UK,indicator,green_area,Green area per inhabitant (urban centre),Environment,fua,215,M2_PS (m2/person),86.36,2021,,,higher=better,OECD,
UK573,Bracknell Forest,UK,indicator,public_transport_access,Population with access to public transport (15-minute walk),Mobility,fua,71.2,PT_POP (% population),6.37,2023,,,higher=better,OECD,
UK573,Bracknell Forest,UK,indicator,employment_rate,Employment rate (15-64),Economic Opportunity,fua,,PT_POP_SUB (% of working-age population),,,,,higher=better,OECD,
UK573,Bracknell Forest,UK,indicator,unemployment_rate,Unemployment rate (15-64),Economic Opportunity,fua,,PT_LF_SUB (% of labour force),,,,,higher=worse,OECD,
UK573,Bracknell Forest,UK,composite,environment_score,Environment composite score,Environment,fua (composite),,score (0-100),75.6,,,,,derived (V1 approved composites),
UK573,Bracknell Forest,UK,composite,mobility_score,Mobility composite score,Mobility,fua (composite),,score (0-100),6.37,,,,,derived (V1 approved composites),
UK573,Bracknell Forest,UK,composite,economic_opportunity_score,Economic Opportunity composite score,Economic Opportunity,fua (composite),,score (0-100),,,,,,derived (V1 approved composites),
UK573,Bracknell Forest,UK,context,population,Population (total),Context,fua,130806,PS (persons),,2024,,,neutral (context),OECD,
UK573,Bracknell Forest,UK,context,commuting_public_transport,Commuting mode share - public transport,Mobility (context),fua,4.5,PT_WR (% of workers),,2021,,current,higher=better,OECD,
UK573,Bracknell Forest,UK,context,commuting_bike,Commuting mode share - bicycle,Mobility (context),fua,2.3,PT_WR (% of workers),,2021,,current,higher=better,OECD,
UK573,Bracknell Forest,UK,context,commuting_walk,Commuting mode share - walking,Mobility (context),fua,9.4,PT_WR (% of workers),,2021,,current,higher=better,OECD,
UK573,Bracknell Forest,UK,context,commuting_car,Commuting mode share - car,Mobility (context),fua,81.1,PT_WR (% of workers),,2021,,current,higher=worse,OECD,
UK576,Crawley,UK,indicator,pm25,Mean PM2.5 population exposure,Environment,fua,25.40730807256915,MCG_M3 (ug/m3),69.42,2025,,,higher=worse,OECD,
UK576,Crawley,UK,indicator,green_area,Green area per inhabitant (urban centre),Environment,fua,177,M2_PS (m2/person),71.43,2021,,,higher=better,OECD,
UK576,Crawley,UK,indicator,public_transport_access,Population with access to public transport (15-minute walk),Mobility,fua,99.1,PT_POP (% population),95.89,2023,,,higher=better,OECD,
UK576,Crawley,UK,indicator,employment_rate,Employment rate (15-64),Economic Opportunity,fua,,PT_POP_SUB (% of working-age population),,,,,higher=better,OECD,
UK576,Crawley,UK,indicator,unemployment_rate,Unemployment rate (15-64),Economic Opportunity,fua,,PT_LF_SUB (% of labour force),,,,,higher=worse,OECD,
UK576,Crawley,UK,composite,environment_score,Environment composite score,Environment,fua (composite),,score (0-100),70.43,,,,,derived (V1 approved composites),
UK576,Crawley,UK,composite,mobility_score,Mobility composite score,Mobility,fua (composite),,score (0-100),95.89,,,,,derived (V1 approved composites),
UK576,Crawley,UK,composite,economic_opportunity_score,Economic Opportunity composite score,Economic Opportunity,fua (composite),,score (0-100),,,,,,derived (V1 approved composites),
UK576,Crawley,UK,context,population,Population (total),Context,fua,124008,PS (persons),,2024,,,neutral (context),OECD,
UK576,Crawley,UK,context,commuting_public_transport,Commuting mode share - public transport,Mobility (context),fua,15.4,PT_WR (% of workers),,2021,,current,higher=better,OECD,
UK576,Crawley,UK,context,commuting_bike,Commuting mode share - bicycle,Mobility (context),fua,2.5,PT_WR (% of workers),,2021,,current,higher=better,OECD,
UK576,Crawley,UK,context,commuting_walk,Commuting mode share - walking,Mobility (context),fua,8.5,PT_WR (% of workers),,2021,,current,higher=better,OECD,
UK576,Crawley,UK,context,commuting_car,Commuting mode share - car,Mobility (context),fua,70.5,PT_WR (% of workers),,2021,,current,higher=worse,OECD,
UK580,Rushmoor,UK,indicator,pm25,Mean PM2.5 population exposure,Environment,fua,26.292268935608046,MCG_M3 (ug/m3),65.73,2025,,,higher=worse,OECD,
UK580,Rushmoor,UK,indicator,green_area,Green area per inhabitant (urban centre),Environment,fua,182,M2_PS (m2/person),73.35,2021,,,higher=better,OECD,
UK580,Rushmoor,UK,indicator,public_transport_access,Population with access to public transport (15-minute walk),Mobility,fua,97.6,PT_POP (% population),78.78,2023,,,higher=better,OECD,
UK580,Rushmoor,UK,indicator,employment_rate,Employment rate (15-64),Economic Opportunity,fua,,PT_POP_SUB (% of working-age population),,,,,higher=better,OECD,
UK580,Rushmoor,UK,indicator,unemployment_rate,Unemployment rate (15-64),Economic Opportunity,fua,,PT_LF_SUB (% of labour force),,,,,higher=worse,OECD,
UK580,Rushmoor,UK,composite,environment_score,Environment composite score,Environment,fua (composite),,score (0-100),69.54,,,,,derived (V1 approved composites),
UK580,Rushmoor,UK,composite,mobility_score,Mobility composite score,Mobility,fua (composite),,score (0-100),78.78,,,,,derived (V1 approved composites),
UK580,Rushmoor,UK,composite,economic_opportunity_score,Economic Opportunity composite score,Economic Opportunity,fua (composite),,score (0-100),,,,,,derived (V1 approved composites),
UK580,Rushmoor,UK,context,population,Population (total),Context,fua,105751,PS (persons),,2024,,,neutral (context),OECD,
UK580,Rushmoor,UK,context,commuting_public_transport,Commuting mode share - public transport,Mobility (context),fua,7.4,PT_WR (% of workers),,2021,,current,higher=better,OECD,
UK580,Rushmoor,UK,context,commuting_bike,Commuting mode share - bicycle,Mobility (context),fua,2.4,PT_WR (% of workers),,2021,,current,higher=better,OECD,
UK580,Rushmoor,UK,context,commuting_walk,Commuting mode share - walking,Mobility (context),fua,10.2,PT_WR (% of workers),,2021,,current,higher=better,OECD,
UK580,Rushmoor,UK,context,commuting_car,Commuting mode share - car,Mobility (context),fua,77.4,PT_WR (% of workers),,2021,,current,higher=worse,OECD,
