urban_system_id,city,country_code,country_name,population_raw,population_year,environment_score,pm25_raw,environment_pm25_score,pm25_year,green_area_raw,environment_green_score,green_area_year,mobility_score,public_transport_raw,public_transport_score,public_transport_year,economic_opportunity_score,employment_raw,employment_score,employment_year,unemployment_raw,unemployment_score,unemployment_year,commuting_pt_raw,commuting_pt_year,commuting_pt_staleness,commuting_bike_raw,commuting_bike_year,commuting_bike_staleness,commuting_walk_raw,commuting_walk_year,commuting_walk_staleness,commuting_car_raw,commuting_car_year,commuting_car_staleness,perceived_safety_score,perceived_safety_year,community_score,community_year,life_satisfaction_score,life_satisfaction_year,housing_satisfaction_score,housing_satisfaction_year,profile_dimensions_available,profile_coverage_pct,explorer_eligible,environment_eligible,mobility_eligible,economic_eligible,extended_profile_eligible,radar_eligible,n_perception_dimensions
AT001,Wien,AT,Austria,3231239,2025,32.99,28.741935554418838,50.66,2025,83,15.33,2021,3.71,66.4,3.71,2023,,68.2,36.16,2024,,,,,,,,,,,,,,,,70.0,2023,58.75,2023,69.38,2023,30.0,2023,6,85.7,TRUE,TRUE,TRUE,FALSE,FALSE,FALSE,4
BE001,Bruxelles,BE,Belgium,3654721,2025,48.86,23.695006059515492,80.06,2025,87,17.66,2021,66.84,96.6,66.84,2023,,,,,,,,13,2011,stale_commuting_context,4.1,2011,stale_commuting_context,3.5,2011,stale_commuting_context,74.1,2011,stale_commuting_context,21.25,2023,26.25,2023,58.13,2023,18.75,2023,6,85.7,TRUE,TRUE,TRUE,FALSE,FALSE,FALSE,4
BE002,Antwerpen,BE,Belgium,1268760,2025,79.59,23.506325325814366,81.09,2025,194,78.09,2021,27.45,89,27.45,2023,,,,,,,,4.7,2011,stale_commuting_context,18.7,2011,stale_commuting_context,2.8,2011,stale_commuting_context,67.3,2011,stale_commuting_context,55.0,2023,45.0,2023,95.62,2023,45.0,2023,6,85.7,TRUE,TRUE,TRUE,FALSE,FALSE,FALSE,4
BE003,Gent,BE,Belgium,703869,2025,78.09,25.66354079758271,68.69,2025,221,87.48,2021,40.98,93.3,40.98,2023,,,,,,,,3.2,2011,stale_commuting_context,14.9,2011,stale_commuting_context,1.4,2011,stale_commuting_context,75.5,2011,stale_commuting_context,,,,,,,,,2,28.6,TRUE,TRUE,TRUE,FALSE,FALSE,FALSE,0
BE004,Charleroi,BE,Belgium,458734,2025,92.99,21.33867850385429,90.55,2025,257,95.43,2021,55.17,95.4,55.17,2023,,,,,,,,3.3,2011,stale_commuting_context,0.8,2011,stale_commuting_context,4.7,2011,stale_commuting_context,87,2011,stale_commuting_context,,,,,,,,,2,28.6,TRUE,TRUE,TRUE,FALSE,FALSE,FALSE,0
BE005,Liège,BE,Belgium,818256,2025,81.94,23.117345305350856,83.46,2025,198,80.42,2021,56.5,95.6,56.5,2023,,,,,,,,4.4,2011,stale_commuting_context,1.8,2011,stale_commuting_context,3.8,2011,stale_commuting_context,84.7,2011,stale_commuting_context,6.25,2023,27.5,2023,41.25,2023,58.75,2023,6,85.7,TRUE,TRUE,TRUE,FALSE,FALSE,FALSE,4
BE006,Brugge,BE,Belgium,246526,2025,69.11,28.26937173743607,53.62,2025,208,84.59,2021,22.94,87.4,22.94,2023,,,,,,,,3.8,2011,stale_commuting_context,16.1,2011,stale_commuting_context,2.4,2011,stale_commuting_context,73.8,2011,stale_commuting_context,,,,,,,,,2,28.6,TRUE,TRUE,TRUE,FALSE,FALSE,FALSE,0
BE007,Namur,BE,Belgium,288933,2025,,23.750619046643646,79.76,2025,,,,36.07,91.9,36.07,2023,,,,,,,,2.9,2011,stale_commuting_context,1.6,2011,stale_commuting_context,3.3,2011,stale_commuting_context,86.3,2011,stale_commuting_context,,,,,,,,,1,14.3,TRUE,FALSE,TRUE,FALSE,FALSE,FALSE,0
BE009,Mons,BE,Belgium,257148,2025,80.19,27.261576320635474,60.86,2025,339,99.52,2021,44.3,93.8,44.3,2023,,,,,,,,4.3,2011,stale_commuting_context,1.3,2011,stale_commuting_context,5,2011,stale_commuting_context,85.1,2011,stale_commuting_context,,,,,,,,,2,28.6,TRUE,TRUE,TRUE,FALSE,FALSE,FALSE,0
BE010,Kortrijk,BE,Belgium,238318,2025,79.31,26.53492333790812,64.4,2025,245,94.22,2021,53.18,95.2,53.18,2023,,,,,,,,2.5,2011,stale_commuting_context,,,,,,,,,,,,,,,,,,2,28.6,TRUE,TRUE,TRUE,FALSE,FALSE,FALSE,0
BE011,Oostende,BE,Belgium,133384,2025,48.02,27.805342561876447,56.87,2025,125,39.17,2021,52.39,95.1,52.39,2023,,,,,,,,3.6,2011,stale_commuting_context,16.2,2011,stale_commuting_context,2.1,2011,stale_commuting_context,69.2,2011,stale_commuting_context,,,,,,,,,2,28.6,TRUE,TRUE,TRUE,FALSE,FALSE,FALSE,0
BG001,Sofia,BG,Bulgaria,1534725,2025,23.67,36.58647886263146,22.3,2025,99,25.04,2021,,,,,79.9,73.6,67.9,2024,2.8,91.89,2024,24,2011,stale_commuting_context,18.3,2011,stale_commuting_context,24,2011,stale_commuting_context,25.7,2011,stale_commuting_context,11.25,2023,3.75,2023,16.88,2023,77.5,2023,6,85.7,TRUE,TRUE,FALSE,TRUE,FALSE,FALSE,4
BG002,Plovdiv,BG,Bulgaria,543968,2025,9.21,41.42869148789353,13.59,2025,50,4.82,2021,,,,,63.9,68.9,38.93,2024,3,88.87,2024,28.2,2011,stale_commuting_context,12.6,2011,stale_commuting_context,18,2011,stale_commuting_context,29.9,2011,stale_commuting_context,,,,,,,,,2,28.6,TRUE,TRUE,FALSE,TRUE,FALSE,FALSE,0
BG003,Varna,BG,Bulgaria,426850,2025,39.62,30.56281517283096,42.39,2025,122,36.84,2021,,,,,73.36,73.9,70.3,2024,4,76.42,2024,31,2011,stale_commuting_context,8.3,2011,stale_commuting_context,18.5,2011,stale_commuting_context,30,2011,stale_commuting_context,,,,,,,,,2,28.6,TRUE,TRUE,FALSE,TRUE,FALSE,FALSE,0
BG004,Burgas,BG,Bulgaria,255381,2025,23.5,35.80414783536726,24.22,2025,96,22.79,2021,,,,,57.91,70.3,50.92,2024,4.9,64.91,2024,21.6,2011,stale_commuting_context,18.4,2011,stale_commuting_context,24.4,2011,stale_commuting_context,19.8,2011,stale_commuting_context,35.0,2023,33.75,2023,28.75,2023,79.38,2023,6,85.7,TRUE,TRUE,FALSE,TRUE,FALSE,FALSE,4
CH001,Bern,CH,Switzerland,758054,2023,56.22,35.09933145629835,26.74,2025,212,85.71,2021,44.3,93.8,44.3,2023,91.78,79.8,93.36,2022,2.9,90.19,2022,36,2024,current,11.3,2024,current,7.4,2024,current,44.1,2024,current,,,,,,,,,3,42.9,TRUE,TRUE,TRUE,TRUE,FALSE,TRUE,0
CH002,Zürich,CH,Switzerland,2130572,2023,39.98,39.476199328843514,15.66,2025,163,64.29,2021,80.37,97.7,80.37,2023,85.76,78.9,91.14,2022,3.6,80.38,2022,43.6,2024,current,7.4,2024,current,6.7,2024,current,41.4,2024,current,96.25,2023,96.25,2023,100.0,2023,7.5,2023,7,100.0,TRUE,TRUE,TRUE,TRUE,TRUE,TRUE,4
CH003,Genève,CH,Switzerland,629801,2023,26.92,32.48719250905548,35.3,2025,89,18.54,2021,87.93,98.3,87.93,2023,12.86,61.2,14.02,2022,10.1,11.7,2022,45.7,2024,current,10.3,2024,current,11.5,2024,current,27.3,2024,current,75.0,2023,66.25,2023,82.5,2023,1.25,2023,7,100.0,TRUE,TRUE,TRUE,TRUE,TRUE,TRUE,4
CH004,Basel,CH,Switzerland,590138,2023,33.12,38.55746923388556,17.28,2025,140,48.96,2021,83.29,97.9,83.29,2023,71.54,74.1,72.14,2022,4.4,70.94,2022,38.3,2024,current,16,2024,current,8.2,2024,current,36,2024,current,,,,,,,,,3,42.9,TRUE,TRUE,TRUE,TRUE,FALSE,TRUE,0
CH005,Lausanne,CH,Switzerland,681698,2023,32.22,35.08481420633991,26.88,2025,123,37.56,2021,66.84,96.6,66.84,2023,40.86,69.6,40.59,2022,7,41.13,2022,36.7,2024,current,3.9,2024,current,9.5,2024,current,48.3,2024,current,,,,,,,,,3,42.9,TRUE,TRUE,TRUE,TRUE,FALSE,TRUE,0
CH006,Lucerne,CH,Switzerland,338998,2023,54.76,34.088553938726236,29.1,2025,198,80.42,2021,47.08,94,47.08,2023,,,,,,,,27.7,2024,current,12.3,2024,current,8.9,2024,current,49.4,2024,current,,,,,,,,,2,28.6,TRUE,TRUE,TRUE,FALSE,FALSE,FALSE,0
CH008,Lugano,CH,Switzerland,174791,2023,40.98,42.018467231397054,12.7,2025,173,69.26,2021,77.06,97.5,77.06,2023,,,,,,,,21.5,2024,current,4.2,2024,current,12.1,2024,current,57.9,2024,current,,,,,,,,,2,28.6,TRUE,TRUE,TRUE,FALSE,FALSE,FALSE,0
CH009,St. Gallen,CH,Switzerland,302480,2023,56.16,36.20455742295138,23.49,2025,224,88.84,2021,40.98,93.3,40.98,2023,,,,,,,,26.7,2024,current,7.1,2024,current,9.8,2024,current,55.5,2024,current,,,,,,,,,2,28.6,TRUE,TRUE,TRUE,FALSE,FALSE,FALSE,0
CH010,Biel/Bienne,CH,Switzerland,142766,2023,35.81,33.76956597930609,30.13,2025,128,41.49,2021,78.78,97.6,78.78,2023,,,,,,,,27.6,2024,current,10.7,2024,current,8.2,2024,current,52.8,2024,current,,,,,,,,,2,28.6,TRUE,TRUE,TRUE,FALSE,FALSE,FALSE,0
CZ001,Praha,CZ,Czechia,2286475,2025,34.87,35.06330850444776,27.03,2025,130,42.7,2021,80.37,97.7,80.37,2023,89.66,75.9,79.89,2022,1.5,99.43,2022,41.4,2021,current,1.6,2021,current,6.6,2021,current,42.2,2021,current,26.25,2023,15.0,2023,75.62,2023,37.5,2023,7,100.0,TRUE,TRUE,TRUE,TRUE,TRUE,TRUE,4
CZ002,Brno,CZ,Czechia,780906,2025,43.36,32.44498117683241,35.75,2025,143,50.96,2021,,,,,85.05,74,71.22,2022,1.9,98.87,2022,33.6,2021,current,2.7,2021,current,8.4,2021,current,49,2021,current,,,,,,,,,2,28.6,TRUE,TRUE,FALSE,TRUE,FALSE,FALSE,0
CZ003,Ostrava,CZ,Czechia,606008,2025,57.64,37.21926512604085,20.83,2025,247,94.46,2021,,,,,69.02,72.5,61.62,2022,4,76.42,2022,27,2021,current,2.8,2021,current,7.6,2021,current,57.1,2021,current,8.75,2023,10.0,2023,67.5,2023,86.25,2023,6,85.7,TRUE,TRUE,FALSE,TRUE,FALSE,FALSE,4
CZ004,Plzeň,CZ,Czechia,370828,2025,59.65,29.263556869713916,47.86,2025,177,71.43,2021,,,,,87.07,74.9,75.65,2022,2.1,98.49,2022,22.7,2021,current,2.7,2021,current,8,2021,current,59.6,2021,current,,,,,,,,,2,28.6,TRUE,TRUE,FALSE,TRUE,FALSE,FALSE,0
CZ006,Olomouc,CZ,Czechia,223526,2025,40.39,30.965342611955226,40.18,2025,127,40.61,2021,1.06,51.6,1.06,2023,,,,,,,,20.4,2021,current,7.5,2021,current,12.1,2021,current,54.4,2021,current,,,,,,,,,2,28.6,TRUE,TRUE,TRUE,FALSE,FALSE,FALSE,0
CZ007,Liberec,CZ,Czechia,228071,2025,63.68,32.12490074778737,36.34,2025,231,91.01,2021,8.22,74.7,8.22,2023,,,,,,,,21.4,2021,current,1.8,2021,current,13.6,2021,current,55.3,2021,current,,,,,,,,,2,28.6,TRUE,TRUE,TRUE,FALSE,FALSE,FALSE,0
DE001,Berlin,DE,Germany,5080569,2025,38.72,31.129448051728026,39.88,2025,123,37.56,2021,81.7,97.8,81.7,2023,44.65,74.2,72.88,2021,9.2,16.42,2021,33.5,2016,stale_commuting_context,11.9,2016,stale_commuting_context,5.7,2016,stale_commuting_context,47.6,2016,stale_commuting_context,22.5,2023,41.25,2023,85.62,2023,22.5,2023,7,100.0,TRUE,TRUE,TRUE,TRUE,TRUE,TRUE,4
DE002,Hamburg,DE,Germany,3286152,2025,70.19,27.451392355505213,59.23,2025,199,81.14,2021,75.73,97.4,75.73,2023,62.2,76.2,81.0,2021,6.9,43.4,2021,28.6,2016,stale_commuting_context,10.2,2016,stale_commuting_context,6.2,2016,stale_commuting_context,54.1,2016,stale_commuting_context,62.5,2023,81.25,2023,61.25,2023,5.0,2023,7,100.0,TRUE,TRUE,TRUE,TRUE,TRUE,TRUE,4
DE003,München,DE,Germany,3002043,2025,31.91,31.51359709555515,37.81,2025,102,26.0,2021,64.46,96.4,64.46,2023,79.98,77.2,85.06,2021,4.1,74.91,2021,32.1,2016,stale_commuting_context,9.9,2016,stale_commuting_context,7,2016,stale_commuting_context,49.8,2016,stale_commuting_context,67.5,2023,83.75,2023,88.12,2023,2.5,2023,7,100.0,TRUE,TRUE,TRUE,TRUE,TRUE,TRUE,4
DE004,Köln,DE,Germany,2315968,2025,60.46,29.578323289874497,46.68,2025,184,74.24,2021,75.73,97.4,75.73,2023,35.73,70.5,52.58,2021,9,18.87,2021,24.1,2016,stale_commuting_context,10,2016,stale_commuting_context,6.4,2016,stale_commuting_context,58.5,2016,stale_commuting_context,,,,,,,,,3,42.9,TRUE,TRUE,TRUE,TRUE,FALSE,TRUE,0
DE005,Frankfurt am Main,DE,Germany,2668350,2025,48.45,30.4720865902796,43.13,2025,146,53.77,2021,90.58,98.5,90.58,2023,59.0,72.6,63.1,2021,6.2,54.91,2021,22.9,2016,stale_commuting_context,7.1,2016,stale_commuting_context,8.8,2016,stale_commuting_context,60.1,2016,stale_commuting_context,,,,,,,,,3,42.9,TRUE,TRUE,TRUE,TRUE,FALSE,TRUE,0
DE006,Ruhrgebiet,DE,Germany,1880205,2025,64.58,30.92363069762172,40.32,2025,224,88.84,2021,83.29,97.9,83.29,2023,24.18,68.9,38.93,2021,10.9,9.43,2021,,,,,,,,,,,,,36.88,2023,60.0,2023,82.5,2023,48.75,2023,7,100.0,TRUE,TRUE,TRUE,TRUE,TRUE,TRUE,4
DE007,Stuttgart,DE,Germany,2548138,2025,41.59,38.71857296589441,17.13,2025,167,66.05,2021,87.0,98.2,87.0,2023,79.01,77.7,87.08,2021,4.4,70.94,2021,19.1,2016,stale_commuting_context,4.9,2016,stale_commuting_context,9.7,2016,stale_commuting_context,65.2,2016,stale_commuting_context,30.0,2023,65.0,2023,47.5,2023,21.25,2023,7,100.0,TRUE,TRUE,TRUE,TRUE,TRUE,TRUE,4
DE008,Leipzig,DE,Germany,965170,2025,60.27,30.04539608699363,44.31,2025,189,76.24,2021,77.06,97.5,77.06,2023,54.17,74.2,72.88,2021,7.4,35.47,2021,16.1,2016,stale_commuting_context,13.4,2016,stale_commuting_context,7.1,2016,stale_commuting_context,62.5,2016,stale_commuting_context,36.88,2023,80.0,2023,90.0,2023,66.25,2023,7,100.0,TRUE,TRUE,TRUE,TRUE,TRUE,TRUE,4
DE009,Dresden,DE,Germany,975419,2025,60.47,30.48271574860043,42.84,2025,194,78.09,2021,88.99,98.4,88.99,2023,68.02,76.9,83.39,2021,6.3,52.64,2021,15,2016,stale_commuting_context,11.6,2016,stale_commuting_context,7.8,2016,stale_commuting_context,63.9,2016,stale_commuting_context,,,,,,,,,3,42.9,TRUE,TRUE,TRUE,TRUE,FALSE,TRUE,0
DE011,Düsseldorf,DE,Germany,1685169,2025,52.56,29.998577018468524,44.61,2025,157,60.51,2021,88.99,98.4,88.99,2023,47.01,72.8,64.39,2021,7.8,29.62,2021,20.7,2016,stale_commuting_context,7.4,2016,stale_commuting_context,8.1,2016,stale_commuting_context,62.6,2016,stale_commuting_context,,,,,,,,,3,42.9,TRUE,TRUE,TRUE,TRUE,FALSE,TRUE,0
DE012,Bremen,DE,Germany,1069555,2025,68.37,28.139443710473675,54.8,2025,201,81.94,2021,47.08,94,47.08,2023,42.14,72.3,60.33,2021,8.6,23.96,2021,13.7,2016,stale_commuting_context,15.7,2016,stale_commuting_context,5.9,2016,stale_commuting_context,63.6,2016,stale_commuting_context,,,,,,,,,3,42.9,TRUE,TRUE,TRUE,TRUE,FALSE,TRUE,0
DE013,Hannover,DE,Germany,1275536,2025,58.56,30.700768885993686,41.36,2025,188,75.76,2021,78.78,97.6,78.78,2023,45.48,73,65.31,2021,8.2,25.66,2021,21.7,2016,stale_commuting_context,12.8,2016,stale_commuting_context,6.4,2016,stale_commuting_context,57.8,2016,stale_commuting_context,,,,,,,,,3,42.9,TRUE,TRUE,TRUE,TRUE,FALSE,TRUE,0
DE014,Nürnberg,DE,Germany,1526691,2025,42.91,31.236776495228117,39.44,2025,137,46.39,2021,78.78,97.6,78.78,2023,77.47,78.7,90.04,2021,4.9,64.91,2021,16.5,2016,stale_commuting_context,8.8,2016,stale_commuting_context,8,2016,stale_commuting_context,65.2,2016,stale_commuting_context,,,,,,,,,3,42.9,TRUE,TRUE,TRUE,TRUE,FALSE,TRUE,0
DE016,Bielefeld,DE,Germany,547918,2025,78.65,27.229123127774326,61.15,2025,265,96.15,2021,93.5,98.7,93.5,2023,49.0,74,71.22,2021,8.1,26.79,2021,19.4,2016,stale_commuting_context,6.9,2016,stale_commuting_context,8.1,2016,stale_commuting_context,65,2016,stale_commuting_context,,,,,,,,,3,42.9,TRUE,TRUE,TRUE,TRUE,FALSE,TRUE,0
DE017,Halle an der Saale,DE,Germany,357170,2025,60.53,28.76708494479225,50.52,2025,175,70.55,2021,65.52,96.5,65.52,2023,40.98,72.6,63.1,2021,9,18.87,2021,16.3,2016,stale_commuting_context,9.5,2016,stale_commuting_context,8.2,2016,stale_commuting_context,65.1,2016,stale_commuting_context,,,,,,,,,3,42.9,TRUE,TRUE,TRUE,TRUE,FALSE,TRUE,0
DE018,Magdeburg,DE,Germany,426444,2025,69.44,26.756038728517847,62.63,2025,189,76.24,2021,50.66,94.8,50.66,2023,50.39,74.4,73.99,2021,8.1,26.79,2021,11.8,2016,stale_commuting_context,10.7,2016,stale_commuting_context,6,2016,stale_commuting_context,70.7,2016,stale_commuting_context,,,,,,,,,3,42.9,TRUE,TRUE,TRUE,TRUE,FALSE,TRUE,0
DE019,Wiesbaden,DE,Germany,429818,2025,55.64,27.384560524466806,59.68,2025,144,51.61,2021,84.48,98,84.48,2023,51.53,72.8,64.39,2021,7.2,38.68,2021,16.8,2016,stale_commuting_context,2.9,2016,stale_commuting_context,10.5,2016,stale_commuting_context,68.7,2016,stale_commuting_context,,,,,,,,,3,42.9,TRUE,TRUE,TRUE,TRUE,FALSE,TRUE,0
DE020,Göttingen,DE,Germany,263727,2025,51.2,29.6156520722728,46.23,2025,150,56.18,2021,44.3,93.8,44.3,2023,61.5,73.3,66.97,2021,6.1,56.04,2021,7.6,2016,stale_commuting_context,10.8,2016,stale_commuting_context,11,2016,stale_commuting_context,69.3,2016,stale_commuting_context,,,,,,,,,3,42.9,TRUE,TRUE,TRUE,TRUE,FALSE,TRUE,0
DE023,Darmstadt,DE,Germany,427250,2025,49.07,29.819800738705865,45.49,2025,145,52.65,2021,70.82,97.1,70.82,2023,62.83,73.2,66.05,2021,5.7,59.62,2021,16.6,2016,stale_commuting_context,10.8,2016,stale_commuting_context,7,2016,stale_commuting_context,64.6,2016,stale_commuting_context,,,,,,,,,3,42.9,TRUE,TRUE,TRUE,TRUE,FALSE,TRUE,0
DE024,Trier,DE,Germany,268614,2025,70.42,26.256626341006868,65.88,2025,186,74.96,2021,60.48,96,60.48,2023,41.26,60.7,13.65,2021,4.6,68.87,2021,10.8,2016,stale_commuting_context,4.4,2016,stale_commuting_context,9,2016,stale_commuting_context,74.6,2016,stale_commuting_context,,,,,,,,,3,42.9,TRUE,TRUE,TRUE,TRUE,FALSE,TRUE,0
DE025,Freiburg im Breisgau,DE,Germany,598996,2025,43.25,30.50563386692421,42.69,2025,132,43.82,2021,63.0,96.2,63.0,2023,74.23,75,76.2,2021,4.3,72.26,2021,18.2,2016,stale_commuting_context,16.6,2016,stale_commuting_context,8.4,2016,stale_commuting_context,55.4,2016,stale_commuting_context,,,,,,,,,3,42.9,TRUE,TRUE,TRUE,TRUE,FALSE,TRUE,0
DE026,Regensburg,DE,Germany,449413,2025,45.72,30.887992255188855,40.47,2025,143,50.96,2021,58.89,95.9,58.89,2023,84.75,78.5,89.11,2021,3.6,80.38,2021,8.1,2016,stale_commuting_context,8.8,2016,stale_commuting_context,6.6,2016,stale_commuting_context,75,2016,stale_commuting_context,,,,,,,,,3,42.9,TRUE,TRUE,TRUE,TRUE,FALSE,TRUE,0
DE030,Erfurt,DE,Germany,355865,2025,65.75,26.701888835576785,63.37,2025,170,68.14,2021,74.27,97.3,74.27,2023,64.09,76.2,81.0,2021,6.5,47.17,2021,12.3,2016,stale_commuting_context,8.3,2016,stale_commuting_context,11.5,2016,stale_commuting_context,66.1,2016,stale_commuting_context,,,,,,,,,3,42.9,TRUE,TRUE,TRUE,TRUE,FALSE,TRUE,0
DE031,Augsburg,DE,Germany,631678,2025,37.03,30.65885777141588,41.8,2025,114,32.26,2021,74.27,97.3,74.27,2023,75.19,76.8,83.03,2021,4.7,67.36,2021,15.9,2016,stale_commuting_context,10.3,2016,stale_commuting_context,8.6,2016,stale_commuting_context,64.5,2016,stale_commuting_context,,,,,,,,,3,42.9,TRUE,TRUE,TRUE,TRUE,FALSE,TRUE,0
DE032,Bonn,DE,Germany,668630,2025,73.34,25.59891351021185,68.98,2025,193,77.69,2021,94.56,98.8,94.56,2023,42.04,69.8,44.65,2021,7.1,39.43,2021,17.4,2016,stale_commuting_context,9.1,2016,stale_commuting_context,7.7,2016,stale_commuting_context,64.3,2016,stale_commuting_context,,,,,,,,,3,42.9,TRUE,TRUE,TRUE,TRUE,FALSE,TRUE,0
DE033,Karlsruhe,DE,Germany,699992,2025,54.85,37.55519109665159,19.65,2025,227,90.05,2021,51.33,94.9,51.33,2023,74.86,75.6,78.78,2021,4.4,70.94,2021,16.7,2016,stale_commuting_context,13,2016,stale_commuting_context,7.3,2016,stale_commuting_context,61.8,2016,stale_commuting_context,,,,,,,,,3,42.9,TRUE,TRUE,TRUE,TRUE,FALSE,TRUE,0
DE034,Mönchengladbach,DE,Germany,392501,2025,65.48,27.78617315424974,57.61,2025,182,73.35,2021,87.0,98.2,87.0,2023,32.62,70.4,51.66,2021,9.8,13.58,2021,13.8,2016,stale_commuting_context,5,2016,stale_commuting_context,8.9,2016,stale_commuting_context,71.2,2016,stale_commuting_context,,,,,,,,,3,42.9,TRUE,TRUE,TRUE,TRUE,FALSE,TRUE,0
DE035,Mainz,DE,Germany,406543,2025,46.5,29.805681132860656,45.64,2025,138,47.35,2021,90.58,98.5,90.58,2023,69.14,75,76.2,2021,5.5,62.08,2021,20.8,2016,stale_commuting_context,6.4,2016,stale_commuting_context,9.4,2016,stale_commuting_context,62.4,2016,stale_commuting_context,,,,,,,,,3,42.9,TRUE,TRUE,TRUE,TRUE,FALSE,TRUE,0
DE036,Kiel,DE,Germany,480383,2025,88.5,21.661758580805085,89.51,2025,221,87.48,2021,58.89,95.9,58.89,2023,56.86,73.7,68.63,2021,6.7,45.09,2021,10.6,2016,stale_commuting_context,14.1,2016,stale_commuting_context,7,2016,stale_commuting_context,67.2,2016,stale_commuting_context,,,,,,,,,3,42.9,TRUE,TRUE,TRUE,TRUE,FALSE,TRUE,0
DE037,Saarbrücken,DE,Germany,552356,2025,72.06,29.185334118097185,48.3,2025,263,95.83,2021,93.5,98.7,93.5,2023,45.2,74.4,73.99,2021,9.2,16.42,2021,7.7,2016,stale_commuting_context,1.7,2016,stale_commuting_context,8.9,2016,stale_commuting_context,80.5,2016,stale_commuting_context,,,,,,,,,3,42.9,TRUE,TRUE,TRUE,TRUE,FALSE,TRUE,0
DE039,Koblenz,DE,Germany,297668,2025,74.02,27.80328480175403,57.02,2025,231,91.01,2021,70.82,97.1,70.82,2023,70.83,75.3,76.75,2021,4.9,64.91,2021,8.7,2016,stale_commuting_context,5.1,2016,stale_commuting_context,10,2016,stale_commuting_context,74.2,2016,stale_commuting_context,,,,,,,,,3,42.9,TRUE,TRUE,TRUE,TRUE,FALSE,TRUE,0
DE040,Rostock,DE,Germany,324358,2025,82.2,24.75943723724676,72.67,2025,232,91.73,2021,55.17,95.4,55.17,2023,57.71,75.5,77.68,2021,7.3,37.74,2021,12.9,2016,stale_commuting_context,15,2016,stale_commuting_context,9.4,2016,stale_commuting_context,61.4,2016,stale_commuting_context,68.75,2023,87.5,2023,92.5,2023,17.5,2023,7,100.0,TRUE,TRUE,TRUE,TRUE,TRUE,TRUE,4
DE041,Kaiserslautern,DE,Germany,210324,2025,65.73,29.187662207051964,48.15,2025,205,83.31,2021,61.8,96.1,61.8,2023,53.56,73.8,69.37,2021,7.3,37.74,2021,9.7,2016,stale_commuting_context,2.2,2016,stale_commuting_context,10.3,2016,stale_commuting_context,77,2016,stale_commuting_context,,,,,,,,,3,42.9,TRUE,TRUE,TRUE,TRUE,FALSE,TRUE,0
DE042,Iserlohn,DE,Germany,132975,2025,73.41,29.11973809518656,48.74,2025,287,98.07,2021,87.0,98.2,87.0,2023,,,,,,,,5.4,2016,stale_commuting_context,1.1,2016,stale_commuting_context,12.1,2016,stale_commuting_context,80,2016,stale_commuting_context,,,,,,,,,2,28.6,TRUE,TRUE,TRUE,FALSE,FALSE,FALSE,0
DE047,Tübingen,DE,Germany,223630,2025,52.77,35.37927339738158,26.0,2025,196,79.53,2021,88.99,98.4,88.99,2023,,,,,,,,13.7,2016,stale_commuting_context,10.6,2016,stale_commuting_context,12,2016,stale_commuting_context,61.2,2016,stale_commuting_context,,,,,,,,,2,28.6,TRUE,TRUE,TRUE,FALSE,FALSE,FALSE,0
DE049,Flensburg,DE,Germany,185342,2025,95.66,18.967606525181118,94.53,2025,272,96.79,2021,60.48,96,60.48,2023,,,,,,,,6.7,2016,stale_commuting_context,9.1,2016,stale_commuting_context,10.5,2016,stale_commuting_context,72.2,2016,stale_commuting_context,,,,,,,,,2,28.6,TRUE,TRUE,TRUE,FALSE,FALSE,FALSE,0
DE051,Konstanz,DE,Germany,99461,2025,36.15,38.32456292840112,17.73,2025,147,54.57,2021,92.04,98.6,92.04,2023,,,,,,,,13.3,2016,stale_commuting_context,12.8,2016,stale_commuting_context,12.2,2016,stale_commuting_context,59.7,2016,stale_commuting_context,,,,,,,,,2,28.6,TRUE,TRUE,TRUE,FALSE,FALSE,FALSE,0
DE054,Gießen,DE,Germany,254146,2025,70.46,29.052369388203672,49.19,2025,232,91.73,2021,92.04,98.6,92.04,2023,,,,,,,,10.3,2016,stale_commuting_context,7.5,2016,stale_commuting_context,9.8,2016,stale_commuting_context,71.1,2016,stale_commuting_context,,,,,,,,,2,28.6,TRUE,TRUE,TRUE,FALSE,FALSE,FALSE,0
DE056,Bayreuth,DE,Germany,186111,2025,66.52,26.763775906763858,62.48,2025,175,70.55,2021,31.43,90.7,31.43,2023,,,,,,,,3.9,2016,stale_commuting_context,6.8,2016,stale_commuting_context,8.6,2016,stale_commuting_context,80.1,2016,stale_commuting_context,,,,,,,,,2,28.6,TRUE,TRUE,TRUE,FALSE,FALSE,FALSE,0
DE058,Aschaffenburg,DE,Germany,231291,2025,66.06,31.181387652517877,39.59,2025,236,92.54,2021,81.7,97.8,81.7,2023,,,,,,,,7,2016,stale_commuting_context,5.7,2016,stale_commuting_context,8.8,2016,stale_commuting_context,76.4,2016,stale_commuting_context,,,,,,,,,2,28.6,TRUE,TRUE,TRUE,FALSE,FALSE,FALSE,0
DE059,Bamberg,DE,Germany,236461,2025,64.36,24.31950046819519,76.07,2025,145,52.65,2021,57.43,95.8,57.43,2023,,,,,,,,8.3,2016,stale_commuting_context,10,2016,stale_commuting_context,6.2,2016,stale_commuting_context,73.4,2016,stale_commuting_context,,,,,,,,,2,28.6,TRUE,TRUE,TRUE,FALSE,FALSE,FALSE,0
DE063,Kempten (Allgäu),DE,Germany,142629,2025,66.59,29.927993776377072,44.9,2025,223,88.28,2021,25.33,88.6,25.33,2023,,,,,,,,4.5,2016,stale_commuting_context,10.1,2016,stale_commuting_context,16.2,2016,stale_commuting_context,66.8,2016,stale_commuting_context,,,,,,,,,2,28.6,TRUE,TRUE,TRUE,FALSE,FALSE,FALSE,0
DE064,Landshut,DE,Germany,177405,2025,59.22,28.32698128820754,53.03,2025,166,65.41,2021,48.28,94.1,48.28,2023,,,,,,,,8.5,2016,stale_commuting_context,7,2016,stale_commuting_context,9.6,2016,stale_commuting_context,73.7,2016,stale_commuting_context,,,,,,,,,2,28.6,TRUE,TRUE,TRUE,FALSE,FALSE,FALSE,0
DE066,Rosenheim,DE,Germany,169557,2025,65.27,28.42866855849839,52.44,2025,194,78.09,2021,27.45,89,27.45,2023,,,,,,,,7.5,2016,stale_commuting_context,11.9,2016,stale_commuting_context,6.6,2016,stale_commuting_context,73.3,2016,stale_commuting_context,,,,,,,,,2,28.6,TRUE,TRUE,TRUE,FALSE,FALSE,FALSE,0
DE071,Görlitz,DE,Germany,79906,2025,70.31,27.518734805056326,59.08,2025,200,81.54,2021,61.8,96.1,61.8,2023,,,,,,,,3.9,2016,stale_commuting_context,9.6,2016,stale_commuting_context,12,2016,stale_commuting_context,73.4,2016,stale_commuting_context,,,,,,,,,2,28.6,TRUE,TRUE,TRUE,FALSE,FALSE,FALSE,0
DE081,Mannheim-Ludwigshafen,DE,Germany,1353221,2025,40.0,32.195489773733954,36.19,2025,132,43.82,2021,75.73,97.4,75.73,2023,62.05,75.5,77.68,2021,6.6,46.42,2021,,,,,,,,,,,,,,,,,,,,,3,42.9,TRUE,TRUE,TRUE,TRUE,FALSE,TRUE,0
DE083,Münster,DE,Germany,575378,2025,69.86,27.987389704225652,55.69,2025,207,84.03,2021,63.0,96.2,63.0,2023,67.98,73.8,69.37,2021,4.8,66.6,2021,9.4,2016,stale_commuting_context,28.4,2016,stale_commuting_context,5.3,2016,stale_commuting_context,56,2016,stale_commuting_context,,,,,,,,,3,42.9,TRUE,TRUE,TRUE,TRUE,FALSE,TRUE,0
DE084,Chemnitz,DE,Germany,438546,2025,72.97,28.198359956519443,54.21,2025,232,91.73,2021,81.7,97.8,81.7,2023,65.74,77.2,85.06,2021,6.6,46.42,2021,16.8,2016,stale_commuting_context,5.8,2016,stale_commuting_context,7.8,2016,stale_commuting_context,69.2,2016,stale_commuting_context,,,,,,,,,3,42.9,TRUE,TRUE,TRUE,TRUE,FALSE,TRUE,0
DE085,Braunschweig-Salzgitter,DE,Germany,534339,2025,59.6,33.20466783403881,32.05,2025,220,87.16,2021,81.7,97.8,81.7,2023,60.7,74.1,72.14,2021,6.4,49.25,2021,,,,,,,,,,,,,,,,,,,,,3,42.9,TRUE,TRUE,TRUE,TRUE,FALSE,TRUE,0
DE086,Aachen,DE,Germany,621011,2025,75.25,26.16154087156455,66.47,2025,207,84.03,2021,96.95,99.2,96.95,2023,33.02,69.7,42.07,2021,8.6,23.96,2021,15.5,2016,stale_commuting_context,5.9,2016,stale_commuting_context,9.8,2016,stale_commuting_context,67.5,2016,stale_commuting_context,,,,,,,,,3,42.9,TRUE,TRUE,TRUE,TRUE,FALSE,TRUE,0
DE087,Krefeld,DE,Germany,294762,2025,60.53,30.077033707270793,44.17,2025,191,76.89,2021,65.52,96.5,65.52,2023,30.18,70.3,50.92,2021,10.9,9.43,2021,13.5,2016,stale_commuting_context,12.1,2016,stale_commuting_context,7.3,2016,stale_commuting_context,66.7,2016,stale_commuting_context,,,,,,,,,3,42.9,TRUE,TRUE,TRUE,TRUE,FALSE,TRUE,0
DE089,Lübeck,DE,Germany,383583,2025,83.48,22.86716638766801,84.05,2025,204,82.91,2021,83.29,97.9,83.29,2023,56.58,75.5,77.68,2021,7.4,35.47,2021,10.1,2016,stale_commuting_context,16.9,2016,stale_commuting_context,8.9,2016,stale_commuting_context,62.5,2016,stale_commuting_context,,,,,,,,,3,42.9,TRUE,TRUE,TRUE,TRUE,FALSE,TRUE,0
DE091,Kassel,DE,Germany,488017,2025,71.09,27.610701300340214,58.64,2025,206,83.55,2021,85.68,98.1,85.68,2023,57.87,72.6,63.1,2021,6.3,52.64,2021,16,2016,stale_commuting_context,5.6,2016,stale_commuting_context,9.1,2016,stale_commuting_context,68.3,2016,stale_commuting_context,,,,,,,,,3,42.9,TRUE,TRUE,TRUE,TRUE,FALSE,TRUE,0
DE095,Osnabrück,DE,Germany,355902,2025,65.44,31.26757706446775,39.14,2025,232,91.73,2021,75.73,97.4,75.73,2023,74.95,78,87.82,2021,5.5,62.08,2021,7,2016,stale_commuting_context,12.1,2016,stale_commuting_context,6.8,2016,stale_commuting_context,72.4,2016,stale_commuting_context,,,,,,,,,3,42.9,TRUE,TRUE,TRUE,TRUE,FALSE,TRUE,0
DE098,Oldenburg (Oldenburg),DE,Germany,320458,2025,79.75,26.327154812397566,65.44,2025,244,94.06,2021,61.8,96.1,61.8,2023,64.48,74,71.22,2021,5.9,57.74,2021,5.8,2016,stale_commuting_context,20.9,2016,stale_commuting_context,4.3,2016,stale_commuting_context,67.7,2016,stale_commuting_context,,,,,,,,,3,42.9,TRUE,TRUE,TRUE,TRUE,FALSE,TRUE,0
DE100,Heidelberg,DE,Germany,309795,2025,37.32,33.86891449069979,29.54,2025,134,45.1,2021,85.68,98.1,85.68,2023,58.74,70.5,52.58,2021,4.9,64.91,2021,13.7,2016,stale_commuting_context,11.7,2016,stale_commuting_context,7.2,2016,stale_commuting_context,66.2,2016,stale_commuting_context,,,,,,,,,3,42.9,TRUE,TRUE,TRUE,TRUE,FALSE,TRUE,0
DE101,Paderborn,DE,Germany,344249,2025,74.16,26.857745412140513,62.19,2025,213,86.12,2021,60.48,96,60.48,2023,66.33,74.5,74.91,2021,5.9,57.74,2021,6.8,2016,stale_commuting_context,9.5,2016,stale_commuting_context,7.2,2016,stale_commuting_context,74.6,2016,stale_commuting_context,,,,,,,,,3,42.9,TRUE,TRUE,TRUE,TRUE,FALSE,TRUE,0
DE102,Würzburg,DE,Germany,386811,2025,65.76,28.457095053457227,51.99,2025,196,79.53,2021,70.82,97.1,70.82,2023,90.28,79.1,92.25,2021,3.1,88.3,2021,9.5,2016,stale_commuting_context,7.2,2016,stale_commuting_context,10,2016,stale_commuting_context,71.2,2016,stale_commuting_context,,,,,,,,,3,42.9,TRUE,TRUE,TRUE,TRUE,FALSE,TRUE,0
DE104,Wolfsburg,DE,Germany,370405,2025,70.32,29.712818082811395,45.94,2025,250,94.7,2021,66.84,96.6,66.84,2023,71.43,76.5,81.73,2021,5.6,61.13,2021,,,,,,,,,,,,,,,,,,,,,3,42.9,TRUE,TRUE,TRUE,TRUE,FALSE,TRUE,0
DE105,Bremerhaven,DE,Germany,210436,2025,63.26,29.26877761235106,47.71,2025,195,78.81,2021,57.43,95.8,57.43,2023,,,,,,,,8,2016,stale_commuting_context,11.6,2016,stale_commuting_context,7.5,2016,stale_commuting_context,72.1,2016,stale_commuting_context,,,,,,,,,2,28.6,TRUE,TRUE,TRUE,FALSE,FALSE,FALSE,0
DE107,Heilbronn,DE,Germany,392337,2025,43.26,36.408247479036994,23.19,2025,161,63.32,2021,72.68,97.2,72.68,2023,82.69,80.9,95.2,2021,4.5,70.19,2021,8.7,2016,stale_commuting_context,4.5,2016,stale_commuting_context,11.1,2016,stale_commuting_context,74.7,2016,stale_commuting_context,,,,,,,,,3,42.9,TRUE,TRUE,TRUE,TRUE,FALSE,TRUE,0
DE108,Remscheid,DE,Germany,184248,2025,66.49,29.591205404382624,46.38,2025,218,86.6,2021,78.78,97.6,78.78,2023,,,,,,,,15,2016,stale_commuting_context,0,2016,stale_commuting_context,11.6,2016,stale_commuting_context,72.8,2016,stale_commuting_context,,,,,,,,,2,28.6,TRUE,TRUE,TRUE,FALSE,FALSE,FALSE,0
DE110,Ulm,DE,Germany,481850,2025,55.05,32.92467954861994,33.53,2025,190,76.57,2021,77.06,97.5,77.06,2023,89.78,80.7,94.65,2021,3.3,84.91,2021,10.8,2016,stale_commuting_context,8.2,2016,stale_commuting_context,9.4,2016,stale_commuting_context,69.9,2016,stale_commuting_context,,,,,,,,,3,42.9,TRUE,TRUE,TRUE,TRUE,FALSE,TRUE,0
DE111,Pforzheim,DE,Germany,262085,2025,56.45,35.43505060361786,25.41,2025,221,87.48,2021,92.04,98.6,92.04,2023,77.08,78.9,91.14,2021,5.4,63.02,2021,12.8,2016,stale_commuting_context,2,2016,stale_commuting_context,10.6,2016,stale_commuting_context,73.7,2016,stale_commuting_context,,,,,,,,,3,42.9,TRUE,TRUE,TRUE,TRUE,FALSE,TRUE,0
DE112,Ingolstadt,DE,Germany,390349,2025,52.58,29.473115998788135,46.97,2025,153,58.19,2021,37.14,92.3,37.14,2023,92.14,80.3,94.1,2021,2.9,90.19,2021,7.8,2016,stale_commuting_context,11.2,2016,stale_commuting_context,6.8,2016,stale_commuting_context,72.9,2016,stale_commuting_context,,,,,,,,,3,42.9,TRUE,TRUE,TRUE,TRUE,FALSE,TRUE,0
DE113,Gera,DE,Germany,140605,2025,71.61,28.9838259871351,49.63,2025,240,93.58,2021,72.68,97.2,72.68,2023,,,,,,,,8.4,2016,stale_commuting_context,5,2016,stale_commuting_context,12.9,2016,stale_commuting_context,71.6,2016,stale_commuting_context,,,,,,,,,2,28.6,TRUE,TRUE,TRUE,FALSE,FALSE,FALSE,0
DE115,Reutlingen,DE,Germany,199740,2025,57.09,35.7534687532038,24.52,2025,225,89.65,2021,81.7,97.8,81.7,2023,,,,,,,,9.2,2016,stale_commuting_context,6.5,2016,stale_commuting_context,10.4,2016,stale_commuting_context,72.8,2016,stale_commuting_context,,,,,,,,,2,28.6,TRUE,TRUE,TRUE,FALSE,FALSE,FALSE,0
DE117,Cottbus,DE,Germany,190998,2025,78.94,27.310534525398314,59.97,2025,286,97.91,2021,47.08,94,47.08,2023,,,,,,,,7.7,2016,stale_commuting_context,19.4,2016,stale_commuting_context,7.2,2016,stale_commuting_context,64.7,2016,stale_commuting_context,,,,,,,,,2,28.6,TRUE,TRUE,TRUE,FALSE,FALSE,FALSE,0
DE118,Siegen,DE,Germany,244001,2025,78.43,27.262805933735233,60.71,2025,265,96.15,2021,83.29,97.9,83.29,2023,71.75,77.6,86.72,2021,6,56.79,2021,6.5,2016,stale_commuting_context,1.5,2016,stale_commuting_context,8.5,2016,stale_commuting_context,82.1,2016,stale_commuting_context,,,,,,,,,3,42.9,TRUE,TRUE,TRUE,TRUE,FALSE,TRUE,0
DE120,Hildesheim,DE,Germany,185884,2025,79.44,22.41546256280728,86.26,2025,180,72.63,2021,68.17,96.8,68.17,2023,,,,,,,,8.8,2016,stale_commuting_context,10.4,2016,stale_commuting_context,9.7,2016,stale_commuting_context,70.2,2016,stale_commuting_context,,,,,,,,,2,28.6,TRUE,TRUE,TRUE,FALSE,FALSE,FALSE,0
DE124,Wuppertal,DE,Germany,386146,2025,69.37,30.34569814545043,43.72,2025,254,95.02,2021,97.75,99.4,97.75,2023,24.01,68.5,37.45,2021,10.5,10.57,2021,23.1,2016,stale_commuting_context,1.6,2016,stale_commuting_context,10.8,2016,stale_commuting_context,62.6,2016,stale_commuting_context,,,,,,,,,3,42.9,TRUE,TRUE,TRUE,TRUE,FALSE,TRUE,0
DE125,Jena,DE,Germany,182735,2025,66.58,28.35205884428089,52.73,2025,198,80.42,2021,75.73,97.4,75.73,2023,,,,,,,,11.4,2016,stale_commuting_context,10.6,2016,stale_commuting_context,15.1,2016,stale_commuting_context,60.8,2016,stale_commuting_context,,,,,,,,,2,28.6,TRUE,TRUE,TRUE,FALSE,FALSE,FALSE,0
DE126,"Düren, Stadt",DE,Germany,202879,2025,75.44,26.296595072145376,65.58,2025,211,85.31,2021,78.78,97.6,78.78,2023,,,,,,,,7,2016,stale_commuting_context,5.3,2016,stale_commuting_context,7.9,2016,stale_commuting_context,78.9,2016,stale_commuting_context,,,,,,,,,2,28.6,TRUE,TRUE,TRUE,FALSE,FALSE,FALSE,0
DK001,København,DK,Denmark,2294858,2025,52.36,26.566409398894137,64.11,2025,127,40.61,2021,77.06,97.5,77.06,2023,,,,,,,,,,,,,,,,,,,,100.0,2023,99.38,2023,75.62,2023,10.0,2023,6,85.7,TRUE,TRUE,TRUE,FALSE,FALSE,FALSE,4
DK002,Århus,DK,Denmark,556637,2025,75.11,23.62761859523664,80.95,2025,173,69.26,2021,36.47,92.2,36.47,2023,,,,,,,,13.4,2003,stale_commuting_context,22.6,2003,stale_commuting_context,6.3,2003,stale_commuting_context,52.5,2003,stale_commuting_context,,,,,,,,,2,28.6,TRUE,TRUE,TRUE,FALSE,FALSE,FALSE,0
DK003,Odense,DK,Denmark,389126,2025,85.63,24.535605168990394,74.15,2025,276,97.11,2021,42.84,93.7,42.84,2023,,,,,,,,9.4,2003,stale_commuting_context,25.6,2003,stale_commuting_context,6,2003,stale_commuting_context,53.3,2003,stale_commuting_context,,,,,,,,,2,28.6,TRUE,TRUE,TRUE,FALSE,FALSE,FALSE,0
DK004,Aalborg,DK,Denmark,330191,2025,80.75,24.363985675531058,75.78,2025,212,85.71,2021,24.93,88.2,24.93,2023,,,,,,,,7.7,2003,stale_commuting_context,18.2,2003,stale_commuting_context,5.8,2003,stale_commuting_context,60.9,2003,stale_commuting_context,92.5,2023,99.38,2023,77.5,2023,98.75,2023,6,85.7,TRUE,TRUE,TRUE,FALSE,FALSE,FALSE,4
EE001,Tallinn,EE,Estonia,731191,2025,63.2,20.20829021397953,92.61,2025,117,33.79,2021,56.1,95.5,56.1,2023,58.39,77,83.76,2024,7.5,33.02,2024,32.1,2018,stale_commuting_context,1.2,2018,stale_commuting_context,10.9,2018,stale_commuting_context,55.8,2018,stale_commuting_context,76.25,2023,31.25,2023,48.75,2023,43.75,2023,7,100.0,TRUE,TRUE,TRUE,TRUE,TRUE,TRUE,4
EE002,Tartu,EE,Estonia,188623,2025,81.58,19.78882149666835,93.35,2025,174,69.82,2021,42.18,93.5,42.18,2023,,,,,,,,15.4,2018,stale_commuting_context,4.6,2018,stale_commuting_context,17.7,2018,stale_commuting_context,62,2018,stale_commuting_context,,,,,,,,,2,28.6,TRUE,TRUE,TRUE,FALSE,FALSE,FALSE,0
ES001,Madrid,ES,Spain,7124257,2022,44.53,23.208333049314618,82.87,2025,54,6.18,2021,44.3,93.8,44.3,2023,35.71,70.6,53.69,2024,9.1,17.74,2024,,,,,,,,,,,,,48.12,2023,48.75,2023,33.75,2023,55.0,2023,7,100.0,TRUE,TRUE,TRUE,TRUE,TRUE,TRUE,4
ES002,Barcelona,ES,Spain,5498795,2022,30.27,28.179845382974566,54.36,2025,54,6.18,2021,7.16,71.6,7.16,2023,39.28,70.7,54.61,2024,8.6,23.96,2024,,,,,,,,,,,,,40.0,2023,61.25,2023,21.25,2023,40.0,2023,7,100.0,TRUE,TRUE,TRUE,TRUE,TRUE,TRUE,4
ES003,Valencia,ES,Spain,2400134,2022,48.3,23.640652221061917,80.8,2025,84,15.81,2021,29.84,90,29.84,2023,17.34,66.5,26.75,2024,11.8,7.92,2024,,,,,,,,,,,,,,,,,,,,,3,42.9,TRUE,TRUE,TRUE,TRUE,FALSE,TRUE,0
ES004,Sevilla,ES,Spain,1783243,2022,39.01,25.848459581380958,67.5,2025,69,10.51,2021,,,,,8.71,61.3,14.39,2024,13.9,3.02,2024,,,,,,,,,,,,,,,,,,,,,2,28.6,TRUE,TRUE,FALSE,TRUE,FALSE,FALSE,0
ES005,Zaragoza,ES,Spain,789086,2022,52.49,21.659352531524775,89.66,2025,83,15.33,2021,,,,,33.32,69.1,39.85,2024,8.1,26.79,2024,,,,,,,,,,,,,,,,,,,,,2,28.6,TRUE,TRUE,FALSE,TRUE,FALSE,FALSE,0
ES006,Málaga,ES,Spain,1320777,2022,43.02,27.445469990484657,59.38,2025,103,26.65,2021,7.96,74.4,7.96,2023,9.26,61.4,14.94,2024,13.7,3.58,2024,,,,,,,,,,,,,83.12,2023,73.75,2023,50.0,2023,90.0,2023,7,100.0,TRUE,TRUE,TRUE,TRUE,TRUE,TRUE,4
ES007,Murcia,ES,Spain,1246533,2022,70.61,28.10331262169153,55.1,2025,213,86.12,2021,,,,,11.59,62.8,17.34,2024,12.8,5.85,2024,,,,,,,,,,,,,,,,,,,,,2,28.6,TRUE,TRUE,FALSE,TRUE,FALSE,FALSE,0
ES009,Valladolid,ES,Spain,437623,2022,53.42,18.45196346596642,95.13,2025,71,11.72,2021,,,,,29.2,69.9,46.31,2024,10,12.08,2024,,,,,,,,,,,,,,,,,,,,,2,28.6,TRUE,TRUE,FALSE,TRUE,FALSE,FALSE,0
ES012,Vitoria/Gasteiz,ES,Spain,297813,2022,51.54,17.65333908320412,96.01,2025,57,7.06,2021,22.94,87.4,22.94,2023,27.09,67.5,31.73,2024,8.7,22.45,2024,,,,,,,,,,,,,,,,,,,,,3,42.9,TRUE,TRUE,TRUE,TRUE,FALSE,TRUE,0
ES013,Oviedo,ES,Spain,960590,2022,55.66,22.180114002494136,87.15,2025,98,24.16,2021,,,,,17.19,64.9,23.25,2024,10.2,11.13,2024,,,,,,,,,,,,,98.75,2023,91.25,2023,38.12,2023,94.38,2023,6,85.7,TRUE,TRUE,FALSE,TRUE,FALSE,FALSE,4
ES014,Pamplona/Iruña,ES,Spain,427909,2022,42.34,23.81350494788865,79.47,2025,51,5.22,2021,24.14,88,24.14,2023,35.2,69.5,40.22,2024,7.7,30.19,2024,,,,,,,,,,,,,,,,,,,,,3,42.9,TRUE,TRUE,TRUE,TRUE,FALSE,TRUE,0
ES015,Santander,ES,Spain,428733,2022,50.12,28.33566403482301,52.88,2025,138,47.35,2021,,,,,30.95,67.8,33.21,2024,7.9,28.68,2024,,,,,,,,,,,,,,,,,,,,,2,28.6,TRUE,TRUE,FALSE,TRUE,FALSE,FALSE,0
ES019,Bilbao,ES,Spain,1148718,2022,57.87,19.76075411034957,93.5,2025,95,22.23,2021,35.68,91.7,35.68,2023,32.02,69.9,46.31,2024,9.1,17.74,2024,,,,,,,,,,,,,,,,,,,,,3,42.9,TRUE,TRUE,TRUE,TRUE,FALSE,TRUE,0
ES020,Córdoba,ES,Spain,445333,2022,44.72,25.23944401865194,70.9,2025,89,18.54,2021,,,,,7.21,60.4,12.92,2024,16.8,1.51,2024,,,,,,,,,,,,,,,,,,,,,2,28.6,TRUE,TRUE,FALSE,TRUE,FALSE,FALSE,0
ES021,Alicante/Alacant,ES,Spain,963467,2022,55.84,27.735492975778904,57.9,2025,146,53.77,2021,18.7,84.7,18.7,2023,10.38,62.5,16.24,2024,13.6,4.53,2024,,,,,,,,,,,,,,,,,,,,,3,42.9,TRUE,TRUE,TRUE,TRUE,FALSE,TRUE,0
ES022,Vigo,ES,Spain,585151,2022,64.71,25.251432720679222,70.75,2025,154,58.67,2021,,,,,16.33,65.3,24.35,2024,11.4,8.3,2024,,,,,,,,,,,,,,,,,,,,,2,28.6,TRUE,TRUE,FALSE,TRUE,FALSE,FALSE,0
ES025,A Coruña,ES,Spain,518641,2022,55.58,21.3352674456261,90.69,2025,92,20.47,2021,,,,,26.77,66.5,26.75,2024,8.1,26.79,2024,,,,,,,,,,,,,,,,,,,,,2,28.6,TRUE,TRUE,FALSE,TRUE,FALSE,FALSE,0
ES059,Granada,ES,Spain,583709,2022,43.05,25.63254530645536,68.83,2025,86,17.26,2021,,,,,3.69,55.2,7.38,2024,21.6,0.0,2024,,,,,,,,,,,,,,,,,,,,,2,28.6,TRUE,TRUE,FALSE,TRUE,FALSE,FALSE,0
ES062,Jerez de la Frontera,ES,Spain,217183,2022,38.1,27.521707042833544,58.94,2025,86,17.26,2021,,,,,3.42,53.4,6.46,2024,21.1,0.38,2024,,,,,,,,,,,,,,,,,,,,,2,28.6,TRUE,TRUE,FALSE,TRUE,FALSE,FALSE,0
ES063,San Sebastián/Donostia,ES,Spain,503031,2022,61.66,22.00993329561451,88.48,2025,119,34.83,2021,9.28,75.9,9.28,2023,37.73,66.3,26.2,2024,6.4,49.25,2024,,,,,,,,,,,,,,,,,,,,,3,42.9,TRUE,TRUE,TRUE,TRUE,FALSE,TRUE,0
ES069,Castellón de la Plana/Castelló de la Plana,ES,Spain,352841,2022,67.45,20.03979912918266,92.76,2025,129,42.13,2021,16.45,82.1,16.45,2023,12.51,64.2,20.48,2024,13.6,4.53,2024,,,,,,,,,,,,,,,,,,,,,3,42.9,TRUE,TRUE,TRUE,TRUE,FALSE,TRUE,0
FI001,Helsinki/Helsingfors,FI,Finland,1773305,2024,85.26,18.151177727126246,95.57,2025,186,74.96,2021,29.44,89.8,29.44,2023,41.89,73.2,66.05,2024,9.1,17.74,2024,37,2018,stale_commuting_context,13,2018,stale_commuting_context,7,2018,stale_commuting_context,43,2018,stale_commuting_context,81.25,2023,85.0,2023,73.75,2023,16.25,2023,7,100.0,TRUE,TRUE,TRUE,TRUE,TRUE,TRUE,4
FI002,Tampere/Tammerfors,FI,Finland,477107,2024,92.94,14.297576005061213,97.93,2025,222,87.96,2021,17.64,84,17.64,2023,45.51,72.6,63.1,2024,8,27.92,2024,14,2018,stale_commuting_context,11,2018,stale_commuting_context,12,2018,stale_commuting_context,62,2018,stale_commuting_context,,,,,,,,,3,42.9,TRUE,TRUE,TRUE,TRUE,FALSE,TRUE,0
FI003,Turku/Åbo,FI,Finland,381936,2024,90.21,14.222377475159998,98.08,2025,202,82.34,2021,16.71,82.2,16.71,2023,37.55,71.3,58.67,2024,9.2,16.42,2024,,,,,,,,,,,,,,,,,,,,,3,42.9,TRUE,TRUE,TRUE,TRUE,FALSE,TRUE,0
FI004,Oulu/Uleåborg,FI,Finland,276456,2024,97.34,14.816910128262231,97.34,2025,278,97.35,2021,18.7,84.7,18.7,2023,42.66,70.9,56.64,2024,7.9,28.68,2024,6,2011,stale_commuting_context,18,2011,stale_commuting_context,7,2011,stale_commuting_context,68,2011,stale_commuting_context,88.75,2023,93.75,2023,58.13,2023,100.0,2023,7,100.0,TRUE,TRUE,TRUE,TRUE,TRUE,TRUE,4
FI009,Jyväskylä,FI,Finland,192753,2024,93.24,10.16579268500039,99.56,2025,219,86.92,2021,17.64,84,17.64,2023,,,,,,,,,,,,,,,,,,,,,,,,,,,,2,28.6,TRUE,TRUE,TRUE,FALSE,FALSE,FALSE,0
FR001,Paris,FR,France,13195545,2022,30.57,29.28496561121476,47.42,2025,75,13.72,2021,45.62,93.9,45.62,2023,32.4,68.6,38.01,2024,8.1,26.79,2024,43.2,2022,current,4,2022,current,7.2,2022,current,42.9,2022,current,32.5,2023,18.75,2023,25.0,2023,8.75,2023,7,100.0,TRUE,TRUE,TRUE,TRUE,TRUE,TRUE,4
FR002,Lyon,FR,France,2283325,2022,32.64,28.988547762790766,49.48,2025,84,15.81,2021,13.66,80.6,13.66,2023,41.6,69.7,42.07,2024,7,41.13,2024,22.5,2022,current,5.4,2022,current,7.4,2022,current,63.3,2022,current,,,,,,,,,3,42.9,TRUE,TRUE,TRUE,TRUE,FALSE,TRUE,0
FR003,Lille,FR,France,1584649,2022,35.12,29.866156673973514,45.2,2025,99,25.04,2021,12.6,79.1,12.6,2023,19.88,63.7,19.37,2024,8.9,20.38,2024,16.4,2022,current,4,2022,current,5.9,2022,current,72.8,2022,current,16.25,2023,28.75,2023,31.25,2023,52.5,2023,7,100.0,TRUE,TRUE,TRUE,TRUE,TRUE,TRUE,4
FR004,Marseille,FR,France,1762567,2022,42.96,28.242497071915995,54.06,2025,113,31.86,2021,5.04,68.2,5.04,2023,32.49,64.3,21.59,2024,6.9,43.4,2024,17.2,2022,current,2.1,2022,current,7.2,2022,current,69.7,2022,current,3.75,2023,8.75,2023,36.25,2023,46.25,2023,7,100.0,TRUE,TRUE,TRUE,TRUE,TRUE,TRUE,4
FR005,Bordeaux,FR,France,1433276,2022,55.58,23.660565021745033,80.35,2025,111,30.82,2021,,,,,46.95,69.8,44.65,2024,6.4,49.25,2024,14.1,2022,current,7.2,2022,current,4.5,2022,current,72,2022,current,33.75,2023,36.25,2023,63.12,2023,35.0,2023,6,85.7,TRUE,TRUE,FALSE,TRUE,FALSE,FALSE,4
FR006,Toulouse,FR,France,1505147,2022,58.81,24.527106125834287,74.45,2025,131,43.18,2021,3.98,67.3,3.98,2023,29.59,66.6,27.86,2024,7.6,31.32,2024,14,2022,current,5.7,2022,current,4.5,2022,current,73.7,2022,current,,,,,,,,,3,42.9,TRUE,TRUE,TRUE,TRUE,FALSE,TRUE,0
FR007,Nantes,FR,France,1039224,2022,64.67,22.613817514454094,85.52,2025,132,43.82,2021,14.06,80.7,14.06,2023,54.18,70.8,55.72,2024,6.3,52.64,2024,15.7,2022,current,7,2022,current,4.9,2022,current,70.5,2022,current,,,,,,,,,3,42.9,TRUE,TRUE,TRUE,TRUE,FALSE,TRUE,0
FR008,Nice,FR,France,632341,2022,53.8,30.759235358710264,41.06,2025,168,66.53,2021,,,,,32.49,64.3,21.59,2024,6.9,43.4,2024,19.9,2022,current,2.5,2022,current,9.2,2022,current,61.5,2022,current,,,,,,,,,2,28.6,TRUE,TRUE,FALSE,TRUE,FALSE,FALSE,0
FR009,Strasbourg,FR,France,856123,2022,33.04,32.62696468291454,34.86,2025,112,31.22,2021,,,,,32.68,66.7,29.89,2024,7.4,35.47,2024,16.6,2022,current,10.3,2022,current,6.1,2022,current,66.1,2022,current,64.38,2023,67.5,2023,95.62,2023,50.0,2023,6,85.7,TRUE,TRUE,FALSE,TRUE,FALSE,FALSE,4
FR010,Rouen,FR,France,712776,2022,62.16,26.72237875619311,63.07,2025,158,61.24,2021,,,,,29.24,66.1,25.46,2024,7.5,33.02,2024,13.3,2022,current,2.3,2022,current,6.2,2022,current,77.1,2022,current,,,,,,,,,2,28.6,TRUE,TRUE,FALSE,TRUE,FALSE,FALSE,0
FR011,Montpellier,FR,France,807773,2022,40.55,27.081029483166212,61.6,2025,90,19.5,2021,,,,,29.59,66.6,27.86,2024,7.6,31.32,2024,11.7,2022,current,6.4,2022,current,6.3,2022,current,73,2022,current,,,,,,,,,2,28.6,TRUE,TRUE,FALSE,TRUE,FALSE,FALSE,0
FR012,Grenoble,FR,France,695286,2022,39.1,28.473799330401846,51.55,2025,103,26.65,2021,,,,,41.6,69.7,42.07,2024,7,41.13,2024,16.1,2022,current,9.8,2022,current,6.9,2022,current,66.2,2022,current,,,,,,,,,2,28.6,TRUE,TRUE,FALSE,TRUE,FALSE,FALSE,0
FR013,Tours,FR,France,532835,2022,66.44,23.280368935005246,82.57,2025,142,50.32,2021,2.12,62.7,2.12,2023,57.11,70.7,54.61,2024,5.7,59.62,2024,11.1,2022,current,4.4,2022,current,5.7,2022,current,77.4,2022,current,,,,,,,,,3,42.9,TRUE,TRUE,TRUE,TRUE,FALSE,TRUE,0
FR014,Cannes-Antibes,FR,France,392833,2022,60.61,31.986835376704946,36.63,2025,208,84.59,2021,33.55,91.1,33.55,2023,32.49,64.3,21.59,2024,6.9,43.4,2024,8.8,2022,current,1.9,2022,current,7.4,2022,current,76,2022,current,,,,,,,,,3,42.9,TRUE,TRUE,TRUE,TRUE,FALSE,TRUE,0
FR015,Toulon,FR,France,590375,2022,70.43,27.789188692763826,57.31,2025,206,83.55,2021,9.55,76.4,9.55,2023,32.49,64.3,21.59,2024,6.9,43.4,2024,8.8,2022,current,3.2,2022,current,7.1,2022,current,76.6,2022,current,,,,,,,,,3,42.9,TRUE,TRUE,TRUE,TRUE,FALSE,TRUE,0
FR016,Rennes,FR,France,787473,2022,52.88,24.621414419315435,73.26,2025,115,32.5,2021,7.69,72.1,7.69,2023,59.42,71.6,59.23,2024,5.7,59.62,2024,13.8,2022,current,5.6,2022,current,5.4,2022,current,74,2022,current,46.25,2023,56.88,2023,65.62,2023,79.38,2023,7,100.0,TRUE,TRUE,TRUE,TRUE,TRUE,TRUE,4
FR017,Reims,FR,France,359088,2022,46.3,25.05009342946054,71.49,2025,93,21.11,2021,,,,,32.68,66.7,29.89,2024,7.4,35.47,2024,10,2022,current,3.1,2022,current,7.9,2022,current,78.1,2022,current,,,,,,,,,2,28.6,TRUE,TRUE,FALSE,TRUE,FALSE,FALSE,0
FR018,Orléans,FR,France,460103,2022,64.51,24.283335127932144,76.37,2025,145,52.65,2021,,,,,57.11,70.7,54.61,2024,5.7,59.62,2024,11.6,2022,current,3.9,2022,current,5.6,2022,current,77.7,2022,current,,,,,,,,,2,28.6,TRUE,TRUE,FALSE,TRUE,FALSE,FALSE,0
FR019,Nancy,FR,France,510946,2022,47.98,26.04242707653039,66.91,2025,107,29.05,2021,,,,,32.68,66.7,29.89,2024,7.4,35.47,2024,11.4,2022,current,2.9,2022,current,8.4,2022,current,76.4,2022,current,,,,,,,,,2,28.6,TRUE,TRUE,FALSE,TRUE,FALSE,FALSE,0
FR020,Dijon,FR,France,411778,2022,52.19,22.88180056646814,83.9,2025,92,20.47,2021,,,,,44.06,67.8,33.21,2024,6.2,54.91,2024,13.7,2022,current,4.8,2022,current,7.8,2022,current,72.8,2022,current,,,,,,,,,2,28.6,TRUE,TRUE,FALSE,TRUE,FALSE,FALSE,0
FR021,Clermont-Ferrand,FR,France,516400,2022,56.02,23.45185008617904,81.54,2025,110,30.5,2021,,,,,41.6,69.7,42.07,2024,7,41.13,2024,8.1,2022,current,2.6,2022,current,7.2,2022,current,80.9,2022,current,,,,,,,,,2,28.6,TRUE,TRUE,FALSE,TRUE,FALSE,FALSE,0
FR022,Le Havre,FR,France,345582,2022,60.52,26.672274769392306,63.66,2025,152,57.38,2021,,,,,29.24,66.1,25.46,2024,7.5,33.02,2024,10.4,2022,current,2.3,2022,current,6.7,2022,current,79.2,2022,current,,,,,,,,,2,28.6,TRUE,TRUE,FALSE,TRUE,FALSE,FALSE,0
FR023,Saint-Étienne,FR,France,505931,2022,48.85,27.037083910087212,61.74,2025,121,35.96,2021,,,,,41.6,69.7,42.07,2024,7,41.13,2024,10.8,2022,current,1.5,2022,current,6.9,2022,current,80.2,2022,current,,,,,,,,,2,28.6,TRUE,TRUE,FALSE,TRUE,FALSE,FALSE,0
FR024,Angers,FR,France,451621,2022,67.55,24.747676409584805,72.97,2025,159,62.12,2021,,,,,54.18,70.8,55.72,2024,6.3,52.64,2024,8.9,2022,current,5.5,2022,current,6.1,2022,current,77.9,2022,current,,,,,,,,,2,28.6,TRUE,TRUE,FALSE,TRUE,FALSE,FALSE,0
FR025,Mulhouse,FR,France,395432,2022,41.84,32.65502342189176,34.71,2025,140,48.96,2021,,,,,32.68,66.7,29.89,2024,7.4,35.47,2024,8.5,2022,current,2.8,2022,current,5.4,2022,current,82.6,2022,current,,,,,,,,,2,28.6,TRUE,TRUE,FALSE,TRUE,FALSE,FALSE,0
FR026,Lens,FR,France,302205,2022,68.22,30.54984754506751,42.54,2025,242,93.9,2021,,,,,19.88,63.7,19.37,2024,8.9,20.38,2024,5.4,2022,current,1.5,2022,current,4.3,2022,current,87.6,2022,current,,,,,,,,,2,28.6,TRUE,TRUE,FALSE,TRUE,FALSE,FALSE,0
FR027,Metz,FR,France,374909,2022,59.33,27.572508146095007,58.79,2025,156,59.87,2021,,,,,32.68,66.7,29.89,2024,7.4,35.47,2024,13,2022,current,2,2022,current,6.6,2022,current,77.9,2022,current,,,,,,,,,2,28.6,TRUE,TRUE,FALSE,TRUE,FALSE,FALSE,0
FR028,Nîmes,FR,France,358562,2022,56.08,27.917605758060326,55.98,2025,150,56.18,2021,,,,,29.59,66.6,27.86,2024,7.6,31.32,2024,5.6,2022,current,2.9,2022,current,6.5,2022,current,83.3,2022,current,,,,,,,,,2,28.6,TRUE,TRUE,FALSE,TRUE,FALSE,FALSE,0
FR029,Le Mans,FR,France,380059,2022,66.29,24.35346056138907,75.92,2025,151,56.66,2021,,,,,54.18,70.8,55.72,2024,6.3,52.64,2024,10.1,2022,current,3.6,2022,current,5.2,2022,current,79.6,2022,current,,,,,,,,,2,28.6,TRUE,TRUE,FALSE,TRUE,FALSE,FALSE,0
FR030,Saint-Denis,FR,France,323655,2022,47.7,33.78409600439879,29.99,2025,166,65.41,2021,,,,,2.96,50.7,4.8,2024,17.6,1.13,2024,8.7,2022,current,1.9,2022,current,7.1,2022,current,79.7,2022,current,,,,,,,,,2,28.6,TRUE,TRUE,FALSE,TRUE,FALSE,FALSE,0
FR031,Caen,FR,France,483231,2022,63.33,26.728158519899495,62.78,2025,162,63.88,2021,,,,,29.24,66.1,25.46,2024,7.5,33.02,2024,7.2,2022,current,3.8,2022,current,5.5,2022,current,82.3,2022,current,,,,,,,,,2,28.6,TRUE,TRUE,FALSE,TRUE,FALSE,FALSE,0
FR032,Limoges,FR,France,325736,2022,86.39,22.061009531779355,88.18,2025,208,84.59,2021,,,,,46.95,69.8,44.65,2024,6.4,49.25,2024,5.7,2022,current,1.3,2022,current,6.3,2022,current,85.7,2022,current,,,,,,,,,2,28.6,TRUE,TRUE,FALSE,TRUE,FALSE,FALSE,0
FR034,Brest,FR,France,372856,2022,66.14,24.713914629074836,73.12,2025,155,59.15,2021,11.14,78.3,11.14,2023,59.42,71.6,59.23,2024,5.7,59.62,2024,8.4,2022,current,3.2,2022,current,5.7,2022,current,81.5,2022,current,,,,,,,,,3,42.9,TRUE,TRUE,TRUE,TRUE,FALSE,TRUE,0
FR035,Amiens,FR,France,353933,2022,60.51,25.065944289501903,71.34,2025,141,49.68,2021,,,,,19.88,63.7,19.37,2024,8.9,20.38,2024,9.3,2022,current,3.4,2022,current,7.6,2022,current,78.7,2022,current,,,,,,,,,2,28.6,TRUE,TRUE,FALSE,TRUE,FALSE,FALSE,0
FR036,Dunkerque,FR,France,252783,2022,58.45,27.781437245761502,57.75,2025,155,59.15,2021,2.92,64.1,2.92,2023,,,,,,,,8,2022,current,2.8,2022,current,5.5,2022,current,82.7,2022,current,,,,,,,,,2,28.6,TRUE,TRUE,TRUE,FALSE,FALSE,FALSE,0
FR037,Perpignan,FR,France,425965,2022,42.24,26.44450847741373,64.99,2025,90,19.5,2021,,,,,29.59,66.6,27.86,2024,7.6,31.32,2024,3.7,2022,current,2.5,2022,current,5.7,2022,current,86.3,2022,current,,,,,,,,,2,28.6,TRUE,TRUE,FALSE,TRUE,FALSE,FALSE,0
FR038,Annecy,FR,France,303907,2022,34.38,33.21791333169197,31.91,2025,122,36.84,2021,,,,,41.6,69.7,42.07,2024,7,41.13,2024,6.9,2022,current,5.5,2022,current,6.4,2022,current,79.9,2022,current,,,,,,,,,2,28.6,TRUE,TRUE,FALSE,TRUE,FALSE,FALSE,0
FR039,Besançon,FR,France,277894,2022,68.81,25.999483179836986,67.06,2025,175,70.55,2021,,,,,44.06,67.8,33.21,2024,6.2,54.91,2024,10.5,2022,current,3.5,2022,current,7.3,2022,current,77.8,2022,current,,,,,,,,,2,28.6,TRUE,TRUE,FALSE,TRUE,FALSE,FALSE,0
FR040,Bayonne,FR,France,274525,2022,71.04,23.817175088536608,79.32,2025,160,62.76,2021,,,,,46.95,69.8,44.65,2024,6.4,49.25,2024,5.1,2022,current,2.7,2022,current,4.4,2022,current,84.8,2022,current,,,,,,,,,2,28.6,TRUE,TRUE,FALSE,TRUE,FALSE,FALSE,0
FR042,Pau,FR,France,289851,2022,77.47,23.844090359461596,79.17,2025,188,75.76,2021,,,,,46.95,69.8,44.65,2024,6.4,49.25,2024,4.5,2022,current,3.7,2022,current,4.5,2022,current,85.9,2022,current,,,,,,,,,2,28.6,TRUE,TRUE,FALSE,TRUE,FALSE,FALSE,0
FR043,Avignon,FR,France,330446,2022,61.39,28.176193254195365,54.65,2025,170,68.14,2021,,,,,30.97,64.8,22.51,2024,7.1,39.43,2024,5.1,2022,current,3.5,2022,current,5.1,2022,current,84.8,2022,current,,,,,,,,,2,28.6,TRUE,TRUE,FALSE,TRUE,FALSE,FALSE,0
FR045,Valenciennes,FR,France,305435,2022,71.52,25.48153925293636,69.28,2025,183,73.76,2021,,,,,19.88,63.7,19.37,2024,8.9,20.38,2024,6.9,2022,current,2,2022,current,6,2022,current,84,2022,current,,,,,,,,,2,28.6,TRUE,TRUE,FALSE,TRUE,FALSE,FALSE,0
FR046,Fort-de-France,FR,France,346937,2022,28.62,45.917246382502825,9.01,2025,139,48.23,2021,,,,,8.73,58.6,11.62,2024,12.8,5.85,2024,7.3,2022,current,0.2,2022,current,4.1,2022,current,87.2,2022,current,,,,,,,,,2,28.6,TRUE,TRUE,FALSE,TRUE,FALSE,FALSE,0
FR047,Poitiers,FR,France,287600,2022,72.3,23.397872739757503,81.83,2025,160,62.76,2021,,,,,46.95,69.8,44.65,2024,6.4,49.25,2024,6.9,2022,current,2.6,2022,current,5.5,2022,current,83.7,2022,current,,,,,,,,,2,28.6,TRUE,TRUE,FALSE,TRUE,FALSE,FALSE,0
FR055,Lorient,FR,France,236422,2022,83.92,22.239609031621477,86.71,2025,199,81.14,2021,33.55,91.1,33.55,2023,,,,,,,,5.9,2022,current,4.2,2022,current,4.9,2022,current,83.8,2022,current,,,,,,,,,2,28.6,TRUE,TRUE,TRUE,FALSE,FALSE,FALSE,0
FR069,Saint-Brieuc,FR,France,211890,2022,86.48,23.14017358485573,83.31,2025,225,89.65,2021,19.36,85,19.36,2023,,,,,,,,4.2,2022,current,2.1,2022,current,4.6,2022,current,87.8,2022,current,,,,,,,,,2,28.6,TRUE,TRUE,TRUE,FALSE,FALSE,FALSE,0
FR076,Annemasse-Geneva (French part),FR,France,106491,2022,39.25,30.46800646388005,43.28,2025,120,35.23,2021,,,,,41.6,69.7,42.07,2024,7,41.13,2024,18.7,2022,current,5.9,2022,current,6.9,2022,current,63.1,2022,current,,,,,,,,,2,28.6,TRUE,TRUE,FALSE,TRUE,FALSE,FALSE,0
HR001,Zagreb,HR,Croatia,1245546,2021,35.81,55.15696248663687,4.28,2025,169,67.34,2021,,,,,76.64,72.6,63.1,2024,2.9,90.19,2024,,,,,,,,,,,,,78.75,2023,25.0,2023,30.0,2023,65.0,2023,6,85.7,TRUE,TRUE,FALSE,TRUE,FALSE,FALSE,4
HR005,Split,HR,Croatia,322022,2021,38.0,28.98963770753854,49.34,2025,103,26.65,2021,,,,,41.69,68,34.13,2024,6.4,49.25,2024,,,,,,,,,,,,,,,,,,,,,2,28.6,TRUE,TRUE,FALSE,TRUE,FALSE,FALSE,0
HU001,Budapest,HU,Hungary,3052201,2024,27.08,39.18412319706825,15.95,2025,124,38.2,2021,51.33,94.9,51.33,2023,89.67,77.8,87.45,2024,2.8,91.89,2024,,,,,,,,,,,,,18.75,2023,6.25,2023,14.37,2023,27.5,2023,7,100.0,TRUE,TRUE,TRUE,TRUE,TRUE,TRUE,4
HU002,Miskolc,HU,Hungary,337934,2024,54.2,40.11540574430844,15.21,2025,239,93.18,2021,53.18,95.2,53.18,2023,32.73,68,34.13,2024,7.6,31.32,2024,,,,,,,,,,,,,10.0,2023,5.0,2023,6.25,2023,63.75,2023,7,100.0,TRUE,TRUE,TRUE,TRUE,TRUE,TRUE,4
HU005,Debrecen,HU,Hungary,404076,2024,41.29,41.2693073667758,13.88,2025,171,68.7,2021,7.43,71.8,7.43,2023,58.5,71.1,57.38,2024,5.7,59.62,2024,,,,,,,,,,,,,,,,,,,,,3,42.9,TRUE,TRUE,TRUE,TRUE,FALSE,TRUE,0
HU007,Győr,HU,Hungary,258218,2024,59.73,32.67052366382433,34.56,2025,209,84.91,2021,47.08,94,47.08,2023,91.67,77.3,85.61,2024,2.2,97.74,2024,,,,,,,,,,,,,,,,,,,,,3,42.9,TRUE,TRUE,TRUE,TRUE,FALSE,TRUE,0
HU009,Székesfehérvár,HU,Hungary,256676,2024,45.36,36.66090625278455,22.01,2025,171,68.7,2021,35.28,91.6,35.28,2023,86.16,76.1,80.44,2024,2.8,91.89,2024,,,,,,,,,,,,,,,,,,,,,3,42.9,TRUE,TRUE,TRUE,TRUE,FALSE,TRUE,0
IE001,Dublin,IE,Ireland,2096412,2022,63.62,21.373741399499714,90.4,2025,122,36.84,2021,20.42,86,20.42,2023,75.58,76.6,82.29,2024,4.6,68.87,2023,18.7,2022,current,5.7,2022,current,10.8,2022,current,63.7,2022,current,48.12,2023,75.0,2023,32.5,2023,20.0,2023,7,100.0,TRUE,TRUE,TRUE,TRUE,TRUE,TRUE,4
IE002,Cork,IE,Ireland,500578,2022,86.22,20.96477578998902,91.29,2025,199,81.14,2021,5.84,69,5.84,2023,65.59,74.3,73.43,2024,5.9,57.74,2024,5.7,2022,current,1.8,2022,current,9.8,2022,current,81.7,2022,current,,,,,,,,,3,42.9,TRUE,TRUE,TRUE,TRUE,FALSE,TRUE,0
IE003,Limerick,IE,Ireland,251673,2022,,20.46037953425916,92.02,2025,,,,1.59,58.5,1.59,2023,79.03,75.5,77.68,2024,3.6,80.38,2024,3.6,2022,current,1.8,2022,current,9,2022,current,84.5,2022,current,,,,,,,,,2,28.6,TRUE,FALSE,TRUE,TRUE,FALSE,FALSE,0
IE004,Galway,IE,Ireland,247882,2022,92.5,17.449947295996115,96.16,2025,224,88.84,2021,0.8,50.6,0.8,2023,73.62,75.9,79.89,2024,4.7,67.36,2024,5.1,2022,current,2.7,2022,current,9.3,2022,current,81.8,2022,current,,,,,,,,,3,42.9,TRUE,TRUE,TRUE,TRUE,FALSE,TRUE,0
IT001,Roma,IT,Italy,4383028,2024,14.04,47.06670874691339,8.57,2025,90,19.5,2021,3.18,64.9,3.18,2023,39.64,64.9,23.25,2024,6.1,56.04,2024,21.3,2011,stale_commuting_context,0.6,2011,stale_commuting_context,8.4,2011,stale_commuting_context,61.3,2011,stale_commuting_context,1.25,2023,16.25,2023,11.88,2023,42.5,2023,7,100.0,TRUE,TRUE,TRUE,TRUE,TRUE,TRUE,4
IT002,Milano,IT,Italy,5071150,2024,15.82,56.956267793972906,3.55,2025,106,28.09,2021,4.77,67.9,4.77,2023,60.86,70.2,49.45,2024,4.3,72.26,2024,18.6,2011,stale_commuting_context,5.1,2011,stale_commuting_context,8.6,2011,stale_commuting_context,62.8,2011,stale_commuting_context,,,,,,,,,3,42.9,TRUE,TRUE,TRUE,TRUE,FALSE,TRUE,0
IT003,Napoli,IT,Italy,3378532,2024,24.5,37.49908700958615,19.94,2025,107,29.05,2021,0.27,46.6,0.27,2023,1.11,43.2,1.48,2024,19,0.75,2024,14.2,2011,stale_commuting_context,1.3,2011,stale_commuting_context,17.1,2011,stale_commuting_context,62.3,2011,stale_commuting_context,5.0,2023,30.0,2023,5.0,2023,87.5,2023,7,100.0,TRUE,TRUE,TRUE,TRUE,TRUE,TRUE,4
IT004,Torino,IT,Italy,1776003,2024,5.7,56.28922381701538,3.69,2025,58,7.7,2021,,,,,43.08,68.3,36.9,2024,6.4,49.25,2024,17.7,2011,stale_commuting_context,2.5,2011,stale_commuting_context,10.4,2011,stale_commuting_context,67,2011,stale_commuting_context,12.5,2023,21.25,2023,10.0,2023,73.75,2023,6,85.7,TRUE,TRUE,FALSE,TRUE,FALSE,FALSE,4
IT005,Palermo,IT,Italy,993319,2024,24.53,37.21173103175473,20.97,2025,106,28.09,2021,5.44,68.6,5.44,2023,2.25,44.3,1.85,2024,14.7,2.64,2024,6.9,2011,stale_commuting_context,1.3,2011,stale_commuting_context,14,2011,stale_commuting_context,66,2011,stale_commuting_context,13.75,2023,23.75,2023,8.75,2023,96.25,2023,7,100.0,TRUE,TRUE,TRUE,TRUE,TRUE,TRUE,4
IT006,Genova,IT,Italy,685380,2024,11.31,49.05665382193589,7.53,2025,81,15.09,2021,87.93,98.3,87.93,2023,49.12,68.2,36.16,2024,5.5,62.08,2024,27.6,2011,stale_commuting_context,0.4,2011,stale_commuting_context,13.6,2011,stale_commuting_context,37.8,2011,stale_commuting_context,,,,,,,,,3,42.9,TRUE,TRUE,TRUE,TRUE,FALSE,TRUE,0
IT007,Firenze,IT,Italy,792929,2024,20.46,36.97475698088849,21.42,2025,90,19.5,2021,22.55,87.2,22.55,2023,80.37,73.6,67.9,2024,2.7,92.83,2024,12.9,2011,stale_commuting_context,4.8,2011,stale_commuting_context,9.6,2011,stale_commuting_context,57.2,2011,stale_commuting_context,,,,,,,,,3,42.9,TRUE,TRUE,TRUE,TRUE,FALSE,TRUE,0
IT008,Bari,IT,Italy,684089,2024,16.2,36.38018656662445,23.34,2025,63,9.07,2021,,,,,35.9,58.9,12.18,2024,5.7,59.62,2024,8.5,2011,stale_commuting_context,2.1,2011,stale_commuting_context,16,2011,stale_commuting_context,70.3,2011,stale_commuting_context,,,,,,,,,2,28.6,TRUE,TRUE,FALSE,TRUE,FALSE,FALSE,0
IT009,Bologna,IT,Italy,867584,2024,14.07,55.83161556623138,3.99,2025,98,24.16,2021,,,,,63.12,71.1,57.38,2024,4.6,68.87,2024,13.9,2011,stale_commuting_context,4.6,2011,stale_commuting_context,8.9,2011,stale_commuting_context,66.2,2011,stale_commuting_context,15.0,2023,51.88,2023,23.75,2023,31.87,2023,6,85.7,TRUE,TRUE,FALSE,TRUE,FALSE,FALSE,4
IT010,Catania,IT,Italy,826116,2024,27.16,36.54145405275247,22.45,2025,113,31.86,2021,,,,,4.96,47,2.95,2024,12.7,6.98,2024,3.8,2011,stale_commuting_context,0.3,2011,stale_commuting_context,10.1,2011,stale_commuting_context,79.3,2011,stale_commuting_context,,,,,,,,,2,28.6,TRUE,TRUE,FALSE,TRUE,FALSE,FALSE,0
IT011,Venezia,IT,Italy,545496,2024,9.39,69.91416950232436,0.89,2025,88,17.9,2021,32.36,90.9,32.36,2023,56.77,68.1,35.06,2024,3.8,78.49,2024,17.7,2011,stale_commuting_context,7.9,2011,stale_commuting_context,11.2,2011,stale_commuting_context,53,2011,stale_commuting_context,,,,,,,,,3,42.9,TRUE,TRUE,TRUE,TRUE,FALSE,TRUE,0
IT012,Verona,IT,Italy,559770,2024,9.15,66.48060936603852,1.77,2025,85,16.53,2021,,,,,71.8,70.2,49.45,2024,2.6,94.15,2024,5.5,2011,stale_commuting_context,5.5,2011,stale_commuting_context,8.8,2011,stale_commuting_context,73.4,2011,stale_commuting_context,27.5,2023,53.75,2023,26.88,2023,67.5,2023,6,85.7,TRUE,TRUE,FALSE,TRUE,FALSE,FALSE,4
IT014,Trento,IT,Italy,332371,2024,30.58,37.03522157220211,21.27,2025,126,39.89,2021,65.52,96.5,65.52,2023,,,,,,,,9.5,2011,stale_commuting_context,5.2,2011,stale_commuting_context,12.2,2011,stale_commuting_context,70,2011,stale_commuting_context,,,,,,,,,2,28.6,TRUE,TRUE,TRUE,FALSE,FALSE,FALSE,0
IT016,Perugia,IT,Italy,278849,2024,40.37,37.65383711225009,19.5,2025,158,61.24,2021,,,,,52.49,68.8,38.38,2024,4.8,66.6,2024,4.6,2011,stale_commuting_context,0.4,2011,stale_commuting_context,7.5,2011,stale_commuting_context,85.7,2011,stale_commuting_context,,,,,,,,,2,28.6,TRUE,TRUE,FALSE,TRUE,FALSE,FALSE,0
IT017,Ancona,IT,Italy,219280,2024,29.98,32.846325467188684,33.97,2025,102,26.0,2021,51.86,95,51.86,2023,,,,,,,,9.1,2011,stale_commuting_context,0.7,2011,stale_commuting_context,8.6,2011,stale_commuting_context,78.7,2011,stale_commuting_context,,,,,,,,,2,28.6,TRUE,TRUE,TRUE,FALSE,FALSE,FALSE,0
IT021,Taranto,IT,Italy,370618,2024,18.79,35.40036263258847,25.85,2025,71,11.72,2021,,,,,5.55,40.9,0.92,2024,10.8,10.19,2024,9.9,2011,stale_commuting_context,1,2011,stale_commuting_context,14.7,2011,stale_commuting_context,72.9,2011,stale_commuting_context,,,,,,,,,2,28.6,TRUE,TRUE,FALSE,TRUE,FALSE,FALSE,0
IT025,Sassari,IT,Italy,210092,2024,52.54,24.542785354793846,73.86,2025,112,31.22,2021,53.18,95.2,53.18,2023,,,,,,,,5.2,2011,stale_commuting_context,0.4,2011,stale_commuting_context,15.4,2011,stale_commuting_context,76.6,2011,stale_commuting_context,,,,,,,,,2,28.6,TRUE,TRUE,TRUE,FALSE,FALSE,FALSE,0
IT026,Cagliari,IT,Italy,493601,2024,27.63,29.277546894766395,47.56,2025,58,7.7,2021,72.68,97.2,72.68,2023,16.46,60,12.55,2024,8.9,20.38,2024,6.9,2011,stale_commuting_context,1.1,2011,stale_commuting_context,10.9,2011,stale_commuting_context,78.2,2011,stale_commuting_context,,,,,,,,,3,42.9,TRUE,TRUE,TRUE,TRUE,FALSE,TRUE,0
IT027,Padova,IT,Italy,562386,2024,20.38,79.13908638584589,0.15,2025,127,40.61,2021,,,,,77.89,72.5,61.62,2024,2.6,94.15,2024,6.8,2011,stale_commuting_context,8.8,2011,stale_commuting_context,6.1,2011,stale_commuting_context,71.2,2011,stale_commuting_context,,,,,,,,,2,28.6,TRUE,TRUE,FALSE,TRUE,FALSE,FALSE,0
IT028,Brescia,IT,Italy,480745,2024,18.86,54.79691065890523,4.73,2025,116,32.99,2021,,,,,60.78,66.9,31.37,2024,2.9,90.19,2024,6.3,2011,stale_commuting_context,6.1,2011,stale_commuting_context,7.8,2011,stale_commuting_context,76.2,2011,stale_commuting_context,,,,,,,,,2,28.6,TRUE,TRUE,FALSE,TRUE,FALSE,FALSE,0
IT029,Modena,IT,Italy,368986,2024,6.5,65.69614542586427,1.92,2025,70,11.08,2021,,,,,54.86,68.5,37.45,2024,4.3,72.26,2024,4.6,2011,stale_commuting_context,8,2011,stale_commuting_context,6.8,2011,stale_commuting_context,77.9,2011,stale_commuting_context,,,,,,,,,2,28.6,TRUE,TRUE,FALSE,TRUE,FALSE,FALSE,0
IT031,Salerno,IT,Italy,228681,2024,35.86,36.50068907173492,22.75,2025,140,48.96,2021,,,,,6.08,51.5,5.17,2024,12.7,6.98,2024,11.7,2011,stale_commuting_context,0.8,2011,stale_commuting_context,16.7,2011,stale_commuting_context,66.5,2011,stale_commuting_context,,,,,,,,,2,28.6,TRUE,TRUE,FALSE,TRUE,FALSE,FALSE,0
IT038,Pesaro,IT,Italy,127508,2024,18.31,36.47603010369108,22.9,2025,75,13.72,2021,75.73,97.4,75.73,2023,,,,,,,,3.9,2011,stale_commuting_context,9.1,2011,stale_commuting_context,6,2011,stale_commuting_context,73,2011,stale_commuting_context,,,,,,,,,2,28.6,TRUE,TRUE,TRUE,FALSE,FALSE,FALSE,0
IT042,Varese,IT,Italy,187803,2024,49.58,49.96454991787233,6.94,2025,235,92.22,2021,30.5,90.5,30.5,2023,,,,,,,,8.6,2011,stale_commuting_context,1.5,2011,stale_commuting_context,9.1,2011,stale_commuting_context,77.5,2011,stale_commuting_context,,,,,,,,,2,28.6,TRUE,TRUE,TRUE,FALSE,FALSE,FALSE,0
IT043,Asti,IT,Italy,111454,2024,3.83,67.35889597535918,1.48,2025,54,6.18,2021,15.52,81.4,15.52,2023,,,,,,,,7.4,2011,stale_commuting_context,1.4,2011,stale_commuting_context,15,2011,stale_commuting_context,74.1,2011,stale_commuting_context,,,,,,,,,2,28.6,TRUE,TRUE,TRUE,FALSE,FALSE,FALSE,0
IT064,Messina,IT,Italy,275924,2024,25.95,35.78563254544701,24.37,2025,105,27.53,2021,23.87,87.7,23.87,2023,2.23,46.8,2.58,2024,16.4,1.89,2024,8.5,2011,stale_commuting_context,0.5,2011,stale_commuting_context,13.1,2011,stale_commuting_context,68.6,2011,stale_commuting_context,,,,,,,,,3,42.9,TRUE,TRUE,TRUE,TRUE,FALSE,TRUE,0
IT065,Prato,IT,Italy,288458,2024,18.36,39.00399585066616,16.25,2025,92,20.47,2021,,,,,75.26,72.3,60.33,2024,2.9,90.19,2024,6.8,2011,stale_commuting_context,3,2011,stale_commuting_context,8.8,2011,stale_commuting_context,76.3,2011,stale_commuting_context,,,,,,,,,2,28.6,TRUE,TRUE,FALSE,TRUE,FALSE,FALSE,0
IT066,Parma,IT,Italy,368518,2024,7.88,60.949234435529696,2.51,2025,74,13.24,2021,,,,,60.73,70.5,52.58,2024,4.6,68.87,2024,5.8,2011,stale_commuting_context,9.9,2011,stale_commuting_context,8.5,2011,stale_commuting_context,71.9,2011,stale_commuting_context,,,,,,,,,2,28.6,TRUE,TRUE,FALSE,TRUE,FALSE,FALSE,0
IT068,Reggio nell'Emilia,IT,Italy,296352,2024,11.34,63.737041956633384,2.22,2025,92,20.47,2021,,,,,57.72,68.1,35.06,2024,3.6,80.38,2024,4.3,2011,stale_commuting_context,7.9,2011,stale_commuting_context,6.3,2011,stale_commuting_context,78.5,2011,stale_commuting_context,,,,,,,,,2,28.6,TRUE,TRUE,FALSE,TRUE,FALSE,FALSE,0
IT071,Rimini,IT,Italy,259877,2024,13.37,44.13195756993992,10.93,2025,84,15.81,2021,,,,,48.5,67.6,32.1,2024,4.9,64.91,2024,3.4,2011,stale_commuting_context,10.3,2011,stale_commuting_context,7.5,2011,stale_commuting_context,70.5,2011,stale_commuting_context,,,,,,,,,2,28.6,TRUE,TRUE,FALSE,TRUE,FALSE,FALSE,0
IT073,Bergamo,IT,Italy,548645,2024,28.16,50.18009865194457,6.65,2025,141,49.68,2021,,,,,67.25,68.1,35.06,2024,1.5,99.43,2024,6.2,2011,stale_commuting_context,4.5,2011,stale_commuting_context,8.7,2011,stale_commuting_context,72.3,2011,stale_commuting_context,,,,,,,,,2,28.6,TRUE,TRUE,FALSE,TRUE,FALSE,FALSE,0
IT079,Alessandria,IT,Italy,134382,2024,6.26,51.63040252793787,5.47,2025,57,7.06,2021,4.24,67.5,4.24,2023,,,,,,,,6.6,2011,stale_commuting_context,6.3,2011,stale_commuting_context,12.8,2011,stale_commuting_context,72.5,2011,stale_commuting_context,,,,,,,,,2,28.6,TRUE,TRUE,TRUE,FALSE,FALSE,FALSE,0
LT001,Vilnius,LT,Lithuania,1039279,2025,73.44,27.859721570420803,56.43,2025,229,90.45,2021,14.59,80.8,14.59,2023,70.53,77.5,86.16,2024,6.2,54.91,2024,,,,,,,,,,,,,57.5,2023,56.88,2023,53.75,2023,56.25,2023,7,100.0,TRUE,TRUE,TRUE,TRUE,TRUE,TRUE,4
LT002,Kaunas,LT,Lithuania,519221,2025,68.02,28.70186099853371,50.96,2025,210,85.07,2021,26.39,88.9,26.39,2023,69.61,79.4,92.8,2024,6.6,46.42,2024,,,,,,,,,,,,,,,,,,,,,3,42.9,TRUE,TRUE,TRUE,TRUE,FALSE,TRUE,0
LU001,Luxembourg,LU,Luxembourg,602556,2022,54.4,27.186332709616515,61.45,2025,138,47.35,2021,58.89,95.9,58.89,2023,42.7,68.2,36.16,2024,6.4,49.25,2024,,,,,,,,,,,,,90.0,2023,90.0,2023,97.5,2023,11.25,2023,7,100.0,TRUE,TRUE,TRUE,TRUE,TRUE,TRUE,4
LV001,Riga,LV,Latvia,1141385,2025,67.59,24.26306758170782,76.51,2025,154,58.67,2021,25.86,88.8,25.86,2023,59.8,73.3,66.97,2023,6.3,52.64,2023,27.9,2017,stale_commuting_context,4.1,2017,stale_commuting_context,16.8,2017,stale_commuting_context,,,,52.5,2023,11.25,2023,20.0,2023,33.75,2023,7,100.0,TRUE,TRUE,TRUE,TRUE,TRUE,TRUE,4
NL001,Amsterdam,NL,Netherlands,2980410,2025,56.3,25.28263556011924,70.46,2025,129,42.13,2021,37.14,92.3,37.14,2023,87.28,82.5,98.15,2023,4,76.42,2023,,,,,,,,,,,,,72.5,2023,55.0,2023,82.5,2023,15.0,2023,7,100.0,TRUE,TRUE,TRUE,TRUE,TRUE,TRUE,4
NL002,Alkmaar,NL,Netherlands,281743,2025,73.22,22.24383816332945,86.56,2025,156,59.87,2021,30.24,90.1,30.24,2023,86.57,80.7,94.65,2024,3.8,78.49,2024,,,,,,,,,,,,,,,,,,,,,3,42.9,TRUE,TRUE,TRUE,TRUE,FALSE,TRUE,0
NL008,Arnhem,NL,Netherlands,428463,2025,80.35,25.179441822264746,71.05,2025,225,89.65,2021,45.62,93.9,45.62,2023,90.86,82.9,99.45,2024,3.5,82.26,2024,,,,,,,,,,,,,,,,,,,,,3,42.9,TRUE,TRUE,TRUE,TRUE,FALSE,TRUE,0
NL011,Breda,NL,Netherlands,361464,2025,58.45,26.84461632153512,62.33,2025,147,54.57,2021,24.54,88.1,24.54,2023,92.02,82.3,97.05,2024,3.2,86.98,2024,,,,,,,,,,,,,,,,,,,,,3,42.9,TRUE,TRUE,TRUE,TRUE,FALSE,TRUE,0
NL014,Eindhoven,NL,Netherlands,853993,2025,56.55,28.978402566692445,49.78,2025,161,63.32,2021,31.43,90.7,31.43,2023,92.02,82.3,97.05,2024,3.2,86.98,2024,,,,,,,,,,,,,,,,,,,,,3,42.9,TRUE,TRUE,TRUE,TRUE,FALSE,TRUE,0
NL015,Enschede,NL,Netherlands,412816,2025,70.39,26.526011896114216,64.55,2025,189,76.24,2021,28.51,89.3,28.51,2023,91.81,82.6,98.71,2024,3.3,84.91,2024,,,,,,,,,,,,,,,,,,,,,3,42.9,TRUE,TRUE,TRUE,TRUE,FALSE,TRUE,0
NL017,'s-Gravenhage,NL,Netherlands,1236069,2025,50.18,26.681197215203866,63.52,2025,122,36.84,2021,58.89,95.9,58.89,2023,85.42,81.1,95.94,2023,4.1,74.91,2023,,,,,,,,,,,,,,,,,,,,,3,42.9,TRUE,TRUE,TRUE,TRUE,FALSE,TRUE,0
NL018,Groningen,NL,Netherlands,728025,2025,61.3,25.006868951863755,71.64,2025,143,50.96,2021,18.17,84.1,18.17,2023,79.46,78.7,90.04,2024,4.6,68.87,2024,,,,,,,,,,,,,95.0,2023,95.0,2023,46.25,2023,68.75,2023,7,100.0,TRUE,TRUE,TRUE,TRUE,TRUE,TRUE,4
NL022,Heerlen,NL,Netherlands,256062,2025,86.34,24.288767121344442,76.22,2025,270,96.47,2021,67.64,96.7,67.64,2023,88.85,79.4,92.8,2024,3.3,84.91,2024,,,,,,,,,,,,,,,,,,,,,3,42.9,TRUE,TRUE,TRUE,TRUE,FALSE,TRUE,0
NL025,'s-Hertogenbosch,NL,Netherlands,297370,2025,54.54,28.973267964617758,49.93,2025,155,59.15,2021,47.08,94,47.08,2023,92.39,82.4,97.79,2024,3.2,86.98,2024,,,,,,,,,,,,,,,,,,,,,3,42.9,TRUE,TRUE,TRUE,TRUE,FALSE,TRUE,0
NL029,Leiden,NL,Netherlands,371917,2025,48.38,30.479620360935584,42.98,2025,146,53.77,2021,53.18,95.2,53.18,2023,85.42,81.1,95.94,2023,4.1,74.91,2023,,,,,,,,,,,,,,,,,,,,,3,42.9,TRUE,TRUE,TRUE,TRUE,FALSE,TRUE,0
NL033,Nijmegen,NL,Netherlands,337861,2025,61.64,26.12003546602097,66.62,2025,151,56.66,2021,50.0,94.6,50.0,2023,90.86,82.9,99.45,2024,3.5,82.26,2024,,,,,,,,,,,,,,,,,,,,,3,42.9,TRUE,TRUE,TRUE,TRUE,FALSE,TRUE,0
NL037,Rotterdam,NL,Netherlands,1885110,2025,55.1,26.649651806648155,63.81,2025,137,46.39,2021,23.47,87.6,23.47,2023,85.42,81.1,95.94,2023,4.1,74.91,2023,,,,,,,,,,,,,59.38,2023,50.0,2023,71.25,2023,51.25,2023,7,100.0,TRUE,TRUE,TRUE,TRUE,TRUE,TRUE,4
NL041,Tilburg,NL,Netherlands,435500,2025,49.3,28.304149610994536,53.18,2025,135,45.43,2021,32.36,90.9,32.36,2023,92.02,82.3,97.05,2024,3.2,86.98,2024,,,,,,,,,,,,,,,,,,,,,3,42.9,TRUE,TRUE,TRUE,TRUE,FALSE,TRUE,0
NL042,Utrecht,NL,Netherlands,970860,2025,45.03,27.881605446303716,56.28,2025,117,33.79,2021,51.86,95,51.86,2023,91.13,84,100.0,2023,3.5,82.26,2023,,,,,,,,,,,,,,,,,,,,,3,42.9,TRUE,TRUE,TRUE,TRUE,FALSE,TRUE,0
NL047,Zwolle,NL,Netherlands,412489,2025,52.84,30.77418129091725,40.92,2025,165,64.77,2021,16.18,82,16.18,2023,91.14,82.6,98.71,2024,3.4,83.58,2024,,,,,,,,,,,,,,,,,,,,,3,42.9,TRUE,TRUE,TRUE,TRUE,FALSE,TRUE,0
NO001,Oslo,NO,Norway,1551008,2025,72.25,22.71940499382652,84.64,2025,156,59.87,2021,63.0,96.2,63.0,2023,80.88,78.1,88.19,2023,4.2,73.58,2023,29,2009,stale_commuting_context,6,2009,stale_commuting_context,12,2009,stale_commuting_context,51,2009,stale_commuting_context,86.25,2023,92.5,2023,78.75,2023,31.87,2023,7,100.0,TRUE,TRUE,TRUE,TRUE,TRUE,TRUE,4
NO002,Bergen,NO,Norway,435240,2025,97.73,15.893511168883025,96.9,2025,297,98.56,2021,56.76,95.7,56.76,2023,90.36,80,93.73,2024,3.2,86.98,2024,20,2009,stale_commuting_context,4,2009,stale_commuting_context,12,2009,stale_commuting_context,63,2009,stale_commuting_context,,,,,,,,,3,42.9,TRUE,TRUE,TRUE,TRUE,FALSE,TRUE,0
NO003,Trondheim,NO,Norway,282801,2025,90.67,10.97873972660752,99.41,2025,201,81.94,2021,58.89,95.9,58.89,2023,80.37,77.1,84.32,2024,4,76.42,2024,10,2009,stale_commuting_context,13,2009,stale_commuting_context,10,2009,stale_commuting_context,65,2009,stale_commuting_context,,,,,,,,,3,42.9,TRUE,TRUE,TRUE,TRUE,FALSE,TRUE,0
NO004,Stavanger,NO,Norway,343671,2025,87.7,16.58488000389305,96.6,2025,195,78.81,2021,54.11,95.3,54.11,2023,73.78,76.7,82.66,2024,4.9,64.91,2024,11,2009,stale_commuting_context,9,2009,stale_commuting_context,9,2009,stale_commuting_context,69,2009,stale_commuting_context,,,,,,,,,3,42.9,TRUE,TRUE,TRUE,TRUE,FALSE,TRUE,0
PL001,Warszawa,PL,Poland,3524612,2024,26.19,41.19436205243013,14.18,2025,124,38.2,2021,15.12,81.3,15.12,2023,93.02,79,91.88,2024,2.6,94.15,2024,,,,,,,,,,,,,71.25,2023,17.5,2023,69.38,2023,25.0,2023,7,100.0,TRUE,TRUE,TRUE,TRUE,TRUE,TRUE,4
PL002,Łódź,PL,Poland,1027819,2024,32.45,44.46150222284014,10.34,2025,147,54.57,2021,,,,,67.03,70.6,53.69,2024,3.6,80.38,2024,,,,,,,,,,,,,,,,,,,,,2,28.6,TRUE,TRUE,FALSE,TRUE,FALSE,FALSE,0
PL003,Kraków,PL,Poland,1456240,2024,33.49,48.689215131217146,7.83,2025,155,59.15,2021,6.9,71.5,6.9,2023,70.97,70.1,47.79,2024,2.6,94.15,2024,,,,,,,,,,,,,73.75,2023,32.5,2023,72.5,2023,41.25,2023,7,100.0,TRUE,TRUE,TRUE,TRUE,TRUE,TRUE,4
PL004,Wrocław,PL,Poland,1038107,2024,37.1,45.31178818624665,9.9,2025,163,64.29,2021,15.92,81.5,15.92,2023,76.94,73.9,70.3,2024,3.4,83.58,2024,,,,,,,,,,,,,,,,,,,,,3,42.9,TRUE,TRUE,TRUE,TRUE,FALSE,TRUE,0
PL005,Poznań,PL,Poland,992919,2024,45.61,42.17775124223465,12.41,2025,195,78.81,2021,16.98,83.4,16.98,2023,79.2,72.5,61.62,2024,2.3,96.79,2024,,,,,,,,,,,,,,,,,,,,,3,42.9,TRUE,TRUE,TRUE,TRUE,FALSE,TRUE,0
PL006,Gdańsk,PL,Poland,717743,2024,50.85,31.86747961415555,36.93,2025,165,64.77,2021,11.41,78.5,11.41,2023,81.34,72.9,64.94,2024,2.2,97.74,2024,,,,,,,,,,,,,80.0,2023,46.25,2023,55.0,2023,57.5,2023,7,100.0,TRUE,TRUE,TRUE,TRUE,TRUE,TRUE,4
PL007,Szczecin,PL,Poland,515242,2024,53.09,30.781575486138085,40.77,2025,166,65.41,2021,25.33,88.6,25.33,2023,74.27,70.9,56.64,2024,2.8,91.89,2024,,,,,,,,,,,,,,,,,,,,,3,42.9,TRUE,TRUE,TRUE,TRUE,FALSE,TRUE,0
PL008,Bydgoszcz,PL,Poland,545444,2024,38.4,38.25335968038872,18.61,2025,153,58.19,2021,9.81,77.2,9.81,2023,65.85,71.2,58.12,2024,4.2,73.58,2024,,,,,,,,,,,,,,,,,,,,,3,42.9,TRUE,TRUE,TRUE,TRUE,FALSE,TRUE,0
PL009,Lublin,PL,Poland,677413,2024,33.36,38.92649847953416,16.4,2025,142,50.32,2021,1.86,62.2,1.86,2023,65.88,70,46.86,2024,3.3,84.91,2024,,,,,,,,,,,,,,,,,,,,,3,42.9,TRUE,TRUE,TRUE,TRUE,FALSE,TRUE,0
PL010,Katowice,PL,Poland,1266834,2024,48.27,59.19592964873134,2.95,2025,240,93.58,2021,,,,,71.82,70.1,47.79,2024,2.4,95.85,2024,,,,,,,,,,,,,,,,,,,,,2,28.6,TRUE,TRUE,FALSE,TRUE,FALSE,FALSE,0
PL011,Białystok,PL,Poland,469829,2024,38.68,30.416998752291942,43.57,2025,117,33.79,2021,14.59,80.8,14.59,2023,70.72,70.5,52.58,2024,3,88.87,2024,,,,,,,,,,,,,93.75,2023,63.75,2023,65.62,2023,92.5,2023,7,100.0,TRUE,TRUE,TRUE,TRUE,TRUE,TRUE,4
PL012,Kielce,PL,Poland,393623,2024,40.02,39.824747821083115,15.51,2025,164,64.53,2021,,,,,58.98,69,39.48,2024,3.8,78.49,2024,,,,,,,,,,,,,,,,,,,,,2,28.6,TRUE,TRUE,FALSE,TRUE,FALSE,FALSE,0
PL013,Toruń,PL,Poland,323575,2024,41.87,40.94004318926351,14.48,2025,173,69.26,2021,,,,,65.85,71.2,58.12,2024,4.2,73.58,2024,,,,,,,,,,,,,,,,,,,,,2,28.6,TRUE,TRUE,FALSE,TRUE,FALSE,FALSE,0
PL014,Olsztyn,PL,Poland,268565,2024,38.63,33.66519264428622,30.87,2025,137,46.39,2021,10.61,77.7,10.61,2023,55.01,67.7,32.47,2024,3.9,77.55,2024,,,,,,,,,,,,,,,,,,,,,3,42.9,TRUE,TRUE,TRUE,TRUE,FALSE,TRUE,0
PL015,Rzeszów,PL,Poland,483729,2024,33.7,35.53696798425156,25.26,2025,129,42.13,2021,0.53,48,0.53,2023,51.62,65.1,23.99,2024,3.7,79.25,2024,,,,,,,,,,,,,,,,,,,,,3,42.9,TRUE,TRUE,TRUE,TRUE,FALSE,TRUE,0
PL020,Nowy Sącz,PL,Poland,262233,2024,44.2,41.66685327255582,13.44,2025,186,74.96,2021,,,,,71.8,70.2,49.45,2024,2.6,94.15,2024,,,,,,,,,,,,,,,,,,,,,2,28.6,TRUE,TRUE,FALSE,TRUE,FALSE,FALSE,0
PL024,Częstochowa,PL,Poland,380900,2024,50.01,49.53135625803601,7.24,2025,237,92.78,2021,,,,,71.82,70.1,47.79,2024,2.4,95.85,2024,,,,,,,,,,,,,,,,,,,,,2,28.6,TRUE,TRUE,FALSE,TRUE,FALSE,FALSE,0
PL025,Radom,PL,Poland,321439,2024,38.52,40.4552656511277,14.92,2025,159,62.12,2021,17.24,83.7,17.24,2023,66.59,70.3,50.92,2024,3.5,82.26,2024,,,,,,,,,,,,,,,,,,,,,3,42.9,TRUE,TRUE,TRUE,TRUE,FALSE,TRUE,0
PL058,Bielsko-Biała,PL,Poland,362688,2024,50.16,49.126806825139724,7.39,2025,238,92.94,2021,,,,,71.82,70.1,47.79,2024,2.4,95.85,2024,,,,,,,,,,,,,,,,,,,,,2,28.6,TRUE,TRUE,FALSE,TRUE,FALSE,FALSE,0
PT001,Lisboa,PT,Portugal,3163849,2024,36.16,28.26899390000819,53.77,2025,89,18.54,2021,,,,,50.76,73.2,66.05,2023,7.4,35.47,2023,24.9,2021,current,0.5,2021,current,16.4,2021,current,56.4,2021,current,41.25,2023,37.5,2023,18.75,2023,13.75,2023,6,85.7,TRUE,TRUE,FALSE,TRUE,FALSE,FALSE,4
PT002,Porto,PT,Portugal,1578389,2024,41.48,32.47426117330833,35.6,2025,138,47.35,2021,,,,,52.44,71.8,59.78,2024,6.7,45.09,2024,17.7,2021,current,0.4,2021,current,13.8,2021,current,66.7,2021,current,,,,,,,,,2,28.6,TRUE,TRUE,FALSE,TRUE,FALSE,FALSE,0
PT004,Funchal,PT,Portugal,234625,2024,67.3,18.215471881273523,95.42,2025,125,39.17,2021,6.63,71.4,6.63,2023,,,,,,,,19.2,2021,current,0,2021,current,13.1,2021,current,65.1,2021,current,,,,,,,,,2,28.6,TRUE,TRUE,TRUE,FALSE,FALSE,FALSE,0
PT005,Coimbra,PT,Portugal,277380,2024,51.75,30.643523682468278,42.25,2025,158,61.24,2021,,,,,65.72,73.8,69.37,2023,5.5,62.08,2023,12.7,2021,current,0.4,2021,current,10.6,2021,current,74.9,2021,current,,,,,,,,,2,28.6,TRUE,TRUE,FALSE,TRUE,FALSE,FALSE,0
RO001,Bucureşti,RO,Romania,3051258,2021,14.44,35.69902322911043,25.11,2025,47,3.77,2021,,,,,91.03,77.1,84.32,2024,2.2,97.74,2024,,,,,,,,,,,,,17.5,2023,13.75,2023,14.37,2023,71.25,2023,6,85.7,TRUE,TRUE,FALSE,TRUE,FALSE,FALSE,4
RO002,Cluj-Napoca,RO,Romania,486022,2021,23.56,34.97779730090705,27.62,2025,90,19.5,2021,,,,,46.8,65.8,24.72,2024,4.6,68.87,2024,,,,,,,,,,,,,77.5,2023,72.5,2023,52.5,2023,53.75,2023,6,85.7,TRUE,TRUE,FALSE,TRUE,FALSE,FALSE,4
RO003,Timişoara,RO,Romania,516162,2021,13.88,43.75512179675301,11.23,2025,85,16.53,2021,,,,,52.7,64.2,20.48,2024,3.3,84.91,2024,,,,,,,,,,,,,,,,,,,,,2,28.6,TRUE,TRUE,FALSE,TRUE,FALSE,FALSE,0
RO004,Craiova,RO,Romania,472885,2021,14.65,38.898972429318945,16.54,2025,73,12.76,2021,,,,,20.62,58.6,11.62,2024,7.8,29.62,2024,,,,,,,,,,,,,,,,,,,,,2,28.6,TRUE,TRUE,FALSE,TRUE,FALSE,FALSE,0
RO023,Constanţa,RO,Romania,553282,2021,15.75,35.311547540941476,26.29,2025,51,5.22,2021,,,,,10.93,56.9,9.04,2024,9.9,12.83,2024,,,,,,,,,,,,,,,,,,,,,2,28.6,TRUE,TRUE,FALSE,TRUE,FALSE,FALSE,0
RO024,Iaşi,RO,Romania,543752,2021,29.45,32.969636902192974,33.38,2025,100,25.52,2021,,,,,40.2,61.5,15.5,2024,4.9,64.91,2024,,,,,,,,,,,,,,,,,,,,,2,28.6,TRUE,TRUE,FALSE,TRUE,FALSE,FALSE,0
RO025,Galaţi,RO,Romania,309528,2021,20.0,38.25881817233762,18.32,2025,94,21.67,2021,,,,,10.93,56.9,9.04,2024,9.9,12.83,2024,,,,,,,,,,,,,,,,,,,,,2,28.6,TRUE,TRUE,FALSE,TRUE,FALSE,FALSE,0
RO026,Braşov,RO,Romania,462588,2021,21.98,38.02570028229097,18.91,2025,99,25.04,2021,,,,,45.17,62.9,18.08,2024,4.3,72.26,2024,,,,,,,,,,,,,,,,,,,,,2,28.6,TRUE,TRUE,FALSE,TRUE,FALSE,FALSE,0
RO027,Ploieşti,RO,Romania,468879,2021,13.12,41.82772830638313,13.0,2025,74,13.24,2021,,,,,28.56,63.2,18.45,2024,7.2,38.68,2024,,,,,,,,,,,,,,,,,,,,,2,28.6,TRUE,TRUE,FALSE,TRUE,FALSE,FALSE,0
SE001,Stockholm,SE,Sweden,2561978,2024,78.48,16.64322918821387,96.45,2025,157,60.51,2021,68.17,96.8,68.17,2023,55.53,77.5,86.16,2024,8.4,24.91,2024,34,2005,stale_commuting_context,6,2005,stale_commuting_context,11,2005,stale_commuting_context,48,2005,stale_commuting_context,87.5,2023,88.75,2023,93.75,2023,6.25,2023,7,100.0,TRUE,TRUE,TRUE,TRUE,TRUE,TRUE,4
SE002,Göteborg,SE,Sweden,1097407,2024,86.62,17.940864441386896,95.86,2025,192,77.37,2021,50.0,94.6,50.0,2023,50.9,75.7,79.34,2024,8.7,22.45,2024,15,2005,stale_commuting_context,12,2005,stale_commuting_context,10,2005,stale_commuting_context,61,2005,stale_commuting_context,,,,,,,,,3,42.9,TRUE,TRUE,TRUE,TRUE,FALSE,TRUE,0
SE003,Malmö,SE,Sweden,876786,2024,53.46,23.474087377462038,81.24,2025,101,25.68,2021,39.39,93,39.39,2023,43.87,74.5,74.91,2024,9.9,12.83,2024,15,2005,stale_commuting_context,17,2005,stale_commuting_context,7,2005,stale_commuting_context,60,2005,stale_commuting_context,64.38,2023,68.75,2023,91.25,2023,60.0,2023,7,100.0,TRUE,TRUE,TRUE,TRUE,TRUE,TRUE,4
SE006,Uppsala,SE,Sweden,326796,2024,75.73,9.655302480960357,99.85,2025,144,51.61,2021,32.36,90.9,32.36,2023,45.0,74.5,74.91,2024,9.3,15.09,2024,5,2005,stale_commuting_context,20,2005,stale_commuting_context,12,2005,stale_commuting_context,62,2005,stale_commuting_context,,,,,,,,,3,42.9,TRUE,TRUE,TRUE,TRUE,FALSE,TRUE,0
SE007,Linköping,SE,Sweden,261659,2024,89.4,13.460707259195534,98.38,2025,198,80.42,2021,19.1,84.8,19.1,2023,,,,,,,,11,2005,stale_commuting_context,16,2005,stale_commuting_context,10,2005,stale_commuting_context,61,2005,stale_commuting_context,,,,,,,,,2,28.6,TRUE,TRUE,TRUE,FALSE,FALSE,FALSE,0
SE008,Örebro,SE,Sweden,218186,2024,83.89,13.05746334996122,98.52,2025,173,69.26,2021,21.88,86.7,21.88,2023,,,,,,,,5,2005,stale_commuting_context,20,2005,stale_commuting_context,12,2005,stale_commuting_context,62,2005,stale_commuting_context,,,,,,,,,2,28.6,TRUE,TRUE,TRUE,FALSE,FALSE,FALSE,0
SI001,Osrednjeslovenska,SI,Slovenia,920388,2025,50.66,34.76714323652271,28.36,2025,181,72.95,2021,1.33,57.7,1.33,2023,72.72,73.6,67.9,2022,3.9,77.55,2022,7.3,2017,stale_commuting_context,,,,,,,78.3,2017,stale_commuting_context,97.5,2023,38.75,2023,60.0,2023,36.25,2023,7,100.0,TRUE,TRUE,TRUE,TRUE,TRUE,TRUE,4
SI002,Podravska,SI,Slovenia,262050,2025,29.89,34.9641171783943,27.92,2025,113,31.86,2021,,,,,56.42,70.2,49.45,2022,5.1,63.4,2022,,,,,,,,,,85.1,2017,stale_commuting_context,,,,,,,,,2,28.6,TRUE,TRUE,FALSE,TRUE,FALSE,FALSE,0
SK001,Bratislava,SK,Slovakia,1049696,2024,51.88,30.677407587077823,41.65,2025,159,62.12,2021,,,,,92.95,78.5,89.11,2024,2.3,96.79,2024,28.8,2021,current,3.9,2021,current,10.1,2021,current,55.4,2021,current,28.75,2023,7.5,2023,41.25,2023,12.5,2023,6,85.7,TRUE,TRUE,FALSE,TRUE,FALSE,FALSE,4
SK002,Košice,SK,Slovakia,372203,2024,38.42,31.59117435490987,37.67,2025,125,39.17,2021,,,,,26.17,66.7,29.89,2024,8.7,22.45,2024,31.9,2021,current,2.3,2021,current,11.6,2021,current,52.6,2021,current,25.0,2023,12.5,2023,41.25,2023,26.25,2023,6,85.7,TRUE,TRUE,FALSE,TRUE,FALSE,FALSE,4
TR001,Ankara,TR,Turkey,5246281,2024,1.9,71.42128358874676,0.59,2025,43,3.21,2021,,,,,10.48,54.9,7.01,2024,9.7,13.96,2024,,,,,,,,,,,,,53.75,2023,35.0,2023,16.88,2023,61.25,2023,6,85.7,TRUE,TRUE,FALSE,TRUE,FALSE,FALSE,4
TR002,Adana,TR,Turkey,1816750,2024,3.31,58.847331392480136,3.25,2025,44,3.37,2021,,,,,10.5,52.4,5.9,2024,9.3,15.09,2024,,,,,,,,,,,,,,,,,,,,,2,28.6,TRUE,TRUE,FALSE,TRUE,FALSE,FALSE,0
TR003,Antalya,TR,Turkey,1508134,2024,14.04,42.379062532104776,12.26,2025,84,15.81,2021,,,,,35.03,60.5,13.28,2024,6,56.79,2024,,,,,,,,,,,,,83.12,2023,22.5,2023,22.5,2023,81.25,2023,6,85.7,TRUE,TRUE,FALSE,TRUE,FALSE,FALSE,4
TR004,Balikesir,TR,Turkey,375778,2024,3.48,54.70717919191688,4.87,2025,36,2.09,2021,,,,,31.58,57.8,10.52,2024,6.3,52.64,2024,,,,,,,,,,,,,,,,,,,,,2,28.6,TRUE,TRUE,FALSE,TRUE,FALSE,FALSE,0
TR005,Bursa,TR,Turkey,2102169,2024,1.08,68.9080315447348,1.03,2025,31,1.12,2021,,,,,13.5,56.2,8.12,2024,9,18.87,2024,,,,,,,,,,,,,,,,,,,,,2,28.6,TRUE,TRUE,FALSE,TRUE,FALSE,FALSE,0
TR006,Denizli,TR,Turkey,691783,2024,8.59,48.49210812755127,8.12,2025,63,9.07,2021,,,,,17.9,57.8,10.52,2024,8.3,25.28,2024,,,,,,,,,,,,,,,,,,,,,2,28.6,TRUE,TRUE,FALSE,TRUE,FALSE,FALSE,0
TR007,Diyarbakir,TR,Turkey,1164940,2024,2.73,59.99539238525718,2.81,2025,39,2.65,2021,,,,,7.63,40.9,0.92,2024,9.4,14.34,2024,,,,,,,,,,,,,59.38,2023,82.5,2023,7.5,2023,88.75,2023,6,85.7,TRUE,TRUE,FALSE,TRUE,FALSE,FALSE,4
TR009,Erzurum,TR,Turkey,440546,2024,20.73,35.024409135061696,27.18,2025,78,14.29,2021,,,,,24.76,50.1,4.43,2024,6.7,45.09,2024,,,,,,,,,,,,,,,,,,,,,2,28.6,TRUE,TRUE,FALSE,TRUE,FALSE,FALSE,0
TR010,Gaziantep,TR,Turkey,1835508,2024,1.35,64.31934523528143,2.07,2025,27,0.64,2021,,,,,5.82,46.6,2.21,2024,10.9,9.43,2024,,,,,,,,,,,,,,,,,,,,,2,28.6,TRUE,TRUE,FALSE,TRUE,FALSE,FALSE,0
TR011,Hatay,TR,Turkey,440536,2024,8.32,58.18562826488896,3.4,2025,74,13.24,2021,,,,,5.71,49.8,3.87,2024,12,7.55,2024,,,,,,,,,,,,,,,,,,,,,2,28.6,TRUE,TRUE,FALSE,TRUE,FALSE,FALSE,0
TR012,Istanbul,TR,Turkey,13638945,2024,0.55,72.7018720198803,0.3,2025,30,0.8,2021,,,,,15.74,57.6,9.96,2024,8.8,21.51,2024,,,,,,,,,,,,,7.5,2023,1.25,2023,3.75,2023,3.75,2023,6,85.7,TRUE,TRUE,FALSE,TRUE,FALSE,FALSE,4
TR013,Izmir,TR,Turkey,2938292,2024,2.58,70.78994013728172,0.74,2025,49,4.41,2021,85.68,98.1,85.68,2023,9.13,57.1,9.59,2024,11.1,8.68,2024,,,,,,,,,,,,,,,,,,,,,3,42.9,TRUE,TRUE,TRUE,TRUE,FALSE,TRUE,0
TR016,Kayseri,TR,Turkey,1191072,2024,5.8,50.01240405008831,6.79,2025,50,4.82,2021,,,,,9.48,49.8,3.87,2024,9.3,15.09,2024,,,,,,,,,,,,,,,,,,,,,2,28.6,TRUE,TRUE,FALSE,TRUE,FALSE,FALSE,0
TR017,Kocaeli,TR,Turkey,653643,2024,11.22,67.56898058411232,1.33,2025,93,21.11,2021,49.34,94.5,49.34,2023,16.76,58,11.07,2024,8.7,22.45,2024,,,,,,,,,,,,,,,,,,,,,3,42.9,TRUE,TRUE,TRUE,TRUE,FALSE,TRUE,0
TR018,Konya,TR,Turkey,1433861,2024,10.2,40.73842801065699,14.62,2025,53,5.78,2021,,,,,17.11,51.9,5.54,2024,7.9,28.68,2024,,,,,,,,,,,,,,,,,,,,,2,28.6,TRUE,TRUE,FALSE,TRUE,FALSE,FALSE,0
TR019,Malatya,TR,Turkey,575158,2024,4.17,54.8093326666722,4.58,2025,47,3.77,2021,,,,,27.98,48.8,3.32,2024,6.3,52.64,2024,,,,,,,,,,,,,,,,,,,,,2,28.6,TRUE,TRUE,FALSE,TRUE,FALSE,FALSE,0
TR020,Manisa,TR,Turkey,435388,2024,2.35,58.985883468018535,3.1,2025,33,1.61,2021,,,,,26.79,56.6,8.49,2024,6.7,45.09,2024,,,,,,,,,,,,,,,,,,,,,2,28.6,TRUE,TRUE,FALSE,TRUE,FALSE,FALSE,0
TR022,Samsun,TR,Turkey,679803,2024,3.37,51.47812439343352,5.61,2025,31,1.12,2021,,,,,22.1,53.4,6.46,2024,7.3,37.74,2024,,,,,,,,,,,,,,,,,,,,,2,28.6,TRUE,TRUE,FALSE,TRUE,FALSE,FALSE,0
TR024,Trabzon,TR,Turkey,330836,2024,14.45,37.47648448372905,20.24,2025,61,8.67,2021,,,,,15.86,55.3,7.75,2024,8.6,23.96,2024,,,,,,,,,,,,,,,,,,,,,2,28.6,TRUE,TRUE,FALSE,TRUE,FALSE,FALSE,0
TR025,Van,TR,Turkey,522862,2024,5.75,49.54758074836472,7.09,2025,49,4.41,2021,,,,,1.31,39.5,0.37,2024,15.4,2.26,2024,,,,,,,,,,,,,,,,,,,,,2,28.6,TRUE,TRUE,FALSE,TRUE,FALSE,FALSE,0
UK001,London,UK,United Kingdom,12666099,2024,42.13,26.888539119002935,62.04,2025,95,22.23,2021,93.5,98.7,93.5,2023,,,,,,,,32.8,2021,current,4.2,2021,current,10.8,2021,current,48.4,2021,current,20.0,2023,42.5,2023,38.12,2023,28.75,2023,6,85.7,TRUE,TRUE,TRUE,FALSE,FALSE,FALSE,4
UK002,West Midlands urban area,UK,United Kingdom,3247941,2024,53.44,27.400329853670705,59.53,2025,138,47.35,2021,81.7,97.8,81.7,2023,,,,,,,,10.7,2021,current,1.5,2021,current,8.3,2021,current,76.1,2021,current,,,,,,,,,2,28.6,TRUE,TRUE,TRUE,FALSE,FALSE,FALSE,0
UK003,Leeds,UK,United Kingdom,3070506,2024,80.3,23.651648244773355,80.65,2025,197,79.94,2021,81.7,97.8,81.7,2023,,,,,,,,7.8,2021,current,1.6,2021,current,11.8,2021,current,75.1,2021,current,,,,,,,,,2,28.6,TRUE,TRUE,TRUE,FALSE,FALSE,FALSE,0
UK004,Glasgow,UK,United Kingdom,1895840,2024,81.12,18.148484148206226,95.72,2025,168,66.53,2021,88.99,98.4,88.99,2023,,,,,,,,15.3,2021,current,1.6,2021,current,8.5,2021,current,71.6,2021,current,45.0,2023,86.25,2023,45.0,2023,72.5,2023,6,85.7,TRUE,TRUE,TRUE,FALSE,FALSE,FALSE,4
UK006,Liverpool,UK,United Kingdom,1597536,2024,58.06,24.22228760561342,76.96,2025,125,39.17,2021,96.95,99.2,96.95,2023,,,,,,,,11.8,2021,current,2.4,2021,current,10.3,2021,current,71.6,2021,current,,,,,,,,,2,28.6,TRUE,TRUE,TRUE,FALSE,FALSE,FALSE,0
UK007,Edinburgh,UK,United Kingdom,932180,2024,63.77,20.339990415146914,92.32,2025,120,35.23,2021,93.5,98.7,93.5,2023,,,,,,,,21.4,2021,current,4.1,2021,current,14,2021,current,58.2,2021,current,,,,,,,,,2,28.6,TRUE,TRUE,TRUE,FALSE,FALSE,FALSE,0
UK008,Manchester,UK,United Kingdom,3595966,2024,65.8,26.55460186985193,64.25,2025,169,67.34,2021,93.5,98.7,93.5,2023,,,,,,,,9.5,2021,current,2.3,2021,current,10.9,2021,current,73.8,2021,current,23.75,2023,43.75,2023,51.25,2023,70.0,2023,6,85.7,TRUE,TRUE,TRUE,FALSE,FALSE,FALSE,4
UK009,Cardiff,UK,United Kingdom,939371,2024,61.34,24.162898877754078,77.25,2025,135,45.43,2021,74.27,97.3,74.27,2023,,,,,,,,6.9,2021,current,2.2,2021,current,10.2,2021,current,78.5,2021,current,51.25,2023,70.0,2023,85.62,2023,76.25,2023,6,85.7,TRUE,TRUE,TRUE,FALSE,FALSE,FALSE,4
UK010,Sheffield,UK,United Kingdom,1217504,2024,73.92,24.850395055398373,72.08,2025,188,75.76,2021,95.89,99.1,95.89,2023,,,,,,,,9,2021,current,1.4,2021,current,9.5,2021,current,77.2,2021,current,,,,,,,,,2,28.6,TRUE,TRUE,TRUE,FALSE,FALSE,FALSE,0
UK011,Bristol,UK,United Kingdom,1025309,2024,57.79,23.811113075811143,79.62,2025,121,35.96,2021,80.37,97.7,80.37,2023,,,,,,,,7.7,2021,current,5.6,2021,current,13.6,2021,current,70.3,2021,current,,,,,,,,,2,28.6,TRUE,TRUE,TRUE,FALSE,FALSE,FALSE,0
UK013,Newcastle upon Tyne,UK,United Kingdom,1221203,2024,67.89,19.689324607915964,93.65,2025,129,42.13,2021,68.17,96.8,68.17,2023,,,,,,,,11.7,2021,current,2.3,2021,current,11.1,2021,current,71.6,2021,current,50.0,2023,77.5,2023,88.12,2023,97.5,2023,6,85.7,TRUE,TRUE,TRUE,FALSE,FALSE,FALSE,4
UK014,Leicester,UK,United Kingdom,967988,2024,58.3,23.081561565754573,83.6,2025,116,32.99,2021,38.73,92.9,38.73,2023,,,,,,,,5.7,2021,current,3.3,2021,current,12.3,2021,current,75.6,2021,current,,,,,,,,,2,28.6,TRUE,TRUE,TRUE,FALSE,FALSE,FALSE,0
UK016,Aberdeen,UK,United Kingdom,496860,2024,70.11,15.622705501389438,97.05,2025,131,43.18,2021,25.86,88.8,25.86,2023,,,,,,,,6.7,2021,current,1.6,2021,current,12.1,2021,current,74,2021,current,,,,,,,,,2,28.6,TRUE,TRUE,TRUE,FALSE,FALSE,FALSE,0
UK017,Cambridge,UK,United Kingdom,414802,2024,62.12,24.083137371013958,77.84,2025,137,46.39,2021,39.39,93,39.39,2023,,,,,,,,6.1,2021,current,14.6,2021,current,10.7,2021,current,65.7,2021,current,,,,,,,,,2,28.6,TRUE,TRUE,TRUE,FALSE,FALSE,FALSE,0
UK018,Exeter,UK,United Kingdom,520179,2024,65.59,24.38749545245712,75.48,2025,149,55.7,2021,35.68,91.7,35.68,2023,,,,,,,,4.7,2021,current,3.3,2021,current,14.9,2021,current,74.5,2021,current,,,,,,,,,2,28.6,TRUE,TRUE,TRUE,FALSE,FALSE,FALSE,0
UK019,Lincoln,UK,United Kingdom,326790,2024,71.49,22.717369355218366,84.79,2025,153,58.19,2021,34.22,91.2,34.22,2023,,,,,,,,3,2021,current,3.5,2021,current,12.2,2021,current,78.8,2021,current,,,,,,,,,2,28.6,TRUE,TRUE,TRUE,FALSE,FALSE,FALSE,0
UK021,Stevenage,UK,United Kingdom,91774,2024,60.58,23.385238975869385,81.98,2025,125,39.17,2021,100.0,100,100.0,2023,,,,,,,,8.4,2021,current,2.7,2021,current,11,2021,current,74.8,2021,current,,,,,,,,,2,28.6,TRUE,TRUE,TRUE,FALSE,FALSE,FALSE,0
UK023,Portsmouth,UK,United Kingdom,539655,2024,51.68,25.390564658755277,69.57,2025,117,33.79,2021,95.89,99.1,95.89,2023,,,,,,,,6.4,2021,current,5.5,2021,current,11.8,2021,current,72.3,2021,current,,,,,,,,,2,28.6,TRUE,TRUE,TRUE,FALSE,FALSE,FALSE,0
UK024,Worcester,UK,United Kingdom,189898,2024,65.39,24.51202428471027,74.59,2025,150,56.18,2021,33.55,91.1,33.55,2023,,,,,,,,3.5,2021,current,2.9,2021,current,13.1,2021,current,78.3,2021,current,,,,,,,,,2,28.6,TRUE,TRUE,TRUE,FALSE,FALSE,FALSE,0
UK025,Coventry,UK,United Kingdom,787858,2024,62.72,23.351442863693354,82.27,2025,131,43.18,2021,84.48,98,84.48,2023,,,,,,,,7.3,2021,current,2.7,2021,current,10.5,2021,current,76.4,2021,current,,,,,,,,,2,28.6,TRUE,TRUE,TRUE,FALSE,FALSE,FALSE,0
UK026,Kingston upon Hull,UK,United Kingdom,631285,2024,60.03,21.603524796945567,89.96,2025,109,30.1,2021,47.08,94,47.08,2023,,,,,,,,5.5,2021,current,5.6,2021,current,10.4,2021,current,75.5,2021,current,,,,,,,,,2,28.6,TRUE,TRUE,TRUE,FALSE,FALSE,FALSE,0
UK027,Stoke-on-Trent,UK,United Kingdom,494803,2024,76.48,23.318288602168284,82.42,2025,175,70.55,2021,63.79,96.3,63.79,2023,,,,,,,,3.4,2021,current,1.5,2021,current,9.5,2021,current,80.9,2021,current,,,,,,,,,2,28.6,TRUE,TRUE,TRUE,FALSE,FALSE,FALSE,0
UK029,Nottingham,UK,United Kingdom,936382,2024,71.61,18.56940390770149,94.98,2025,139,48.23,2021,78.78,97.6,78.78,2023,,,,,,,,11.2,2021,current,3,2021,current,10.7,2021,current,72.1,2021,current,,,,,,,,,2,28.6,TRUE,TRUE,TRUE,FALSE,FALSE,FALSE,0
UK031,Bath and North East Somerset,UK,United Kingdom,200028,2024,74.77,23.171598768287588,83.01,2025,168,66.53,2021,38.2,92.5,38.2,2023,,,,,,,,6.8,2021,current,3.1,2021,current,17.8,2021,current,69.5,2021,current,,,,,,,,,2,28.6,TRUE,TRUE,TRUE,FALSE,FALSE,FALSE,0
UK033,Guildford,UK,United Kingdom,285643,2024,79.98,25.292708880577905,70.31,2025,225,89.65,2021,42.84,93.7,42.84,2023,,,,,,,,6.7,2021,current,2.5,2021,current,13.6,2021,current,74.2,2021,current,,,,,,,,,2,28.6,TRUE,TRUE,TRUE,FALSE,FALSE,FALSE,0
UK034,Thanet,UK,United Kingdom,142691,2024,43.39,25.74842232308264,68.24,2025,89,18.54,2021,88.99,98.4,88.99,2023,,,,,,,,8,2021,current,2.7,2021,current,12.9,2021,current,72.9,2021,current,,,,,,,,,2,28.6,TRUE,TRUE,TRUE,FALSE,FALSE,FALSE,0
UK041,Ashford,UK,United Kingdom,140936,2024,69.47,26.17695977113825,66.32,2025,180,72.63,2021,29.18,89.7,29.18,2023,,,,,,,,6.4,2021,current,2.7,2021,current,10.2,2021,current,78.5,2021,current,,,,,,,,,2,28.6,TRUE,TRUE,TRUE,FALSE,FALSE,FALSE,0
UK043,East Staffordshire,UK,United Kingdom,129659,2024,66.58,22.523809944417472,85.82,2025,138,47.35,2021,22.28,86.9,22.28,2023,,,,,,,,2.2,2021,current,2.9,2021,current,12.2,2021,current,78.8,2021,current,,,,,,,,,2,28.6,TRUE,TRUE,TRUE,FALSE,FALSE,FALSE,0
UK044,Darlington,UK,United Kingdom,112489,2024,66.41,18.341604491116616,95.27,2025,123,37.56,2021,69.63,97,69.63,2023,,,,,,,,4.9,2021,current,2.6,2021,current,13.3,2021,current,75.6,2021,current,,,,,,,,,2,28.6,TRUE,TRUE,TRUE,FALSE,FALSE,FALSE,0
UK045,Worthing,UK,United Kingdom,113866,2024,53.09,20.710612258632615,91.58,2025,79,14.61,2021,99.47,99.8,99.47,2023,,,,,,,,6.8,2021,current,4.8,2021,current,15.8,2021,current,69.8,2021,current,,,,,,,,,2,28.6,TRUE,TRUE,TRUE,FALSE,FALSE,FALSE,0
UK046,Mansfield,UK,United Kingdom,113138,2024,70.34,21.90375944948439,89.07,2025,144,51.61,2021,99.2,99.7,99.2,2023,,,,,,,,4.8,2021,current,1.4,2021,current,7.8,2021,current,82.8,2021,current,,,,,,,,,2,28.6,TRUE,TRUE,TRUE,FALSE,FALSE,FALSE,0
UK047,Chesterfield,UK,United Kingdom,106045,2024,75.32,22.672066210440388,85.23,2025,166,65.41,2021,98.28,99.5,98.28,2023,,,,,,,,6.2,2021,current,1.2,2021,current,10.4,2021,current,78.9,2021,current,,,,,,,,,2,28.6,TRUE,TRUE,TRUE,FALSE,FALSE,FALSE,0
UK050,Burnley,UK,United Kingdom,199010,2024,85.05,22.110180815650285,87.59,2025,203,82.5,2021,90.58,98.5,90.58,2023,,,,,,,,4.9,2021,current,1.1,2021,current,13.3,2021,current,76,2021,current,,,,,,,,,2,28.6,TRUE,TRUE,TRUE,FALSE,FALSE,FALSE,0
UK051,Great Yarmouth,UK,United Kingdom,100529,2024,52.92,23.43975187886804,81.68,2025,98,24.16,2021,74.27,97.3,74.27,2023,,,,,,,,5.7,2021,current,3.7,2021,current,12.6,2021,current,73.9,2021,current,,,,,,,,,2,28.6,TRUE,TRUE,TRUE,FALSE,FALSE,FALSE,0
UK055,Eastbourne,UK,United Kingdom,104259,2024,49.59,26.573190404434747,63.96,2025,120,35.23,2021,98.28,99.5,98.28,2023,,,,,,,,8.2,2021,current,3.1,2021,current,15.7,2021,current,69.6,2021,current,,,,,,,,,2,28.6,TRUE,TRUE,TRUE,FALSE,FALSE,FALSE,0
UK056,Hastings,UK,United Kingdom,187352,2024,69.66,25.27614065667961,70.61,2025,171,68.7,2021,54.11,95.3,54.11,2023,,,,,,,,6.3,2021,current,1.6,2021,current,13.1,2021,current,75,2021,current,,,,,,,,,2,28.6,TRUE,TRUE,TRUE,FALSE,FALSE,FALSE,0
UK059,Redditch,UK,United Kingdom,87847,2024,79.12,24.387847701776362,75.33,2025,204,82.91,2021,85.68,98.1,85.68,2023,,,,,,,,4.9,2021,current,1.8,2021,current,8.1,2021,current,82.2,2021,current,,,,,,,,,2,28.6,TRUE,TRUE,TRUE,FALSE,FALSE,FALSE,0
UK062,Halton,UK,United Kingdom,131543,2024,79.52,24.19374131429025,77.1,2025,201,81.94,2021,84.48,98,84.48,2023,,,,,,,,5.5,2021,current,2.7,2021,current,9.7,2021,current,79.3,2021,current,,,,,,,,,2,28.6,TRUE,TRUE,TRUE,FALSE,FALSE,FALSE,0
UK506,Doncaster,UK,United Kingdom,319765,2024,73.03,21.18735236025788,90.84,2025,148,55.22,2021,85.68,98.1,85.68,2023,,,,,,,,6.7,2021,current,2.2,2021,current,8.7,2021,current,79.3,2021,current,,,,,,,,,2,28.6,TRUE,TRUE,TRUE,FALSE,FALSE,FALSE,0
UK510,Sunderland,UK,United Kingdom,288606,2024,69.97,21.100930904405143,90.99,2025,140,48.96,2021,97.75,99.4,97.75,2023,,,,,,,,10.5,2021,current,1.7,2021,current,9.8,2021,current,75.1,2021,current,,,,,,,,,2,28.6,TRUE,TRUE,TRUE,FALSE,FALSE,FALSE,0
UK513,Medway,UK,United Kingdom,292655,2024,56.75,24.134521701983005,77.55,2025,121,35.96,2021,95.09,98.9,95.09,2023,,,,,,,,8.9,2021,current,1,2021,current,9.7,2021,current,77.2,2021,current,,,,,,,,,2,28.6,TRUE,TRUE,TRUE,FALSE,FALSE,FALSE,0
UK515,Brighton and Hove,UK,United Kingdom,451122,2024,42.61,25.78113105647731,67.95,2025,86,17.26,2021,95.09,98.9,95.09,2023,,,,,,,,14.3,2021,current,5.2,2021,current,19.5,2021,current,57.5,2021,current,,,,,,,,,2,28.6,TRUE,TRUE,TRUE,FALSE,FALSE,FALSE,0
UK516,Plymouth,UK,United Kingdom,423138,2024,75.08,21.919380222339413,88.92,2025,158,61.24,2021,42.84,93.7,42.84,2023,,,,,,,,6.5,2021,current,2.3,2021,current,13,2021,current,74.2,2021,current,,,,,,,,,2,28.6,TRUE,TRUE,TRUE,FALSE,FALSE,FALSE,0
UK517,Swansea,UK,United Kingdom,394553,2024,92.83,20.312913520507347,92.47,2025,239,93.18,2021,78.78,97.6,78.78,2023,,,,,,,,3.9,2021,current,1.4,2021,current,8.4,2021,current,83.7,2021,current,,,,,,,,,2,28.6,TRUE,TRUE,TRUE,FALSE,FALSE,FALSE,0
UK518,Derby,UK,United Kingdom,522093,2024,72.75,21.621905178485644,89.81,2025,149,55.7,2021,72.68,97.2,72.68,2023,,,,,,,,5.3,2021,current,2.3,2021,current,10.3,2021,current,78.9,2021,current,,,,,,,,,2,28.6,TRUE,TRUE,TRUE,FALSE,FALSE,FALSE,0
UK520,Southampton,UK,United Kingdom,713674,2024,68.6,24.98693095992153,71.79,2025,166,65.41,2021,60.48,96,60.48,2023,,,,,,,,5.8,2021,current,3.3,2021,current,11.9,2021,current,76,2021,current,,,,,,,,,2,28.6,TRUE,TRUE,TRUE,FALSE,FALSE,FALSE,0
UK525,Milton Keynes,UK,United Kingdom,305884,2024,75.22,25.310139220427857,70.01,2025,198,80.42,2021,52.39,95.1,52.39,2023,,,,,,,,7.3,2021,current,3.1,2021,current,8,2021,current,76.4,2021,current,,,,,,,,,2,28.6,TRUE,TRUE,TRUE,FALSE,FALSE,FALSE,0
UK528,Northampton,UK,United Kingdom,439811,2024,63.25,25.593995055111534,69.13,2025,152,57.38,2021,30.77,90.6,30.77,2023,,,,,,,,5.9,2021,current,2.2,2021,current,9.8,2021,current,79.6,2021,current,,,,,,,,,2,28.6,TRUE,TRUE,TRUE,FALSE,FALSE,FALSE,0
UK531,Warrington,UK,United Kingdom,215391,2024,71.67,24.837476719051814,72.23,2025,176,71.11,2021,88.99,98.4,88.99,2023,,,,,,,,4,2021,current,3.6,2021,current,8,2021,current,81.5,2021,current,,,,,,,,,2,28.6,TRUE,TRUE,TRUE,FALSE,FALSE,FALSE,0
UK532,Luton,UK,United Kingdom,239090,2024,50.63,20.60213676526948,91.88,2025,64,9.39,2021,99.73,99.9,99.73,2023,,,,,,,,12.3,2021,current,1.4,2021,current,11.6,2021,current,70.1,2021,current,,,,,,,,,2,28.6,TRUE,TRUE,TRUE,FALSE,FALSE,FALSE,0
UK533,York,UK,United Kingdom,209301,2024,61.86,21.850802663242494,89.22,2025,118,34.51,2021,90.58,98.5,90.58,2023,,,,,,,,6.2,2021,current,11.3,2021,current,18.5,2021,current,61.3,2021,current,,,,,,,,,2,28.6,TRUE,TRUE,TRUE,FALSE,FALSE,FALSE,0
UK535,Swindon,UK,United Kingdom,243875,2024,57.49,24.04884381199038,78.14,2025,122,36.84,2021,96.95,99.2,96.95,2023,,,,,,,,8.8,2021,current,4,2021,current,9.2,2021,current,74.9,2021,current,,,,,,,,,2,28.6,TRUE,TRUE,TRUE,FALSE,FALSE,FALSE,0
UK539,Bournemouth,UK,United Kingdom,408967,2024,57.02,25.791450908745755,67.65,2025,137,46.39,2021,64.46,96.4,64.46,2023,,,,,,,,7.2,2021,current,4.6,2021,current,11.8,2021,current,73.3,2021,current,,,,,,,,,2,28.6,TRUE,TRUE,TRUE,FALSE,FALSE,FALSE,0
UK542,Telford and Wrekin,UK,United Kingdom,195952,2024,88.49,22.47334652387447,85.97,2025,231,91.01,2021,61.8,96.1,61.8,2023,,,,,,,,2.6,2021,current,2,2021,current,7.9,2021,current,82.1,2021,current,,,,,,,,,2,28.6,TRUE,TRUE,TRUE,FALSE,FALSE,FALSE,0
UK543,North East Lincolnshire,UK,United Kingdom,159911,2024,59.42,22.77222601960917,84.34,2025,118,34.51,2021,60.48,96,60.48,2023,,,,,,,,4.1,2021,current,5.8,2021,current,10.7,2021,current,76.3,2021,current,,,,,,,,,2,28.6,TRUE,TRUE,TRUE,FALSE,FALSE,FALSE,0
UK545,Peterborough,UK,United Kingdom,223655,2024,71.66,24.403211387106214,75.18,2025,170,68.14,2021,68.97,96.9,68.97,2023,,,,,,,,6.2,2021,current,5,2021,current,10.1,2021,current,73.6,2021,current,,,,,,,,,2,28.6,TRUE,TRUE,TRUE,FALSE,FALSE,FALSE,0
UK546,Colchester,UK,United Kingdom,356981,2024,72.08,24.223268351111802,76.81,2025,169,67.34,2021,70.82,97.1,70.82,2023,,,,,,,,6.2,2021,current,3,2021,current,11.9,2021,current,76.2,2021,current,,,,,,,,,2,28.6,TRUE,TRUE,TRUE,FALSE,FALSE,FALSE,0
UK548,Basingstoke and Deane,UK,United Kingdom,193110,2024,65.03,24.142326883254263,77.4,2025,145,52.65,2021,50.66,94.8,50.66,2023,,,,,,,,6.1,2021,current,2.4,2021,current,11.9,2021,current,77,2021,current,,,,,,,,,2,28.6,TRUE,TRUE,TRUE,FALSE,FALSE,FALSE,0
UK549,Bedford,UK,United Kingdom,194976,2024,59.46,24.533420971083647,74.3,2025,133,44.62,2021,64.46,96.4,64.46,2023,,,,,,,,5.2,2021,current,4.1,2021,current,11.1,2021,current,75.9,2021,current,,,,,,,,,2,28.6,TRUE,TRUE,TRUE,FALSE,FALSE,FALSE,0
UK550,Dundee City,UK,United Kingdom,264690,2024,79.05,14.109967839962449,98.23,2025,156,59.87,2021,58.89,95.9,58.89,2023,,,,,,,,9.4,2021,current,1.5,2021,current,12.6,2021,current,73.5,2021,current,,,,,,,,,2,28.6,TRUE,TRUE,TRUE,FALSE,FALSE,FALSE,0
UK551,Falkirk,UK,United Kingdom,160020,2024,88.3,14.487653848054931,97.78,2025,195,78.81,2021,90.58,98.5,90.58,2023,,,,,,,,8.1,2021,current,1.2,2021,current,6.7,2021,current,81.7,2021,current,,,,,,,,,2,28.6,TRUE,TRUE,TRUE,FALSE,FALSE,FALSE,0
UK552,Reading,UK,United Kingdom,370107,2024,60.59,25.671540252143885,68.54,2025,145,52.65,2021,39.39,93,39.39,2023,,,,,,,,12.2,2021,current,3.6,2021,current,13.9,2021,current,67.7,2021,current,,,,,,,,,2,28.6,TRUE,TRUE,TRUE,FALSE,FALSE,FALSE,0
UK553,Blackpool,UK,United Kingdom,348381,2024,61.48,22.416195007853453,86.12,2025,122,36.84,2021,72.68,97.2,72.68,2023,,,,,,,,6.1,2021,current,2.6,2021,current,11.7,2021,current,76,2021,current,,,,,,,,,2,28.6,TRUE,TRUE,TRUE,FALSE,FALSE,FALSE,0
UK554,Maidstone,UK,United Kingdom,187767,2024,66.4,23.8489734119661,79.03,2025,146,53.77,2021,49.34,94.5,49.34,2023,,,,,,,,6.6,2021,current,1.3,2021,current,11.1,2021,current,78.5,2021,current,,,,,,,,,2,28.6,TRUE,TRUE,TRUE,FALSE,FALSE,FALSE,0
UK556,Dacorum,UK,United Kingdom,161420,2024,70.61,22.125857430942663,87.44,2025,146,53.77,2021,74.27,97.3,74.27,2023,,,,,,,,6.3,2021,current,1.3,2021,current,11.2,2021,current,78.2,2021,current,,,,,,,,,2,28.6,TRUE,TRUE,TRUE,FALSE,FALSE,FALSE,0
UK557,Blackburn with Darwen,UK,United Kingdom,314392,2024,77.83,22.964415377567608,83.75,2025,178,71.91,2021,68.97,96.9,68.97,2023,,,,,,,,3.7,2021,current,1,2021,current,11,2021,current,79.6,2021,current,,,,,,,,,2,28.6,TRUE,TRUE,TRUE,FALSE,FALSE,FALSE,0
UK558,Newport,UK,United Kingdom,262018,2024,84.08,24.570101798279886,73.71,2025,247,94.46,2021,68.97,96.9,68.97,2023,,,,,,,,4.6,2021,current,1.4,2021,current,8.3,2021,current,82.4,2021,current,,,,,,,,,2,28.6,TRUE,TRUE,TRUE,FALSE,FALSE,FALSE,0
UK559,Middlesbrough,UK,United Kingdom,600369,2024,82.98,20.675868478033706,91.73,2025,184,74.24,2021,70.82,97.1,70.82,2023,,,,,,,,4.9,2021,current,1.9,2021,current,9.3,2021,current,79.3,2021,current,,,,,,,,,2,28.6,TRUE,TRUE,TRUE,FALSE,FALSE,FALSE,0
UK560,Oxford,UK,United Kingdom,606748,2024,70.63,23.467465106720653,81.39,2025,156,59.87,2021,42.84,93.7,42.84,2023,,,,,,,,7.6,2021,current,7.5,2021,current,14.5,2021,current,67.9,2021,current,,,,,,,,,2,28.6,TRUE,TRUE,TRUE,FALSE,FALSE,FALSE,0
UK561,Torbay,UK,United Kingdom,140126,2024,78.25,22.77299688724611,84.19,2025,179,72.31,2021,98.81,99.6,98.81,2023,,,,,,,,5,2021,current,1.5,2021,current,15.9,2021,current,74,2021,current,,,,,,,,,2,28.6,TRUE,TRUE,TRUE,FALSE,FALSE,FALSE,0
UK562,Preston,UK,United Kingdom,278977,2024,73.22,24.000021790645558,78.29,2025,170,68.14,2021,92.04,98.6,92.04,2023,,,,,,,,7,2021,current,2.4,2021,current,10.5,2021,current,77.4,2021,current,,,,,,,,,2,28.6,TRUE,TRUE,TRUE,FALSE,FALSE,FALSE,0
UK566,Norwich,UK,United Kingdom,433787,2024,70.06,23.899619129660472,78.88,2025,158,61.24,2021,40.98,93.3,40.98,2023,,,,,,,,4.5,2021,current,5,2021,current,11.5,2021,current,75.9,2021,current,,,,,,,,,2,28.6,TRUE,TRUE,TRUE,FALSE,FALSE,FALSE,0
UK567,Slough,UK,United Kingdom,167359,2024,35.16,26.962519224419747,61.89,2025,60,8.43,2021,47.08,94,47.08,2023,,,,,,,,11.3,2021,current,2.8,2021,current,10.6,2021,current,71.1,2021,current,,,,,,,,,2,28.6,TRUE,TRUE,TRUE,FALSE,FALSE,FALSE,0
UK568,Cheshire West and Chester,UK,United Kingdom,527519,2024,83.93,22.033972511831777,88.33,2025,196,79.53,2021,39.39,93,39.39,2023,,,,,,,,3.6,2021,current,2.6,2021,current,9.5,2021,current,81.7,2021,current,,,,,,,,,2,28.6,TRUE,TRUE,TRUE,FALSE,FALSE,FALSE,0
UK569,Ipswich,UK,United Kingdom,486971,2024,54.17,24.828903732441592,72.38,2025,121,35.96,2021,44.3,93.8,44.3,2023,,,,,,,,3.5,2021,current,4,2021,current,11.9,2021,current,77.7,2021,current,,,,,,,,,2,28.6,TRUE,TRUE,TRUE,FALSE,FALSE,FALSE,0
UK571,Cheltenham,UK,United Kingdom,223688,2024,68.64,24.58464739423319,73.41,2025,162,63.88,2021,66.84,96.6,66.84,2023,,,,,,,,4.6,2021,current,5.1,2021,current,14.3,2021,current,74,2021,current,,,,,,,,,2,28.6,TRUE,TRUE,TRUE,FALSE,FALSE,FALSE,0
UK572,Gloucester,UK,United Kingdom,138598,2024,49.45,25.71315778741108,68.39,2025,110,30.5,2021,96.95,99.2,96.95,2023,,,,,,,,6.1,2021,current,4.4,2021,current,11.9,2021,current,75.4,2021,current,,,,,,,,,2,28.6,TRUE,TRUE,TRUE,FALSE,FALSE,FALSE,0
UK573,Bracknell Forest,UK,United Kingdom,130806,2024,75.6,26.449633903000066,64.84,2025,215,86.36,2021,6.37,71.2,6.37,2023,,,,,,,,4.5,2021,current,2.3,2021,current,9.4,2021,current,81.1,2021,current,,,,,,,,,2,28.6,TRUE,TRUE,TRUE,FALSE,FALSE,FALSE,0
UK576,Crawley,UK,United Kingdom,124008,2024,70.43,25.40730807256915,69.42,2025,177,71.43,2021,95.89,99.1,95.89,2023,,,,,,,,15.4,2021,current,2.5,2021,current,8.5,2021,current,70.5,2021,current,,,,,,,,,2,28.6,TRUE,TRUE,TRUE,FALSE,FALSE,FALSE,0
UK580,Rushmoor,UK,United Kingdom,105751,2024,69.54,26.292268935608046,65.73,2025,182,73.35,2021,78.78,97.6,78.78,2023,,,,,,,,7.4,2021,current,2.4,2021,current,10.2,2021,current,77.4,2021,current,,,,,,,,,2,28.6,TRUE,TRUE,TRUE,FALSE,FALSE,FALSE,0
